Category,Prediction,Images,Mean,Median,Std,Minimum,Maximum,Mean Normalized Score
bottle,Anomaly,2,0.1067555546760559,0.1067555546760559,0.0007279076839195,0.1062408462166786,0.1072702631354332,1.005559654401872
bottle,Normal,81,0.1028402975679915,0.1033644080162048,0.0024417325215323,0.0916092172265052,0.1055949628353118,0.9686807810127884
capsule,Anomaly,2,0.0674053430557251,0.0674053430557251,0.0003578267438574,0.0671523213386535,0.0676583647727966,1.0208009655343666
capsule,Normal,130,0.0594755131178177,0.0606029536575078,0.0029541474211347,0.0518597178161144,0.0652755573391914,0.9007099209646938
hazelnut,Anomaly,9,0.0092440311693482,0.0090058036148548,0.0007481332849842,0.0084872161969542,0.010548229329288,1.1011073089606862
hazelnut,Normal,101,0.004629889735952,0.0043727750889956,0.0010139271758268,0.0032602865248918,0.0078772259876132,0.5514915878738043
metal_nut,Normal,115,0.0155821547317116,0.0153142735362052,0.0018651829096758,0.010933700017631,0.0221538562327623,0.6366157364100077
screw,Anomaly,36,0.0260694252534045,0.0255617909133434,0.0013374107493612,0.0245584845542907,0.0298461932688951,1.061683159294114
screw,Normal,124,0.0208666245603273,0.0209062388166785,0.0016702382917496,0.0172278117388486,0.0245310980826616,0.8497979403715199
