Category,Threshold Method,Threshold
bottle,P95,0.1073099598288536
bottle,P99,0.1075413331389427
bottle,Mean + 3Std,0.1100063375247046
bottle,IQR Fence,0.1091202050447464
capsule,P95,0.0660164326429367
capsule,P99,0.0663820374011993
capsule,Mean + 3Std,0.0700805560779898
capsule,IQR Fence,0.0668320683762431
hazelnut,P95,0.0074299892410635
hazelnut,P99,0.0084260333608835
hazelnut,Mean + 3Std,0.0084285597569648
hazelnut,IQR Fence,0.0065106816473416
metal_nut,P95,0.0251411853358149
metal_nut,P99,0.0263522500544786
metal_nut,Mean + 3Std,0.0282790690936043
metal_nut,IQR Fence,0.0227998369373381
screw,P95,0.0247250974178314
screw,P99,0.0247877840138971
screw,Mean + 3Std,0.0281362836908255
screw,IQR Fence,0.0283656858373433
