Table,Rows,Columns,Detected Issues,Location-Free
VisionGuard_AI_Category_Localization_Statistics.csv,5.0,7.0,0.0,True
VisionGuard_AI_Connected_Component_Statistics.csv,207.0,7.0,0.0,True
VisionGuard_AI_Dataset_Category_Availability.csv,5.0,5.0,0.0,True
VisionGuard_AI_Final_Defect_Localization_Scorecard.csv,5.0,10.0,0.0,True
VisionGuard_AI_Ground_Truth_Availability_Audit.csv,5.0,4.0,0.0,True
VisionGuard_AI_Ground_Truth_Index_Summary.csv,5.0,3.0,0.0,True
VisionGuard_AI_Image_Level_Reconstruction_Thresholds.csv,5.0,3.0,0.0,True
VisionGuard_AI_Localization_IoU_Dice_Profile.csv,5.0,7.0,0.0,True
VisionGuard_AI_Localization_Summary_by_Defect_Type.csv,21.0,7.0,0.0,True
VisionGuard_AI_Localization_Threshold_Sensitivity.csv,25.0,6.0,0.0,True
VisionGuard_AI_Model_Availability.csv,5.0,3.0,0.0,True
VisionGuard_AI_Model_Input_Output_Contract.csv,5.0,5.0,0.0,True
VisionGuard_AI_Normal_Versus_Defective_Test_Balance.csv,10.0,3.0,0.0,True
VisionGuard_AI_Pixel_Localization_Confusion_Counts.csv,5.0,5.0,0.0,True
VisionGuard_AI_Pixel_Localization_Metrics.csv,454.0,14.0,0.0,True
VisionGuard_AI_Pixel_Metric_Summary_by_Category.csv,5.0,10.0,0.0,True
VisionGuard_AI_Pixel_ROC_AUC_Summary.csv,5.0,2.0,0.0,True
VisionGuard_AI_Pixel_Reconstruction_Thresholds.csv,5.0,6.0,0.0,True
VisionGuard_AI_Test_Defect_Inventory.csv,26.0,3.0,0.0,True
VisionGuard_AI_Test_Manifest_Summary.csv,26.0,4.0,0.0,True
all_normal_training_images.csv,0.0,1.0,0.0,True
anomaly_detection_dataset_structure.csv,5.0,7.0,0.0,True
anomaly_detection_model_architecture.csv,5.0,6.0,0.0,True
anomaly_detection_quality_checks.csv,10.0,3.0,0.0,True
anomaly_detection_results_snapshot.csv,5.0,12.0,0.0,True
anomaly_detection_validation_split.csv,5.0,3.0,0.0,True
anomaly_score_statistics.csv,9.0,9.0,0.0,True
artifact_verification.csv,30.0,3.0,0.0,True
aspect_ratio_summary.csv,10.0,6.0,0.0,True
augmentation_configuration.csv,4.0,3.0,0.0,True
best_epoch_report.csv,5.0,8.0,0.0,True
best_epoch_summary_all_categories.csv,,,,False
bottle_train_manifest.csv,,,,False
bottle_training_history.csv,18.0,6.0,0.0,True
bottle_training_log.csv,18.0,6.0,0.0,True
bottle_validation_manifest.csv,,,,False
candidate_thresholds.csv,20.0,3.0,0.0,True
capsule_train_manifest.csv,,,,False
capsule_training_history.csv,9.0,6.0,0.0,True
capsule_training_log.csv,9.0,6.0,0.0,True
capsule_validation_manifest.csv,,,,False
category_anomaly_detection_metrics.csv,5.0,10.0,0.0,True
category_confusion_counts.csv,5.0,5.0,0.0,True
category_detection_summary.csv,5.0,9.0,0.0,True
category_distribution.csv,10.0,3.0,0.0,True
category_evaluation_counts.csv,5.0,2.0,0.0,True
category_image_level_metrics.csv,5.0,7.0,0.0,True
category_model_build_summary.csv,5.0,5.0,0.0,True
category_status.csv,5.0,5.0,0.0,True
category_status_before_training.csv,5.0,4.0,0.0,True
category_test_counts.csv,5.0,3.0,0.0,True
category_train_validation_split.csv,10.0,3.0,0.0,True
classification_error_counts.csv,10.0,3.0,0.0,True
classification_report_table.csv,5.0,9.0,0.0,True
cnn_autoencoder_architecture.csv,21.0,5.0,0.0,True
cnn_autoencoder_parameters.csv,3.0,2.0,0.0,True
color_mode_distribution.csv,15.0,4.0,0.0,True
common_dimensions.csv,15.0,6.0,0.0,True
csv_export_audit.csv,197.0,5.0,0.0,True
dataset_audit_overview.csv,5.0,8.0,0.0,True
dataset_discovery_results.csv,1.0,3.0,0.0,True
defect_distribution.csv,26.0,3.0,0.0,True
defect_inventory.csv,5.0,2.0,0.0,True
defect_level_detection_rate.csv,21.0,4.0,0.0,True
defective_share.csv,5.0,4.0,0.0,True
dimension_distribution.csv,15.0,5.0,0.0,True
extension_distribution.csv,15.0,4.0,0.0,True
false_negative_cases.csv,435.0,14.0,0.0,True
false_negative_inventory.csv,435.0,10.0,0.0,True
false_negative_summary.csv,21.0,5.0,0.0,True
false_positive_cases.csv,27.0,14.0,0.0,True
false_positive_inventory.csv,30.0,10.0,0.0,True
false_positive_summary.csv,1.0,4.0,0.0,True
final_anomaly_detection_report.csv,1.0,14.0,0.0,True
final_anomaly_detection_results.csv,600.0,11.0,0.0,True
final_dataset_validation.csv,5.0,10.0,0.0,True
final_image_counts.csv,15.0,3.0,0.0,True
final_training_report.csv,5.0,10.0,0.0,True
finite_model_output_checks.csv,5.0,4.0,0.0,True
ground_truth_availability.csv,5.0,3.0,0.0,True
ground_truth_availability_summary.csv,5.0,4.0,0.0,True
ground_truth_mask_area_statistics.csv,0.0,5.0,0.0,True
hazelnut_train_manifest.csv,,,,False
hazelnut_training_history.csv,40.0,6.0,0.0,True
hazelnut_training_log.csv,40.0,6.0,0.0,True
hazelnut_validation_manifest.csv,,,,False
highest_scoring_normal_examples.csv,25.0,15.0,0.0,True
highest_scoring_normal_images.csv,25.0,7.0,0.0,True
image_audit.csv,2413.0,9.0,0.0,True
image_level_anomaly_scores.csv,600.0,14.0,0.0,True
image_resolution_preprocessing_summary.csv,10.0,11.0,0.0,True
inference_sanity_checks.csv,5.0,7.0,0.0,True
integrity_summary.csv,15.0,6.0,0.0,True
invalid_images.csv,0.0,9.0,0.0,True
loaded_model_metadata.csv,5.0,5.0,0.0,True
lowest_scoring_defective_examples.csv,25.0,15.0,0.0,True
lowest_scoring_defective_images.csv,25.0,7.0,0.0,True
mask_distribution.csv,5.0,2.0,0.0,True
metal_nut_train_manifest.csv,,,,False
metal_nut_training_history.csv,15.0,6.0,0.0,True
metal_nut_training_log.csv,15.0,6.0,0.0,True
metal_nut_validation_manifest.csv,,,,False
model_architecture.csv,21.0,5.0,0.0,True
model_architecture_summary.csv,5.0,5.0,0.0,True
model_artifact_inventory.csv,84.0,4.0,0.0,True
model_availability.csv,5.0,2.0,0.0,True
model_contract_validation.csv,5.0,6.0,0.0,True
model_dataset_availability.csv,5.0,4.0,0.0,True
model_file_sizes.csv,,,,False
model_manifest.csv,5.0,6.0,0.0,True
model_parameter_summary.csv,3.0,2.0,0.0,True
normal_defective_score_summary.csv,10.0,8.0,0.0,True
normal_split_integrity.csv,5.0,5.0,0.0,True
normal_training_image_counts.csv,5.0,2.0,0.0,True
normal_training_image_validation.csv,1359.0,7.0,0.0,True
normal_validation_percentiles.csv,5.0,6.0,0.0,True
normal_validation_reconstruction_errors.csv,137.0,8.0,0.0,True
normal_validation_score_summary.csv,5.0,7.0,0.0,True
normal_validation_split_summary.csv,10.0,3.0,0.0,True
normal_validation_threshold_candidates.csv,5.0,9.0,0.0,True
normalized_pixel_statistics_summary.csv,5.0,6.0,0.0,True
normalized_pooled_auc_metrics.csv,2.0,2.0,0.0,True
normalized_pooled_metrics.csv,1.0,5.0,0.0,True
overall_prediction_agreement.csv,2.0,3.0,0.0,True
per_defect_detection_results.csv,26.0,8.0,0.0,True
pixel_statistics.csv,500.0,6.0,0.0,True
pixel_summary.csv,6.0,12.0,0.0,True
pixel_validation_thresholds.csv,5.0,8.0,0.0,True
pooled_image_level_metrics.csv,4.0,2.0,0.0,True
precision_recall_curve_points.csv,605.0,5.0,0.0,True
precision_recall_curves_by_category.csv,605.0,4.0,0.0,True
prepared_dataset_validation.csv,5.0,7.0,0.0,True
preprocessed_train_manifest.csv,1087.0,6.0,0.0,True
preprocessing_configuration.csv,12.0,2.0,0.0,True
preprocessing_data_quality_audit.csv,5.0,4.0,0.0,True
preprocessing_dataset_validation.csv,5.0,9.0,0.0,True
preprocessing_export_inventory.csv,2.0,2.0,0.0,True
preprocessing_final_verification.csv,7.0,2.0,0.0,True
primary_anomaly_thresholds.csv,5.0,8.0,0.0,True
primary_thresholds.csv,5.0,3.0,0.0,True
raw_image_inspection.csv,5.0,6.0,0.0,True
raw_test_reconstruction_errors.csv,600.0,5.0,0.0,True
reconstruction_error_decomposition.csv,10.0,5.0,0.0,True
reference_anomaly_thresholds.csv,,,,False
reference_reconstruction_thresholds.csv,5.0,6.0,0.0,True
representative_cases.csv,26.0,9.0,0.0,True
representative_samples.csv,5.0,2.0,0.0,True
rgb_channel_mean_statistics.csv,15.0,3.0,0.0,True
roc_curve_points.csv,167.0,5.0,0.0,True
roc_curves_by_category.csv,175.0,4.0,0.0,True
roc_operating_points.csv,5.0,5.0,0.0,True
saved_model_validation.csv,5.0,8.0,0.0,True
saved_model_verification.csv,5.0,6.0,0.0,True
score_band_distribution.csv,12.0,3.0,0.0,True
score_integrity_checks.csv,1.0,4.0,0.0,True
screw_train_manifest.csv,,,,False
screw_training_history.csv,10.0,6.0,0.0,True
screw_training_log.csv,10.0,6.0,0.0,True
screw_validation_manifest.csv,,,,False
split_volume_summary.csv,15.0,3.0,0.0,True
status_distribution.csv,10.0,3.0,0.0,True
summary.csv,5.0,6.0,0.0,True
summary_with_total.csv,6.0,6.0,0.0,True
tensorflow_batch_verification.csv,2.0,6.0,0.0,True
tensorflow_gpu_verification.csv,1.0,4.0,0.0,True
tensorflow_pipeline_summary.csv,3.0,8.0,0.0,True
tensorflow_pipeline_validation.csv,5.0,7.0,0.0,True
test_anomaly_predictions.csv,600.0,10.0,0.0,True
test_class_balance.csv,10.0,3.0,0.0,True
test_defect_distribution.csv,26.0,3.0,0.0,True
test_manifest.csv,600.0,9.0,0.0,True
test_manifest_summary.csv,600.0,5.0,0.0,True
test_mask_availability_summary.csv,26.0,4.0,0.0,True
threshold_decision_changes.csv,20.0,5.0,0.0,True
threshold_margin_summary.csv,10.0,6.0,0.0,True
threshold_sensitivity_analysis.csv,15.0,7.0,0.0,True
threshold_sensitivity_comparison.csv,20.0,7.0,0.0,True
threshold_utilization_summary.csv,5.0,6.0,0.0,True
threshold_validation_coverage.csv,20.0,6.0,0.0,True
train_image_file_list.csv,0.0,1.0,0.0,True
train_manifest.csv,1359.0,6.0,0.0,True
train_test_composition.csv,10.0,3.0,0.0,True
train_validation_split_summary.csv,0.0,3.0,0.0,True
training_artifact_inventory.csv,39.0,4.0,0.0,True
training_configuration.csv,9.0,2.0,0.0,True
training_dataset_status.csv,5.0,3.0,0.0,True
training_dataset_summary.csv,5.0,4.0,0.0,True
training_image_validation.csv,1359.0,8.0,0.0,True
training_sample_availability.csv,5.0,2.0,0.0,True
usable_normal_training_images.csv,0.0,1.0,0.0,True
validation_image_file_list.csv,0.0,1.0,0.0,True
validation_manifest.csv,272.0,6.0,0.0,True
validation_reconstruction_error_statistics.csv,,,,False
validation_reconstruction_errors.csv,137.0,3.0,0.0,True
visualization_filename_audit.csv,240.0,3.0,0.0,True
visualization_index.csv,58.0,3.0,0.0,True
visualization_inventory.csv,240.0,3.0,0.0,True
workspace_report.csv,1.0,2.0,0.0,True
