Category,Defect Type,Label,File,Ground Truth Available,Reconstruction Error,MAE,Maximum Absolute Error,Threshold,Threshold Margin,Normalized Anomaly Score,Predicted Label,Prediction,True Class
screw,manipulated_front,1,001.png,True,0.0237382408231496,0.0944086536765098,0.7064079642295837,0.0247877840138971,-0.0010495431907475,0.9576588536450424,0,Normal,Defective
screw,manipulated_front,1,002.png,True,0.0244032237678766,0.0956921353936195,0.6560347676277161,0.0247877840138971,-0.0003845602460205,0.9844858965285096,0,Normal,Defective
screw,manipulated_front,1,003.png,True,0.0216688588261604,0.0909057632088661,0.6863346099853516,0.0247877840138971,-0.0031189251877367,0.8741749086570975,0,Normal,Defective
screw,manipulated_front,1,004.png,True,0.022601718083024,0.0944924727082252,0.6839200854301453,0.0247877840138971,-0.0021860659308731,0.9118087389478806,0,Normal,Defective
screw,manipulated_front,1,005.png,True,0.0216085165739059,0.0921822488307952,0.6672966480255127,0.0247877840138971,-0.0031792674399912,0.8717405542097352,0,Normal,Defective
screw,manipulated_front,1,006.png,True,0.0215555224567651,0.0914101600646972,0.6197623014450073,0.0247877840138971,-0.003232261557132,0.8696026415544104,0,Normal,Defective
screw,manipulated_front,1,007.png,True,0.02303247153759,0.0926978215575218,0.6685783267021179,0.0247877840138971,-0.0017553124763071,0.929186389742502,0,Normal,Defective
screw,manipulated_front,1,008.png,True,0.0208916123956441,0.091832511126995,0.6779030561447144,0.0247877840138971,-0.0038961716182529,0.8428188814268908,0,Normal,Defective
screw,manipulated_front,1,009.png,True,0.0213675294071435,0.0897783413529396,0.7067261338233948,0.0247877840138971,-0.0034202546067535,0.8620185408733578,0,Normal,Defective
screw,manipulated_front,1,010.png,True,0.0225544143468141,0.0960117653012275,0.6441156268119812,0.0247877840138971,-0.002233369667083,0.9099003902151602,0,Normal,Defective
screw,manipulated_front,1,011.png,True,0.0218626912683248,0.0927474275231361,0.6542539596557617,0.0247877840138971,-0.0029250927455723,0.8819945847546361,0,Normal,Defective
screw,manipulated_front,1,012.png,True,0.0243463888764381,0.0961987003684043,0.6598730087280273,0.0247877840138971,-0.000441395137459,0.982193037618386,0,Normal,Defective
screw,manipulated_front,1,013.png,True,0.0211213026195764,0.0921468511223793,0.6366217136383057,0.0247877840138971,-0.0036664813943207,0.8520851483833679,0,Normal,Defective
screw,manipulated_front,1,014.png,True,0.0188625082373619,0.0894761458039283,0.661171555519104,0.0247877840138971,-0.0059252757765352,0.760959843235148,0,Normal,Defective
screw,manipulated_front,1,015.png,True,0.0222038868814706,0.0929164662957191,0.6245786547660828,0.0247877840138971,-0.0025838971324265,0.8957592525827299,0,Normal,Defective
screw,manipulated_front,1,016.png,True,0.0214500278234481,0.0935936495661735,0.6509649753570557,0.0247877840138971,-0.003337756190449,0.8653467293172435,0,Normal,Defective
screw,manipulated_front,1,018.png,True,0.0244664903730154,0.0936843156814575,0.6549276113510132,0.0247877840138971,-0.0003212936408817,0.9870382265432986,0,Normal,Defective
screw,manipulated_front,1,022.png,True,0.0224426742643117,0.0941454768180847,0.6710104942321777,0.0247877840138971,-0.0023451097495853,0.90539252124068,0,Normal,Defective
screw,manipulated_front,1,023.png,True,0.023751251399517,0.0937506034970283,0.6877389550209045,0.0247877840138971,-0.0010365326143801,0.9581837322045812,0,Normal,Defective
screw,scratch_head,1,000.png,True,0.0187384355813264,0.0890301764011383,0.637927770614624,0.0247877840138971,-0.0060493484325706,0.7559544479982901,0,Normal,Defective
screw,scratch_head,1,001.png,True,0.0202503055334091,0.0910506471991539,0.6311995983123779,0.0247877840138971,-0.004537478480488,0.8169469897775395,0,Normal,Defective
screw,scratch_head,1,002.png,True,0.0214783102273941,0.0927174687385559,0.6419070959091187,0.0247877840138971,-0.003309473786503,0.8664877108559751,0,Normal,Defective
screw,scratch_head,1,003.png,True,0.0221238750964403,0.0959668979048729,0.6200058460235596,0.0247877840138971,-0.0026639089174568,0.8925313809429937,0,Normal,Defective
screw,scratch_head,1,004.png,True,0.0213805977255105,0.0920942425727844,0.6580665707588196,0.0247877840138971,-0.0034071862883865,0.8625457488867759,0,Normal,Defective
screw,scratch_head,1,005.png,True,0.0191237479448318,0.0929651856422424,0.6512224674224854,0.0247877840138971,-0.0056640360690653,0.7714988937337113,0,Normal,Defective
screw,scratch_head,1,006.png,True,0.0191145483404397,0.0915402397513389,0.6413940787315369,0.0247877840138971,-0.0056732356734573,0.7711277591301947,0,Normal,Defective
screw,scratch_head,1,007.png,True,0.0228824019432067,0.1001887246966362,0.6454152464866638,0.0247877840138971,-0.0019053820706903,0.9231322142543218,0,Normal,Defective
screw,scratch_head,1,008.png,True,0.0219787061214447,0.0941294953227043,0.6775841116905212,0.0247877840138971,-0.0028090778924524,0.8866749084598453,0,Normal,Defective
screw,scratch_head,1,009.png,True,0.0205070227384567,0.0976849123835563,0.6297992467880249,0.0247877840138971,-0.0042807612754404,0.8273035914367955,0,Normal,Defective
screw,scratch_head,1,010.png,True,0.0238452237099409,0.0983418822288513,0.6546912789344788,0.0247877840138971,-0.0009425603039562,0.9619748056773518,0,Normal,Defective
screw,scratch_head,1,011.png,True,0.0194868426769971,0.0958651229739189,0.6863164305686951,0.0247877840138971,-0.0053009413368999,0.7861470257313827,0,Normal,Defective
screw,scratch_head,1,012.png,True,0.0212242249399423,0.0919191837310791,0.6618446707725525,0.0247877840138971,-0.0035635590739548,0.8562372872074032,0,Normal,Defective
screw,scratch_head,1,013.png,True,0.021608492359519,0.0990125834941864,0.6868936419487,0.0247877840138971,-0.0031792916543781,0.8717395773419795,0,Normal,Defective
screw,scratch_head,1,014.png,True,0.0201636720448732,0.0947341695427894,0.6240646839141846,0.0247877840138971,-0.0046241119690239,0.8134519823784387,0,Normal,Defective
screw,scratch_head,1,015.png,True,0.0181889329105615,0.0927171036601066,0.6125242710113525,0.0247877840138971,-0.0065988511033356,0.7337861625857318,0,Normal,Defective
screw,scratch_head,1,016.png,True,0.0214579459279775,0.0976046249270439,0.6244872212409973,0.0247877840138971,-0.0033298380859196,0.8656661650733781,0,Normal,Defective
screw,scratch_head,1,017.png,True,0.0190414506942033,0.0883997455239296,0.6185514330863953,0.0247877840138971,-0.0057463333196938,0.7681788208065656,0,Normal,Defective
screw,scratch_head,1,018.png,True,0.0179093107581138,0.0864596888422966,0.6224035024642944,0.0247877840138971,-0.0068784732557833,0.7225055191731972,0,Normal,Defective
screw,scratch_head,1,019.png,True,0.0222203284502029,0.0939850211143493,0.6676209568977356,0.0247877840138971,-0.0025674555636942,0.8964225457888932,0,Normal,Defective
screw,scratch_head,1,020.png,True,0.0223406124860048,0.0953005626797676,0.6400249600410461,0.0247877840138971,-0.0024471715278923,0.9012750987938108,0,Normal,Defective
screw,scratch_head,1,021.png,True,0.0215049907565116,0.0905687510967254,0.6324938535690308,0.0247877840138971,-0.0032827932573854,0.8675640688354793,0,Normal,Defective
screw,scratch_head,1,022.png,True,0.0224251206964254,0.0992720127105712,0.6506018042564392,0.0247877840138971,-0.0023626633174717,0.904684367261425,0,Normal,Defective
screw,scratch_head,1,023.png,True,0.0204564407467842,0.0929643139243125,0.670050323009491,0.0247877840138971,-0.0043313432671129,0.8252629898386794,0,Normal,Defective
screw,scratch_neck,1,000.png,True,0.0222441796213388,0.0916599109768867,0.6364442706108093,0.0247877840138971,-0.0025436043925583,0.8973847605283201,0,Normal,Defective
screw,scratch_neck,1,001.png,True,0.0223256107419729,0.0922621488571167,0.6445589661598206,0.0247877840138971,-0.0024621732719242,0.9006698916472787,0,Normal,Defective
screw,scratch_neck,1,002.png,True,0.0201393570750951,0.0901819691061973,0.6397762894630432,0.0247877840138971,-0.004648426938802,0.8124710568643053,0,Normal,Defective
screw,scratch_neck,1,003.png,True,0.0223862621933221,0.0944398641586303,0.6443679928779602,0.0247877840138971,-0.002401521820575,0.9031167199444454,0,Normal,Defective
screw,scratch_neck,1,004.png,True,0.0221690703183412,0.0971158966422081,0.6369180083274841,0.0247877840138971,-0.0026187136955559,0.8943546670372893,0,Normal,Defective
screw,scratch_neck,1,005.png,True,0.0193726774305105,0.0928279981017112,0.6633251309394836,0.0247877840138971,-0.0054151065833866,0.781541319693979,0,Normal,Defective
screw,scratch_neck,1,006.png,True,0.0196429714560508,0.0918333455920219,0.6602304577827454,0.0247877840138971,-0.0051448125578463,0.7924456435895242,0,Normal,Defective
screw,scratch_neck,1,007.png,True,0.0178553946316242,0.0887882709503173,0.6436311602592468,0.0247877840138971,-0.0069323893822729,0.7203304103994798,0,Normal,Defective
screw,scratch_neck,1,008.png,True,0.0192884914577007,0.0931719839572906,0.6034515500068665,0.0247877840138971,-0.0054992925561964,0.7781450510818839,0,Normal,Defective
screw,scratch_neck,1,009.png,True,0.0213428940623998,0.0949552059173584,0.6337618827819824,0.0247877840138971,-0.0034448899514973,0.8610246906473789,0,Normal,Defective
screw,scratch_neck,1,010.png,True,0.020672284066677,0.094100497663021,0.6410797834396362,0.0247877840138971,-0.00411549994722,0.8339706387262069,0,Normal,Defective
screw,scratch_neck,1,011.png,True,0.0198430698364973,0.091854453086853,0.6143864393234253,0.0247877840138971,-0.0049447141773998,0.800518103004785,0,Normal,Defective
screw,scratch_neck,1,012.png,True,0.0200399532914161,0.088699996471405,0.6493203043937683,0.0247877840138971,-0.004747830722481,0.8084608644395498,0,Normal,Defective
screw,scratch_neck,1,013.png,True,0.0225527938455343,0.0978729054331779,0.6596379280090332,0.0247877840138971,-0.0022349901683628,0.9098350152191976,0,Normal,Defective
screw,scratch_neck,1,014.png,True,0.0188974905759096,0.0925294235348701,0.6346343159675598,0.0247877840138971,-0.0058902934379875,0.762371116567532,0,Normal,Defective
screw,scratch_neck,1,015.png,True,0.0180289931595325,0.0877302289009094,0.6336971521377563,0.0247877840138971,-0.0067587908543646,0.7273338007715678,0,Normal,Defective
screw,scratch_neck,1,016.png,True,0.0200008153915405,0.0935245379805564,0.6597173810005188,0.0247877840138971,-0.0047869686223566,0.8068819455715421,0,Normal,Defective
screw,scratch_neck,1,017.png,True,0.020241767168045,0.0908346250653266,0.6414921283721924,0.0247877840138971,-0.0045460168458521,0.8166025311781226,0,Normal,Defective
screw,scratch_neck,1,018.png,True,0.0192640349268913,0.0865880474448204,0.6383968591690063,0.0247877840138971,-0.0055237490870058,0.777158414648563,0,Normal,Defective
screw,scratch_neck,1,019.png,True,0.0177173521369695,0.0867619439959526,0.6500539183616638,0.0247877840138971,-0.0070704318769276,0.7147614376112199,0,Normal,Defective
screw,scratch_neck,1,020.png,True,0.0194936748594045,0.0894627943634986,0.636254608631134,0.0247877840138971,-0.0052941091544926,0.786422652725855,0,Normal,Defective
screw,scratch_neck,1,021.png,True,0.020955666899681,0.0891311839222908,0.6564526557922363,0.0247877840138971,-0.003832117114216,0.8454029972155789,0,Normal,Defective
screw,scratch_neck,1,022.png,True,0.0192351285368204,0.0880584046244621,0.6591482162475586,0.0247877840138971,-0.0055526554770767,0.7759922599792021,0,Normal,Defective
screw,scratch_neck,1,023.png,True,0.0192911345511674,0.0877273082733154,0.6400667428970337,0.0247877840138971,-0.0054966494627296,0.7782516799546092,0,Normal,Defective
screw,scratch_neck,1,024.png,True,0.0198242608457803,0.0922572538256645,0.6293225884437561,0.0247877840138971,-0.0049635231681168,0.7997593021895774,0,Normal,Defective
screw,thread_side,1,000.png,True,0.0208964850753545,0.1018588915467262,0.6475560069084167,0.0247877840138971,-0.0038912989385426,0.8430154572768198,0,Normal,Defective
screw,thread_side,1,001.png,True,0.0229410100728273,0.0955563858151435,0.6631973385810852,0.0247877840138971,-0.0018467739410698,0.9254966099416368,0,Normal,Defective
screw,thread_side,1,002.png,True,0.0213118139654397,0.0913236439228057,0.6725220680236816,0.0247877840138971,-0.0034759700484573,0.8597708433110198,0,Normal,Defective
screw,thread_side,1,003.png,True,0.0210150796920061,0.0912017300724983,0.6645519137382507,0.0247877840138971,-0.003772704321891,0.8477998549698545,0,Normal,Defective
screw,thread_side,1,004.png,True,0.0207756925374269,0.0906699895858764,0.6509653925895691,0.0247877840138971,-0.0040120914764702,0.838142390049031,0,Normal,Defective
screw,thread_side,1,005.png,True,0.0205022916197776,0.0889047160744667,0.6731538772583008,0.0247877840138971,-0.0042854923941195,0.827112726506054,0,Normal,Defective
screw,thread_side,1,006.png,True,0.0195301212370395,0.0883172154426574,0.6395794153213501,0.0247877840138971,-0.0052576627768576,0.7878929889856259,0,Normal,Defective
screw,thread_side,1,007.png,True,0.0189389195293188,0.0887803360819816,0.6505234241485596,0.0247877840138971,-0.0058488644845783,0.7640424621539695,0,Normal,Defective
screw,thread_side,1,008.png,True,0.0220897328108549,0.0916443690657615,0.6765630841255188,0.0247877840138971,-0.0026980512030422,0.8911539974073673,0,Normal,Defective
screw,thread_side,1,009.png,True,0.0196918193250894,0.0890660807490348,0.6344736814498901,0.0247877840138971,-0.0050959646888077,0.794416286427593,0,Normal,Defective
screw,thread_side,1,010.png,True,0.0219336133450269,0.0921360626816749,0.6420099139213562,0.0247877840138971,-0.0028541706688702,0.8848557552675934,0,Normal,Defective
screw,thread_side,1,011.png,True,0.021370006725192,0.1053437888622284,0.6739212274551392,0.0247877840138971,-0.0034177772887051,0.8621184819591398,0,Normal,Defective
screw,thread_side,1,012.png,True,0.0239584241062402,0.0965098068118095,0.7306709885597229,0.0247877840138971,-0.0008293599076569,0.966541587291872,0,Normal,Defective
screw,thread_side,1,014.png,True,0.0213230717927217,0.092548631131649,0.6477330327033997,0.0247877840138971,-0.0034647122211754,0.8602250116737763,0,Normal,Defective
screw,thread_side,1,015.png,True,0.0209672953933477,0.0912633165717125,0.6430684328079224,0.0247877840138971,-0.0038204886205494,0.8458721191693659,0,Normal,Defective
screw,thread_side,1,016.png,True,0.0230485443025827,0.0938323214650154,0.672885000705719,0.0247877840138971,-0.0017392397113144,0.9298348045013084,0,Normal,Defective
screw,thread_side,1,017.png,True,0.0204614736139774,0.0912138298153877,0.6287549734115601,0.0247877840138971,-0.0043263103999197,0.8254660280445312,0,Normal,Defective
screw,thread_side,1,018.png,True,0.0191275067627429,0.0889816880226135,0.6957187056541443,0.0247877840138971,-0.0056602772511541,0.7716505336668751,0,Normal,Defective
screw,thread_side,1,019.png,True,0.019950671121478,0.0899035930633544,0.6658371090888977,0.0247877840138971,-0.0048371128924191,0.8048590027367032,0,Normal,Defective
screw,thread_side,1,020.png,True,0.0211299154907464,0.0892411097884178,0.6416635513305664,0.0247877840138971,-0.0036578685231506,0.8524326127297255,0,Normal,Defective
screw,thread_side,1,021.png,True,0.0203187726438045,0.0904280543327331,0.6419194340705872,0.0247877840138971,-0.0044690113700926,0.8197091209287971,0,Normal,Defective
screw,thread_side,1,022.png,True,0.0220578406006097,0.0913546904921531,0.6336238980293274,0.0247877840138971,-0.0027299434132874,0.8898673874293536,0,Normal,Defective
screw,thread_top,1,000.png,True,0.0214455481618642,0.094052217900753,0.6779841184616089,0.0247877840138971,-0.0033422358520329,0.8651660087824273,0,Normal,Defective
screw,thread_top,1,001.png,True,0.0211088303476572,0.0943140909075737,0.6700594425201416,0.0247877840138971,-0.0036789536662399,0.8515819863454762,0,Normal,Defective
screw,thread_top,1,002.png,True,0.0202863812446594,0.0877823531627655,0.6519761085510254,0.0247877840138971,-0.0045014027692377,0.8184023724462799,0,Normal,Defective
screw,thread_top,1,003.png,True,0.0214912686496973,0.092257022857666,0.6616751551628113,0.0247877840138971,-0.0032965153641998,0.8670104853926556,0,Normal,Defective
screw,thread_top,1,004.png,True,0.0207813829183578,0.089794136583805,0.6321049928665161,0.0247877840138971,-0.0040064010955393,0.8383719539716354,0,Normal,Defective
screw,thread_top,1,005.png,True,0.0191925633698701,0.0899898633360862,0.6486073136329651,0.0247877840138971,-0.0055952206440269,0.7742750767519172,0,Normal,Defective
screw,thread_top,1,006.png,True,0.0201625060290098,0.0891279354691505,0.6732480525970459,0.0247877840138971,-0.0046252779848873,0.8134049424388151,0,Normal,Defective
screw,thread_top,1,007.png,True,0.0202554296702146,0.0904022455215454,0.6360765695571899,0.0247877840138971,-0.0045323543436825,0.8171537100233938,0,Normal,Defective
screw,thread_top,1,008.png,True,0.0195748526602983,0.0895016267895698,0.6363728046417236,0.0247877840138971,-0.0052129313535988,0.7896975643052149,0,Normal,Defective
screw,thread_top,1,009.png,True,0.0192817542701959,0.0915688276290893,0.6657710671424866,0.0247877840138971,-0.0055060297437012,0.7778732564147611,0,Normal,Defective
screw,thread_top,1,010.png,True,0.021066652610898,0.0931449458003044,0.688433825969696,0.0247877840138971,-0.0037211314029991,0.8498804330022834,0,Normal,Defective
screw,thread_top,1,011.png,True,0.0227604657411575,0.0934448465704917,0.6491683125495911,0.0247877840138971,-0.0020273182727396,0.9182130088109915,0,Normal,Defective
screw,thread_top,1,012.png,True,0.0188590157777071,0.0879692062735557,0.6906772255897522,0.0247877840138971,-0.00592876823619,0.7608189488472975,0,Normal,Defective
screw,thread_top,1,013.png,True,0.0219895783811807,0.0952645540237426,0.6703540086746216,0.0247877840138971,-0.0027982056327164,0.8871135220821831,0,Normal,Defective
screw,thread_top,1,014.png,True,0.0204749461263418,0.0916739702224731,0.6290571093559265,0.0247877840138971,-0.0043128378875553,0.8260095422351031,0,Normal,Defective
screw,thread_top,1,015.png,True,0.0174447186291217,0.0860169529914856,0.639959990978241,0.0247877840138971,-0.0073430653847754,0.7037627332617333,0,Normal,Defective
screw,thread_top,1,016.png,True,0.0201713778078556,0.0889531299471855,0.6363629102706909,0.0247877840138971,-0.0046164062060415,0.8137628517557921,0,Normal,Defective
screw,thread_top,1,017.png,True,0.0199693217873573,0.0921098813414573,0.6472601890563965,0.0247877840138971,-0.0048184622265398,0.8056114163396616,0,Normal,Defective
screw,thread_top,1,018.png,True,0.0193015430122613,0.0897432491183281,0.6208867430686951,0.0247877840138971,-0.0054862410016357,0.7786715828022404,0,Normal,Defective
screw,thread_top,1,019.png,True,0.0201246719807386,0.0919402316212654,0.6428773403167725,0.0247877840138971,-0.0046631120331585,0.8118786241422716,0,Normal,Defective
screw,thread_top,1,020.png,True,0.0187827292829751,0.0894308760762214,0.6489124894142151,0.0247877840138971,-0.0060050547309219,0.7577413645546018,0,Normal,Defective
screw,thread_top,1,021.png,True,0.0195812731981277,0.0885563865303993,0.6630616784095764,0.0247877840138971,-0.0052065108157694,0.7899565845478392,0,Normal,Defective
screw,thread_top,1,022.png,True,0.0223212391138076,0.0940278396010398,0.6373332142829895,0.0247877840138971,-0.0024665449000895,0.9004935294455267,0,Normal,Defective
bottle,broken_large,1,000.png,True,0.1037416458129882,0.3019974827766418,0.6552392244338989,0.1075413331389427,-0.0037996873259544,0.9646676564717188,0,Normal,Defective
bottle,broken_large,1,001.png,True,0.1070769950747489,0.3081031143665313,0.6555079817771912,0.1075413331389427,-0.0004643380641937,0.9956822363026334,0,Normal,Defective
bottle,broken_large,1,002.png,True,0.1041295528411865,0.3041806519031524,0.6666557788848877,0.1075413331389427,-0.0034117802977561,0.9682747070528854,0,Normal,Defective
bottle,broken_large,1,004.png,True,0.1059167385101318,0.3055210709571838,0.6559454798698425,0.1075413331389427,-0.0016245946288108,0.9848933002651928,0,Normal,Defective
bottle,broken_large,1,005.png,True,0.1035781130194664,0.3020260334014892,0.6695614457130432,0.1075413331389427,-0.0039632201194763,0.963147005864658,0,Normal,Defective
bottle,broken_large,1,006.png,True,0.1056230291724205,0.3054510056972503,0.6784631609916687,0.1075413331389427,-0.0019183039665222,0.9821621704833826,0,Normal,Defective
bottle,broken_large,1,007.png,True,0.1026810631155967,0.3017792403697967,0.6432288289070129,0.1075413331389427,-0.0048602700233459,0.954805562833534,0,Normal,Defective
bottle,broken_large,1,008.png,True,0.1070072054862976,0.3075748383998871,0.6601819396018982,0.1075413331389427,-0.0005341276526451,0.9950332803485424,0,Normal,Defective
bottle,broken_large,1,009.png,True,0.104475200176239,0.3043370544910431,0.6565032005310059,0.1075413331389427,-0.0030661329627037,0.9714887953012236,0,Normal,Defective
bottle,broken_large,1,010.png,True,0.1048586666584014,0.3048442006111145,0.630734384059906,0.1075413331389427,-0.0026826664805412,0.9750545543537642,0,Normal,Defective
bottle,broken_large,1,011.png,True,0.1061019301414489,0.306210845708847,0.6616063117980957,0.1075413331389427,-0.0014394029974937,0.9866153509959372,0,Normal,Defective
bottle,broken_large,1,012.png,True,0.103478729724884,0.3025701940059662,0.6435778141021729,0.1075413331389427,-0.0040626034140586,0.962222865427846,0,Normal,Defective
bottle,broken_large,1,013.png,True,0.1013832315802574,0.2994163334369659,0.6446998715400696,0.1075413331389427,-0.0061581015586853,0.9427373515006636,0,Normal,Defective
bottle,broken_large,1,014.png,True,0.1044931635260582,0.3042888343334198,0.6629419326782227,0.1075413331389427,-0.0030481696128845,0.971655832005111,0,Normal,Defective
bottle,broken_large,1,015.png,True,0.1057397350668907,0.3064652681350708,0.6421712636947632,0.1075413331389427,-0.001801598072052,0.9832473894504884,0,Normal,Defective
bottle,broken_large,1,016.png,True,0.1035647913813591,0.3022730052471161,0.6525537967681885,0.1075413331389427,-0.0039765417575836,0.9630231312787804,0,Normal,Defective
bottle,broken_large,1,017.png,True,0.1054183840751648,0.3052928149700165,0.6706739068031311,0.1075413331389427,-0.0021229490637779,0.9802592268310912,0,Normal,Defective
bottle,broken_large,1,019.png,True,0.1035124659538269,0.3024642169475555,0.6626073718070984,0.1075413331389427,-0.0040288671851158,0.962536570195661,0,Normal,Defective
bottle,broken_small,1,000.png,True,0.1061243638396263,0.3065204322338104,0.6682004332542419,0.1075413331389427,-0.0014169692993164,0.9868239563528036,0,Normal,Defective
bottle,broken_small,1,001.png,True,0.1058927550911903,0.3051420152187347,0.6704650521278381,0.1075413331389427,-0.0016485780477523,0.9846702844419604,0,Normal,Defective
bottle,broken_small,1,002.png,True,0.1054842844605445,0.3054342269897461,0.6689770221710205,0.1075413331389427,-0.0020570486783981,0.9808720180570902,0,Normal,Defective
bottle,broken_small,1,003.png,True,0.1053364872932434,0.3040814399719238,0.6508817076683044,0.1075413331389427,-0.0022048458456993,0.9794976891085154,0,Normal,Defective
bottle,broken_small,1,004.png,True,0.105997122824192,0.3049183189868927,0.6638162732124329,0.1075413331389427,-0.0015442103147506,0.985640773926844,0,Normal,Defective
bottle,broken_small,1,005.png,True,0.1049798429012298,0.304676741361618,0.6694667339324951,0.1075413331389427,-0.0025614902377128,0.976181341973849,0,Normal,Defective
bottle,broken_small,1,006.png,True,0.1057906374335289,0.3055441975593567,0.6659708619117737,0.1075413331389427,-0.0017506957054138,0.9837207178457428,0,Normal,Defective
bottle,broken_small,1,007.png,True,0.1056729778647422,0.3052565157413482,0.6613374352455139,0.1075413331389427,-0.0018683552742004,0.9826266308993348,0,Normal,Defective
bottle,broken_small,1,008.png,True,0.1048275530338287,0.305492490530014,0.6436476111412048,0.1075413331389427,-0.0027137801051139,0.9747652365290302,0,Normal,Defective
bottle,broken_small,1,009.png,True,0.1056978702545166,0.3054908215999603,0.6621494293212891,0.1075413331389427,-0.0018434628844261,0.9828580990153396,0,Normal,Defective
bottle,broken_small,1,010.png,True,0.106489360332489,0.306722491979599,0.6706896424293518,0.1075413331389427,-0.0010519728064537,0.9902179675874524,0,Normal,Defective
bottle,broken_small,1,011.png,True,0.1062150225043296,0.3062200248241424,0.6696726679801941,0.1075413331389427,-0.001326310634613,0.987666968635218,0,Normal,Defective
bottle,broken_small,1,012.png,True,0.1069827899336814,0.307014912366867,0.6540961861610413,0.1075413331389427,-0.0005585432052612,0.9948062462221888,0,Normal,Defective
bottle,broken_small,1,013.png,True,0.1049347296357154,0.3045855164527893,0.6704336404800415,0.1075413331389427,-0.0026066035032272,0.9757618449842024,0,Normal,Defective
bottle,broken_small,1,014.png,True,0.1057418584823608,0.3061676919460296,0.6680039763450623,0.1075413331389427,-0.0017994746565818,0.9832671345606532,0,Normal,Defective
bottle,broken_small,1,015.png,True,0.1067010685801506,0.3074525594711303,0.6629806160926819,0.1075413331389427,-0.0008402645587921,0.9921865897114508,0,Normal,Defective
bottle,broken_small,1,016.png,True,0.1049918532371521,0.3051455318927765,0.6628550887107849,0.1075413331389427,-0.0025494799017906,0.976293023088186,0,Normal,Defective
bottle,broken_small,1,017.png,True,0.1050690412521362,0.3040602207183838,0.6552500128746033,0.1075413331389427,-0.0024722918868064,0.9770107751629572,0,Normal,Defective
bottle,broken_small,1,018.png,True,0.1072561144828796,0.3071939051151275,0.6520252227783203,0.1075413331389427,-0.000285218656063,0.9973478229464148,0,Normal,Defective
bottle,broken_small,1,019.png,True,0.1065200194716453,0.3074757754802704,0.6458471417427063,0.1075413331389427,-0.0010213136672973,0.9905030592658004,0,Normal,Defective
bottle,broken_small,1,020.png,True,0.1040711775422096,0.303954929113388,0.6581155061721802,0.1075413331389427,-0.003470155596733,0.9677318897260676,0,Normal,Defective
bottle,broken_small,1,021.png,True,0.1038188934326171,0.3027702867984772,0.6579393148422241,0.1075413331389427,-0.0037224397063255,0.9653859627951964,0,Normal,Defective
bottle,contamination,1,000.png,True,0.1032140031456947,0.3033948242664337,0.6687994003295898,0.1075413331389427,-0.0043273299932479,0.9597612390795164,0,Normal,Defective
bottle,contamination,1,001.png,True,0.1028910279273986,0.3031263053417206,0.6632758378982544,0.1075413331389427,-0.004650305211544,0.9567579731828704,0,Normal,Defective
bottle,contamination,1,002.png,True,0.1051004230976104,0.3051056563854217,0.6708528995513916,0.1075413331389427,-0.0024409100413322,0.9773025871068698,0,Normal,Defective
bottle,contamination,1,003.png,True,0.106014110147953,0.3065753877162933,0.6621763706207275,0.1075413331389427,-0.0015272229909896,0.9857987348081642,0,Normal,Defective
bottle,contamination,1,004.png,True,0.1059778705239296,0.3057813942432403,0.6805489659309387,0.1075413331389427,-0.0015634626150131,0.9854617515946807,0,Normal,Defective
bottle,contamination,1,005.png,True,0.0996360555291175,0.2963598668575287,0.6778317093849182,0.1075413331389427,-0.0079052776098251,0.9264907977325186,0,Normal,Defective
bottle,contamination,1,006.png,True,0.0938366651535034,0.2863181829452514,0.6733474731445312,0.1075413331389427,-0.0137046679854393,0.8725637149417428,0,Normal,Defective
bottle,contamination,1,007.png,True,0.106292225420475,0.3061653971672058,0.6805545091629028,0.1075413331389427,-0.0012491077184677,0.9883848592721658,0,Normal,Defective
bottle,contamination,1,008.png,True,0.1035084351897239,0.3043541014194488,0.6579245328903198,0.1075413331389427,-0.0040328979492187,0.9624990891268916,0,Normal,Defective
bottle,contamination,1,009.png,True,0.1057833209633827,0.3068343102931976,0.6686981916427612,0.1075413331389427,-0.00175801217556,0.9836526838170336,0,Normal,Defective
bottle,contamination,1,010.png,True,0.1024527624249458,0.3025590479373932,0.6278266310691833,0.1075413331389427,-0.0050885707139968,0.9526826517258952,0,Normal,Defective
bottle,contamination,1,011.png,True,0.1012104377150535,0.2993572950363159,0.6730449199676514,0.1075413331389427,-0.0063308954238891,0.941130584500848,0,Normal,Defective
bottle,contamination,1,012.png,True,0.0932576283812522,0.287588506937027,0.670482873916626,0.1075413331389427,-0.0142837047576904,0.8671793966024581,0,Normal,Defective
bottle,contamination,1,013.png,True,0.1052306517958641,0.3055174648761749,0.6728382706642151,0.1075413331389427,-0.0023106813430786,0.9785135512492372,0,Normal,Defective
bottle,contamination,1,014.png,True,0.1039214208722114,0.3032046258449554,0.6551113128662109,0.1075413331389427,-0.0036199122667312,0.9663393398512704,0,Normal,Defective
bottle,contamination,1,015.png,True,0.1031559705734252,0.3027925193309784,0.6411409378051758,0.1075413331389427,-0.0043853625655174,0.9592216086827604,0,Normal,Defective
bottle,contamination,1,016.png,True,0.099982626736164,0.2978286445140838,0.6350988745689392,0.1075413331389427,-0.0075587064027786,0.9297134768358056,0,Normal,Defective
bottle,contamination,1,017.png,True,0.1061110720038414,0.3068575859069824,0.6827061176300049,0.1075413331389427,-0.0014302611351013,0.9867003588912792,0,Normal,Defective
bottle,contamination,1,018.png,True,0.1072253659367561,0.3069112002849579,0.6742098331451416,0.1075413331389427,-0.0003159672021865,0.9970618998950072,0,Normal,Defective
bottle,contamination,1,019.png,True,0.1035377010703086,0.3022918403148651,0.6754698753356934,0.1075413331389427,-0.004003632068634,0.9627712252417276,0,Normal,Defective
bottle,contamination,1,020.png,True,0.0985819920897483,0.2957882583141327,0.6631467342376709,0.1075413331389427,-0.0089593410491943,0.9166893250465946,0,Normal,Defective
capsule,crack,1,000.png,True,0.0613975040614604,0.1899656653404235,0.6130765080451965,0.0663820374011993,-0.0049845333397388,0.924911413766749,0,Normal,Defective
capsule,crack,1,001.png,True,0.0594598390161991,0.188135340809822,0.6701765060424805,0.0663820374011993,-0.0069221983850002,0.8957218148764569,0,Normal,Defective
capsule,crack,1,002.png,True,0.0613106489181518,0.1927861422300338,0.609154462814331,0.0663820374011993,-0.0050713884830474,0.9236030004261988,0,Normal,Defective
capsule,crack,1,003.png,True,0.0621322989463806,0.1920436769723892,0.6171038746833801,0.0663820374011993,-0.0042497384548187,0.9359805962397,0,Normal,Defective
capsule,crack,1,004.png,True,0.0629638209939003,0.1954496949911117,0.6114274859428406,0.0663820374011993,-0.003418216407299,0.948506907273122,0,Normal,Defective
capsule,crack,1,005.png,True,0.0619747638702392,0.1920834183692932,0.6181455850601196,0.0663820374011993,-0.00440727353096,0.933607438043466,0,Normal,Defective
capsule,crack,1,006.png,True,0.0614598654210567,0.1923079639673233,0.6207770109176636,0.0663820374011993,-0.0049221719801425,0.9258508450050426,0,Normal,Defective
capsule,crack,1,007.png,True,0.0622954070568084,0.1936313658952713,0.6127181053161621,0.0663820374011993,-0.0040866303443908,0.9384377083865004,0,Normal,Defective
capsule,crack,1,008.png,True,0.0617759339511394,0.1920363903045654,0.6115179657936096,0.0663820374011993,-0.0046061034500598,0.930612201276355,0,Normal,Defective
capsule,crack,1,009.png,True,0.0614019073545932,0.1927254945039749,0.6182593107223511,0.0663820374011993,-0.004980130046606,0.9249777463667288,0,Normal,Defective
capsule,crack,1,010.png,True,0.0596815049648284,0.1903358101844787,0.6125406622886658,0.0663820374011993,-0.0067005324363708,0.8990610608126681,0,Normal,Defective
capsule,crack,1,011.png,True,0.0653537809848785,0.2040758579969406,0.6329259276390076,0.0663820374011993,-0.0010282564163208,0.9845100202317348,0,Normal,Defective
capsule,crack,1,012.png,True,0.0616148822009563,0.1910496950149536,0.6165315508842468,0.0663820374011993,-0.0047671552002429,0.9281860667904588,0,Normal,Defective
capsule,crack,1,013.png,True,0.06257114559412,0.1944136619567871,0.6181049346923828,0.0663820374011993,-0.0038108918070793,0.9425915208952224,0,Normal,Defective
capsule,crack,1,014.png,True,0.0619651786983013,0.1935478597879409,0.6116624474525452,0.0663820374011993,-0.004416858702898,0.9334630439827654,0,Normal,Defective
capsule,crack,1,015.png,True,0.0625147297978401,0.1940677016973495,0.6079110503196716,0.0663820374011993,-0.0038673076033592,0.941741655502587,0,Normal,Defective
capsule,crack,1,016.png,True,0.0627235770225524,0.1951284557580948,0.6097460389137268,0.0663820374011993,-0.0036584603786468,0.9448877961287048,0,Normal,Defective
capsule,crack,1,017.png,True,0.0618797242641449,0.1923639327287674,0.6120820045471191,0.0663820374011993,-0.0045023131370544,0.9321757313677586,0,Normal,Defective
capsule,crack,1,018.png,True,0.0625043213367462,0.1947562247514724,0.6093863248825073,0.0663820374011993,-0.0038777160644531,0.9415848591537344,0,Normal,Defective
capsule,crack,1,019.png,True,0.0569046027958393,0.176991581916809,0.6003217101097107,0.0663820374011993,-0.00947743460536,0.8572289285416117,0,Normal,Defective
capsule,crack,1,020.png,True,0.0563693642616272,0.1745767742395401,0.6059899926185608,0.0663820374011993,-0.0100126731395721,0.8491659260312001,0,Normal,Defective
capsule,crack,1,021.png,True,0.0549254827201366,0.1728739738464355,0.6041351556777954,0.0663820374011993,-0.0114565546810627,0.8274148379655532,0,Normal,Defective
capsule,crack,1,022.png,True,0.0620231144130229,0.1907219439744949,0.6165966987609863,0.0663820374011993,-0.0043589229881763,0.9343358059073734,0,Normal,Defective
capsule,faulty_imprint,1,000.png,True,0.0614981055259704,0.1912540644407272,0.6146419048309326,0.0663820374011993,-0.0048839318752288,0.9264269060361704,0,Normal,Defective
capsule,faulty_imprint,1,001.png,True,0.0626205131411552,0.194263145327568,0.6115220189094543,0.0663820374011993,-0.003761524260044,0.9433352092327292,0,Normal,Defective
capsule,faulty_imprint,1,002.png,True,0.0619509816169738,0.1928204447031021,0.6129282712936401,0.0663820374011993,-0.0044310557842254,0.9332491746608336,0,Normal,Defective
capsule,faulty_imprint,1,003.png,True,0.0629665628075599,0.19476318359375,0.6111056208610535,0.0663820374011993,-0.0034154745936393,0.9485482108209944,0,Normal,Defective
capsule,faulty_imprint,1,004.png,True,0.0623068325221538,0.1936935931444168,0.610689640045166,0.0663820374011993,-0.0040752048790454,0.9386098252089524,0,Normal,Defective
capsule,faulty_imprint,1,005.png,True,0.0631583407521247,0.1963023543357849,0.6130907535552979,0.0663820374011993,-0.0032236966490745,0.951437214414026,0,Normal,Defective
capsule,faulty_imprint,1,006.png,True,0.0619235038757324,0.1947753429412841,0.6189342737197876,0.0663820374011993,-0.0044585335254669,0.932835241278895,0,Normal,Defective
capsule,faulty_imprint,1,007.png,True,0.0634186342358589,0.1966794282197952,0.6120562553405762,0.0663820374011993,-0.0029634031653404,0.9553583577522602,0,Normal,Defective
capsule,faulty_imprint,1,008.png,True,0.055643942207098,0.1731172055006027,0.6037956476211548,0.0663820374011993,-0.0107380951941013,0.8382379388387479,0,Normal,Defective
capsule,faulty_imprint,1,009.png,True,0.0561394095420837,0.1736601144075393,0.6052543520927429,0.0663820374011993,-0.0102426278591156,0.8457018154292061,0,Normal,Defective
capsule,faulty_imprint,1,010.png,True,0.0576762743294239,0.1822843998670578,0.6114495396614075,0.0663820374011993,-0.0087057630717754,0.8688536325096562,0,Normal,Defective
capsule,faulty_imprint,1,011.png,True,0.0567350946366786,0.1798988580703735,0.605176568031311,0.0663820374011993,-0.0096469427645206,0.8546754040371416,0,Normal,Defective
capsule,faulty_imprint,1,012.png,True,0.0589220933616161,0.1846557408571243,0.604921817779541,0.0663820374011993,-0.0074599440395832,0.8876210443120803,0,Normal,Defective
capsule,faulty_imprint,1,013.png,True,0.0583961606025695,0.18283212184906,0.6048981547355652,0.0663820374011993,-0.0079858767986297,0.8796982269410508,0,Normal,Defective
capsule,faulty_imprint,1,014.png,True,0.0578929968178272,0.1832640618085861,0.6022065281867981,0.0663820374011993,-0.0084890405833721,0.872118408598005,0,Normal,Defective
capsule,faulty_imprint,1,015.png,True,0.0575489364564418,0.1826230436563491,0.6092581152915955,0.0663820374011993,-0.0088331009447574,0.8669353745295278,0,Normal,Defective
capsule,faulty_imprint,1,016.png,True,0.0591888912022113,0.1862789392471313,0.5962962508201599,0.0663820374011993,-0.0071931461989879,0.8916401713386097,0,Normal,Defective
capsule,faulty_imprint,1,017.png,True,0.0580974668264389,0.1831366866827011,0.602196455001831,0.0663820374011993,-0.0082845705747604,0.8751986094567993,0,Normal,Defective
capsule,faulty_imprint,1,018.png,True,0.0574597120285034,0.1813268661499023,0.5994986295700073,0.0663820374011993,-0.0089223253726959,0.8655912695361965,0,Normal,Defective
capsule,faulty_imprint,1,019.png,True,0.0584511756896972,0.1845140606164932,0.5939071178436279,0.0663820374011993,-0.007930861711502,0.8805269916081426,0,Normal,Defective
capsule,faulty_imprint,1,020.png,True,0.0537052266299724,0.1697062253952026,0.6151425242424011,0.0663820374011993,-0.0126768107712268,0.809032514404298,0,Normal,Defective
capsule,faulty_imprint,1,021.png,True,0.0559055022895336,0.1738735288381576,0.6066853404045105,0.0663820374011993,-0.0104765351116657,0.8421781626202928,0,Normal,Defective
capsule,poke,1,000.png,True,0.0633978247642517,0.1939274817705154,0.6164268255233765,0.0663820374011993,-0.0029842126369476,0.9550448772924568,0,Normal,Defective
capsule,poke,1,001.png,True,0.0618126578629016,0.1903181821107864,0.6150487065315247,0.0663820374011993,-0.0045693795382976,0.9311654218944612,0,Normal,Defective
capsule,poke,1,002.png,True,0.0628525614738464,0.1944874972105026,0.612770140171051,0.0663820374011993,-0.0035294759273529,0.9468308586851368,0,Normal,Defective
capsule,poke,1,003.png,True,0.0614358000457286,0.1899606585502624,0.6137054562568665,0.0663820374011993,-0.0049462373554706,0.9254883165821408,0,Normal,Defective
capsule,poke,1,004.png,True,0.0630523636937141,0.1960227489471435,0.6173868775367737,0.0663820374011993,-0.0033296737074852,0.9498407424984362,0,Normal,Defective
capsule,poke,1,005.png,True,0.0630729123950004,0.1961304694414138,0.6181396245956421,0.0663820374011993,-0.0033091250061988,0.9501502946316756,0,Normal,Defective
capsule,poke,1,006.png,True,0.0622632354497909,0.1944589465856552,0.6078296899795532,0.0663820374011993,-0.0041188019514083,0.9379530651264106,0,Normal,Defective
capsule,poke,1,007.png,True,0.062362615019083,0.1940316706895828,0.6094154119491577,0.0663820374011993,-0.0040194223821163,0.9394501503799324,0,Normal,Defective
capsule,poke,1,008.png,True,0.0634797364473342,0.1974912881851196,0.6104156374931335,0.0663820374011993,-0.002902300953865,0.9562788207851448,0,Normal,Defective
capsule,poke,1,009.png,True,0.0606933832168579,0.1892542093992233,0.6162983179092407,0.0663820374011993,-0.0056886541843414,0.9143043147356208,0,Normal,Defective
capsule,poke,1,010.png,True,0.0618519000709056,0.1920769959688186,0.6103112697601318,0.0663820374011993,-0.0045301373302936,0.9317565789233848,0,Normal,Defective
capsule,poke,1,011.png,True,0.0588603354990482,0.1831795126199722,0.5983400344848633,0.0663820374011993,-0.0075217019021511,0.8866907043438349,0,Normal,Defective
capsule,poke,1,012.png,True,0.058199256658554,0.1827764511108398,0.6068336963653564,0.0663820374011993,-0.0081827807426452,0.8767320036715621,0,Normal,Defective
capsule,poke,1,013.png,True,0.0585175342857837,0.182927668094635,0.6061052083969116,0.0663820374011993,-0.0078645031154155,0.8815266384807664,0,Normal,Defective
capsule,poke,1,014.png,True,0.0586207993328571,0.184062585234642,0.6010431051254272,0.0663820374011993,-0.0077612380683422,0.8830822558000911,0,Normal,Defective
capsule,poke,1,015.png,True,0.0572156496345996,0.1824546605348587,0.6062250137329102,0.0663820374011993,-0.0091663877665996,0.8619146364670928,0,Normal,Defective
capsule,poke,1,016.png,True,0.0581061393022537,0.1833937764167785,0.6065409183502197,0.0663820374011993,-0.0082758980989456,0.875329254374526,0,Normal,Defective
capsule,poke,1,017.png,True,0.0586099810898304,0.1854610443115234,0.6011270880699158,0.0663820374011993,-0.0077720563113689,0.8829192863666381,0,Normal,Defective
capsule,poke,1,018.png,True,0.0586732327938079,0.1839051097631454,0.6009323596954346,0.0663820374011993,-0.0077088046073913,0.8838721300341998,0,Normal,Defective
capsule,poke,1,019.png,True,0.0559442527592182,0.1731799095869064,0.598162055015564,0.0663820374011993,-0.0104377846419811,0.8427619119476959,0,Normal,Defective
capsule,poke,1,020.png,True,0.0558881163597106,0.1726535111665725,0.5994464755058289,0.0663820374011993,-0.0104939210414886,0.841916255476379,0,Normal,Defective
capsule,scratch,1,000.png,True,0.0626357570290565,0.1940568834543228,0.6208349466323853,0.0663820374011993,-0.0037462803721427,0.9435648479798676,0,Normal,Defective
capsule,scratch,1,001.png,True,0.0617550909519195,0.1923148185014724,0.6144579648971558,0.0663820374011993,-0.0046269464492797,0.9302982157459936,0,Normal,Defective
capsule,scratch,1,002.png,True,0.0610633492469787,0.191413328051567,0.6219310164451599,0.0663820374011993,-0.0053186881542205,0.9198775999887512,0,Normal,Defective
capsule,scratch,1,003.png,True,0.0619735419750213,0.1946939378976822,0.6205592751502991,0.0663820374011993,-0.0044084954261779,0.9335890310275664,0,Normal,Defective
capsule,scratch,1,004.png,True,0.0620093047618866,0.1938504725694656,0.6193733811378479,0.0663820374011993,-0.0043727326393127,0.9341277729563368,0,Normal,Defective
capsule,scratch,1,005.png,True,0.0628078207373619,0.1948232054710388,0.6144248247146606,0.0663820374011993,-0.0035742166638374,0.9461568700846644,0,Normal,Defective
capsule,scratch,1,006.png,True,0.0622037537395954,0.1944463700056076,0.6123031973838806,0.0663820374011993,-0.0041782836616039,0.9370570138371734,0,Normal,Defective
capsule,scratch,1,007.png,True,0.0615528039634227,0.1934955865144729,0.6136325001716614,0.0663820374011993,-0.0048292334377765,0.9272509005924348,0,Normal,Defective
capsule,scratch,1,008.png,True,0.0621724985539913,0.1940911263227462,0.6104065775871277,0.0663820374011993,-0.004209538847208,0.9365861758390084,0,Normal,Defective
capsule,scratch,1,009.png,True,0.0613816194236278,0.1939476579427719,0.6117331981658936,0.0663820374011993,-0.0050004179775714,0.9246721225600536,0,Normal,Defective
capsule,scratch,1,010.png,True,0.0549591779708862,0.1705139130353927,0.6033053994178772,0.0663820374011993,-0.0114228594303131,0.8279224338765665,0,Normal,Defective
capsule,scratch,1,011.png,True,0.0558227896690368,0.1731535047292709,0.6061883568763733,0.0663820374011993,-0.0105592477321624,0.8409321535531583,0,Normal,Defective
capsule,scratch,1,012.png,True,0.056089874356985,0.1757959276437759,0.5957998037338257,0.0663820374011993,-0.0102921630442142,0.844955601738908,0,Normal,Defective
capsule,scratch,1,013.png,True,0.0582464337348938,0.1844973415136337,0.5995205044746399,0.0663820374011993,-0.0081356036663055,0.8774426940659318,0,Normal,Defective
capsule,scratch,1,014.png,True,0.0572268366813659,0.1812633275985717,0.6049498915672302,0.0663820374011993,-0.0091552007198333,0.8620831616766863,0,Normal,Defective
capsule,scratch,1,015.png,True,0.0568061135709285,0.1796367615461349,0.6018484830856323,0.0663820374011993,-0.0095759238302707,0.8557452557173583,0,Normal,Defective
capsule,scratch,1,016.png,True,0.0579368472099304,0.1827579885721206,0.6007102727890015,0.0663820374011993,-0.0084451901912689,0.8727789847692089,0,Normal,Defective
capsule,scratch,1,017.png,True,0.0571761429309845,0.1796234399080276,0.6039332151412964,0.0663820374011993,-0.0092058944702148,0.8613194949926541,0,Normal,Defective
capsule,scratch,1,018.png,True,0.0569917969405651,0.1809177845716476,0.6093039512634277,0.0663820374011993,-0.0093902404606342,0.8585424487066952,0,Normal,Defective
capsule,scratch,1,019.png,True,0.0587831474840641,0.1852834671735763,0.605995774269104,0.0663820374011993,-0.0075988899171352,0.8855279196809053,0,Normal,Defective
capsule,scratch,1,020.png,True,0.0583775043487548,0.1839422434568405,0.6054772138595581,0.0663820374011993,-0.0080045330524444,0.8794171832348755,0,Normal,Defective
capsule,scratch,1,021.png,True,0.0565813221037387,0.1803957670927047,0.6182992458343506,0.0663820374011993,-0.0098007152974605,0.8523589259813306,0,Normal,Defective
capsule,scratch,1,022.png,True,0.057380486279726,0.1830043047666549,0.6128649711608887,0.0663820374011993,-0.0090015511214733,0.8643977878071172,0,Normal,Defective
capsule,squeeze,1,000.png,True,0.0649253204464912,0.197874903678894,0.6120466589927673,0.0663820374011993,-0.0014567169547081,0.9780555552113592,0,Normal,Defective
capsule,squeeze,1,002.png,True,0.0585824847221374,0.1861838549375534,0.6240810751914978,0.0663820374011993,-0.0077995526790618,0.8825050723899448,0,Normal,Defective
capsule,squeeze,1,003.png,True,0.0594522394239902,0.1872588247060775,0.6168015003204346,0.0663820374011993,-0.006929797977209,0.8956073322165932,0,Normal,Defective
capsule,squeeze,1,004.png,True,0.0583724528551101,0.1877013444900512,0.6319661140441895,0.0663820374011993,-0.0080095845460891,0.8793410859374367,0,Normal,Defective
capsule,squeeze,1,005.png,True,0.0620165280997753,0.1937673836946487,0.6199579834938049,0.0663820374011993,-0.004365509301424,0.9342365876021582,0,Normal,Defective
capsule,squeeze,1,006.png,True,0.0624050498008728,0.1915757656097412,0.5979745984077454,0.0663820374011993,-0.0039769876003265,0.9400894013497892,0,Normal,Defective
capsule,squeeze,1,007.png,True,0.0632490515708923,0.1911811828613281,0.6116853952407837,0.0663820374011993,-0.003132985830307,0.9528037108687718,0,Normal,Defective
capsule,squeeze,1,008.png,True,0.0542965829372406,0.1752887964248657,0.605334997177124,0.0663820374011993,-0.0120854544639587,0.817940892791272,0,Normal,Defective
capsule,squeeze,1,009.png,True,0.0522468574345111,0.1751157492399215,0.6059251427650452,0.0663820374011993,-0.0141351799666881,0.7870631797385481,0,Normal,Defective
capsule,squeeze,1,010.png,True,0.0556187517940998,0.1781296283006668,0.6087749600410461,0.0663820374011993,-0.0107632856070995,0.8378584624926702,0,Normal,Defective
capsule,squeeze,1,011.png,True,0.0633087530732154,0.1926154345273971,0.6207623481750488,0.0663820374011993,-0.0030732843279838,0.953703073176113,0,Normal,Defective
capsule,squeeze,1,012.png,True,0.0594900958240032,0.1855235248804092,0.606666088104248,0.0663820374011993,-0.0068919415771961,0.896177612995777,0,Normal,Defective
capsule,squeeze,1,013.png,True,0.0544476509094238,0.1760938167572021,0.6035289168357849,0.0663820374011993,-0.0119343864917755,0.8202166284887199,0,Normal,Defective
capsule,squeeze,1,015.png,True,0.0530859678983688,0.174436405301094,0.5960742831230164,0.0663820374011993,-0.0132960695028305,0.7997038050749813,0,Normal,Defective
capsule,squeeze,1,016.png,True,0.0617133677005767,0.1911645680665969,0.6036830544471741,0.0663820374011993,-0.0046686697006225,0.9296696834957612,0,Normal,Defective
capsule,squeeze,1,017.png,True,0.0608304738998413,0.1934165209531784,0.612292468547821,0.0663820374011993,-0.005551563501358,0.9163694921292408,0,Normal,Defective
capsule,squeeze,1,018.png,True,0.0528336279094219,0.1683627516031265,0.6060543656349182,0.0663820374011993,-0.0135484094917774,0.7959024756969475,0,Normal,Defective
capsule,squeeze,1,019.png,True,0.0544151216745376,0.1705406457185745,0.6039491295814514,0.0663820374011993,-0.0119669157266616,0.8197265978093424,0,Normal,Defective
metal_nut,bent,1,000.png,True,0.0157421734184026,0.1111929714679718,0.599295973777771,0.0263522500544786,-0.0106100766360759,0.5973749257030613,0,Normal,Defective
metal_nut,bent,1,001.png,True,0.0160032417625188,0.1123983636498451,0.6290760040283203,0.0263522500544786,-0.0103490082919597,0.6072817967890785,0,Normal,Defective
metal_nut,bent,1,002.png,True,0.0174048040062189,0.1177011728286743,0.6199076175689697,0.0263522500544786,-0.0089474460482597,0.6604674731849287,0,Normal,Defective
metal_nut,bent,1,003.png,True,0.017760083079338,0.1190268397331237,0.6994433403015137,0.0263522500544786,-0.0085921669751405,0.6739493987277073,0,Normal,Defective
metal_nut,bent,1,004.png,True,0.0172639209777116,0.1171260103583335,0.6639752388000488,0.0263522500544786,-0.0090883290767669,0.6551213252007535,0,Normal,Defective
metal_nut,bent,1,005.png,True,0.0164734609425067,0.1135013103485107,0.6444196701049805,0.0263522500544786,-0.0098787891119718,0.6251254032748933,0,Normal,Defective
metal_nut,bent,1,006.png,True,0.0162088070064783,0.1118826866149902,0.701228678226471,0.0263522500544786,-0.0101434430480003,0.6150824682131298,0,Normal,Defective
metal_nut,bent,1,007.png,True,0.0175723005086183,0.1167963966727256,0.6961504220962524,0.0263522500544786,-0.0087799495458602,0.6668235339407721,0,Normal,Defective
metal_nut,bent,1,008.png,True,0.015946777537465,0.1118111908435821,0.6637192964553833,0.0263522500544786,-0.0104054725170135,0.6051391249133541,0,Normal,Defective
metal_nut,bent,1,009.png,True,0.0158600006252527,0.1108079031109809,0.6820962429046631,0.0263522500544786,-0.0104922494292259,0.6018461646525424,0,Normal,Defective
metal_nut,bent,1,010.png,True,0.0146086020395159,0.1049982979893684,0.6863137483596802,0.0263522500544786,-0.0117436480149626,0.5543588122196493,0,Normal,Defective
metal_nut,bent,1,011.png,True,0.016418233513832,0.1131644248962402,0.6511173248291016,0.0263522500544786,-0.0099340165406465,0.6230296646354783,0,Normal,Defective
metal_nut,bent,1,012.png,True,0.0159217081964015,0.1116831302642822,0.6832866668701172,0.0263522500544786,-0.010430541858077,0.6041878080044878,0,Normal,Defective
metal_nut,bent,1,013.png,True,0.0171309951692819,0.1150675043463707,0.6816658973693848,0.0263522500544786,-0.0092212548851966,0.6500771332188575,0,Normal,Defective
metal_nut,bent,1,014.png,True,0.0170112531632184,0.1147814318537712,0.6899456977844238,0.0263522500544786,-0.0093409968912601,0.6455332325721986,0,Normal,Defective
metal_nut,bent,1,015.png,True,0.0158424377441406,0.1099939569830894,0.6720848083496094,0.0263522500544786,-0.010509812310338,0.601179698560433,0,Normal,Defective
metal_nut,bent,1,016.png,True,0.0154623612761497,0.1089866384863853,0.6628928184509277,0.0263522500544786,-0.0108898887783288,0.5867567757661694,0,Normal,Defective
metal_nut,bent,1,017.png,True,0.0154385296627879,0.1108865812420845,0.6495330333709717,0.0263522500544786,-0.0109137203916907,0.5858524274349047,0,Normal,Defective
metal_nut,bent,1,018.png,True,0.016479367390275,0.112134538590908,0.720264732837677,0.0263522500544786,-0.0098728826642036,0.6253495377513042,0,Normal,Defective
metal_nut,bent,1,019.png,True,0.015440434217453,0.1092674136161804,0.6921068429946899,0.0263522500544786,-0.0109118158370256,0.585924700377866,0,Normal,Defective
metal_nut,bent,1,020.png,True,0.0155231235548853,0.1114987656474113,0.6266210079193115,0.0263522500544786,-0.0108291264995932,0.589062547706327,0,Normal,Defective
metal_nut,bent,1,021.png,True,0.0147389573976397,0.1074676290154457,0.5969488024711609,0.0263522500544786,-0.0116132926568388,0.5593054622345169,0,Normal,Defective
metal_nut,bent,1,022.png,True,0.0166624076664447,0.1145463213324546,0.6886211633682251,0.0263522500544786,-0.0096898423880338,0.6322954446773303,0,Normal,Defective
metal_nut,bent,1,023.png,True,0.015598714351654,0.1108696460723877,0.6302806735038757,0.0263522500544786,-0.0107535357028245,0.5919310237041032,0,Normal,Defective
metal_nut,bent,1,024.png,True,0.0155383227393031,0.1091174483299255,0.7042251825332642,0.0263522500544786,-0.0108139273151755,0.5896393175983212,0,Normal,Defective
metal_nut,color,1,000.png,True,0.0157215241342782,0.1112556159496307,0.609331488609314,0.0263522500544786,-0.0106307259202003,0.5965913385679329,0,Normal,Defective
metal_nut,color,1,001.png,True,0.0170619636774063,0.1169798076152801,0.6745051145553589,0.0263522500544786,-0.0092902863770723,0.6474575659434659,0,Normal,Defective
metal_nut,color,1,002.png,True,0.0162623208016157,0.1146604791283607,0.6477843523025513,0.0263522500544786,-0.0100899292528629,0.6171131788745259,0,Normal,Defective
metal_nut,color,1,003.png,True,0.0153698176145553,0.1106281951069831,0.6654267907142639,0.0263522500544786,-0.0109824324399232,0.5832449822228069,0,Normal,Defective
metal_nut,color,1,004.png,True,0.0165132377296686,0.1151404157280922,0.6870718598365784,0.0263522500544786,-0.00983901232481,0.6266348298733657,0,Normal,Defective
metal_nut,color,1,005.png,True,0.0162368956953287,0.1137710213661193,0.6778756380081177,0.0263522500544786,-0.0101153543591499,0.6161483615919622,0,Normal,Defective
metal_nut,color,1,006.png,True,0.019020702689886,0.1215744987130165,0.6970412731170654,0.0263522500544786,-0.0073315473645925,0.7217866652966686,0,Normal,Defective
metal_nut,color,1,007.png,True,0.0195101387798786,0.1224792003631591,0.69535231590271,0.0263522500544786,-0.0068421112746,0.740359504009898,0,Normal,Defective
metal_nut,color,1,008.png,True,0.0171662326902151,0.1159753799438476,0.6858909130096436,0.0263522500544786,-0.0091860173642635,0.6514143063581646,0,Normal,Defective
metal_nut,color,1,009.png,True,0.0207624342292547,0.1256826370954513,0.7545554637908936,0.0263522500544786,-0.0055898158252239,0.7878808901073737,0,Normal,Defective
metal_nut,color,1,010.png,True,0.0229517817497253,0.1313362270593643,0.7158984541893005,0.0263522500544786,-0.0034004683047533,0.8709609882373068,0,Normal,Defective
metal_nut,color,1,011.png,True,0.0186176840215921,0.1196227148175239,0.6917915344238281,0.0263522500544786,-0.0077345660328865,0.7064931451053839,0,Normal,Defective
metal_nut,color,1,012.png,True,0.0182858053594827,0.1193365454673767,0.6848096251487732,0.0263522500544786,-0.0080664446949958,0.693899204875488,0,Normal,Defective
metal_nut,color,1,013.png,True,0.017183082178235,0.1151401996612548,0.6761544942855835,0.0263522500544786,-0.0091691678762435,0.6520537010202944,0,Normal,Defective
metal_nut,color,1,014.png,True,0.0172660816460847,0.1162656918168068,0.688362717628479,0.0263522500544786,-0.0090861684083938,0.6552033169991252,0,Normal,Defective
metal_nut,color,1,015.png,True,0.0172296073287725,0.1157486960291862,0.6502397060394287,0.0263522500544786,-0.0091226427257061,0.6538192106235088,0,Normal,Defective
metal_nut,color,1,016.png,True,0.0152755985036492,0.1105403378605842,0.6687660217285156,0.0263522500544786,-0.0110766515508294,0.579669609694414,0,Normal,Defective
metal_nut,color,1,017.png,True,0.0197281185537576,0.1236564889550209,0.715596079826355,0.0263522500544786,-0.0066241315007209,0.7486312748616627,0,Normal,Defective
metal_nut,color,1,018.png,True,0.0151270227506756,0.1097603663802146,0.6784735918045044,0.0263522500544786,-0.0112252273038029,0.5740315426350014,0,Normal,Defective
metal_nut,color,1,019.png,True,0.0156342964619398,0.1120274141430854,0.6599133014678955,0.0263522500544786,-0.0107179535925388,0.5932812731215988,0,Normal,Defective
metal_nut,color,1,020.png,True,0.0160182267427444,0.1117105484008789,0.6471338272094727,0.0263522500544786,-0.0103340233117341,0.6078504381838202,0,Normal,Defective
metal_nut,color,1,021.png,True,0.0162411928176879,0.1126871705055236,0.6749624013900757,0.0263522500544786,-0.0101110572367906,0.6163114263151032,0,Normal,Defective
metal_nut,flip,1,000.png,True,0.0172907467931509,0.1152016147971153,0.6719943284988403,0.0263522500544786,-0.0090615032613277,0.6561392957870892,0,Normal,Defective
metal_nut,flip,1,001.png,True,0.0160418879240751,0.1113962903618812,0.6488285064697266,0.0263522500544786,-0.0103103621304035,0.6087483190585754,0,Normal,Defective
metal_nut,flip,1,002.png,True,0.0151184322312474,0.1075293943285942,0.5050351619720459,0.0263522500544786,-0.0112338178232312,0.573705554553889,0,Normal,Defective
metal_nut,flip,1,003.png,True,0.0157641377300024,0.1102816089987754,0.6875777244567871,0.0263522500544786,-0.0105881123244762,0.5982084147430606,0,Normal,Defective
metal_nut,flip,1,004.png,True,0.0184480119496583,0.1166406646370887,0.7010990977287292,0.0263522500544786,-0.0079042381048202,0.7000545270904903,0,Normal,Defective
metal_nut,flip,1,005.png,True,0.0161049403250217,0.1111026406288147,0.6478352546691895,0.0263522500544786,-0.0102473097294569,0.6111409952367487,0,Normal,Defective
metal_nut,flip,1,006.png,True,0.0160670932382345,0.1113285645842552,0.6634546518325806,0.0263522500544786,-0.0102851568162441,0.6097047957961323,0,Normal,Defective
metal_nut,flip,1,007.png,True,0.0166390594094991,0.1137660518288612,0.6409566402435303,0.0263522500544786,-0.0097131906449794,0.6314094384768222,0,Normal,Defective
metal_nut,flip,1,008.png,True,0.0160210002213716,0.1102529987692833,0.6528171300888062,0.0263522500544786,-0.0103312498331069,0.6079556845525923,0,Normal,Defective
metal_nut,flip,1,009.png,True,0.0159105900675058,0.1102370023727417,0.5618561506271362,0.0263522500544786,-0.0104416599869728,0.6037659036557974,0,Normal,Defective
metal_nut,flip,1,010.png,True,0.0154879568144679,0.1089748069643974,0.6302622556686401,0.0263522500544786,-0.0108642932400107,0.5877280605052426,0,Normal,Defective
metal_nut,flip,1,011.png,True,0.0128746284171938,0.0994109734892845,0.5294270515441895,0.0263522500544786,-0.0134776216372847,0.4885589803746495,0,Normal,Defective
metal_nut,flip,1,012.png,True,0.0163062643259763,0.1116480827331543,0.6386544704437256,0.0263522500544786,-0.0100459857285022,0.6187807224152031,0,Normal,Defective
metal_nut,flip,1,013.png,True,0.0145956026390194,0.1060384735465049,0.596383273601532,0.0263522500544786,-0.0117566474154591,0.5538655184603078,0,Normal,Defective
metal_nut,flip,1,014.png,True,0.0165518820285797,0.1125558838248252,0.6394603252410889,0.0263522500544786,-0.0098003680258989,0.6281012814602778,0,Normal,Defective
metal_nut,flip,1,015.png,True,0.0152049558237195,0.1082002744078636,0.6378862857818604,0.0263522500544786,-0.0111472942307591,0.5769889019831675,0,Normal,Defective
metal_nut,flip,1,016.png,True,0.0135867968201637,0.1031489744782447,0.5822948813438416,0.0263522500544786,-0.0127654532343149,0.5155839365547691,0,Normal,Defective
metal_nut,flip,1,017.png,True,0.0113842822611331,0.0937206819653511,0.5523934364318848,0.0263522500544786,-0.0149679677933454,0.4320041832328621,0,Normal,Defective
metal_nut,flip,1,018.png,True,0.0125970691442489,0.0983961820602417,0.5825411677360535,0.0263522500544786,-0.0137551809102296,0.4780263210240771,0,Normal,Defective
metal_nut,flip,1,019.png,True,0.0148057835176587,0.1075789108872413,0.6376216411590576,0.0263522500544786,-0.0115464665368199,0.5618413413295015,0,Normal,Defective
metal_nut,flip,1,020.png,True,0.0134408548474311,0.101250909268856,0.6336907148361206,0.0263522500544786,-0.0129113952070474,0.5100458146702683,0,Normal,Defective
metal_nut,flip,1,021.png,True,0.0132812364026904,0.1012639179825782,0.626065194606781,0.0263522500544786,-0.0130710136517882,0.5039887059068501,0,Normal,Defective
metal_nut,flip,1,022.png,True,0.0120465522632002,0.0971762239933013,0.3511929810047149,0.0263522500544786,-0.0143056977912783,0.4571356236486886,0,Normal,Defective
metal_nut,scratch,1,000.png,True,0.0165503341704607,0.114113301038742,0.6653653383255005,0.0263522500544786,-0.0098019158840179,0.6280425442323063,0,Normal,Defective
metal_nut,scratch,1,001.png,True,0.0175026450306177,0.116556204855442,0.6864956021308899,0.0263522500544786,-0.0088496050238609,0.6641802879994715,0,Normal,Defective
metal_nut,scratch,1,002.png,True,0.0156028876081109,0.1087301895022392,0.6871376037597656,0.0263522500544786,-0.0107493624463677,0.5920893880353547,0,Normal,Defective
metal_nut,scratch,1,003.png,True,0.0170845184475183,0.1161760315299034,0.696692705154419,0.0263522500544786,-0.0092677316069602,0.648313461362848,0,Normal,Defective
metal_nut,scratch,1,004.png,True,0.0150070572271943,0.1084738001227378,0.5604678392410278,0.0263522500544786,-0.0113451928272843,0.5694791600781662,0,Normal,Defective
metal_nut,scratch,1,005.png,True,0.0177037138491868,0.1150881275534629,0.7130364775657654,0.0263522500544786,-0.0086485362052917,0.6718103316638079,0,Normal,Defective
metal_nut,scratch,1,006.png,True,0.0145933302119374,0.1046705842018127,0.6586600542068481,0.0263522500544786,-0.0117589198425412,0.5537792857068479,0,Normal,Defective
metal_nut,scratch,1,007.png,True,0.0156935192644596,0.1086668968200683,0.664650022983551,0.0263522500544786,-0.010658730790019,0.5955286259054167,0,Normal,Defective
metal_nut,scratch,1,008.png,True,0.0152058871462941,0.1089841499924659,0.672690749168396,0.0263522500544786,-0.0111463629081845,0.5770242432755692,0,Normal,Defective
metal_nut,scratch,1,009.png,True,0.0147371254861354,0.104298323392868,0.6997523307800293,0.0263522500544786,-0.0116151245683431,0.5592359459123629,0,Normal,Defective
metal_nut,scratch,1,010.png,True,0.0145609704777598,0.1043647229671478,0.6970077157020569,0.0263522500544786,-0.0117912795767188,0.5525513171610619,0,Normal,Defective
metal_nut,scratch,1,011.png,True,0.0164586994796991,0.1136904135346412,0.6943602561950684,0.0263522500544786,-0.0098935505747795,0.6245652437903279,0,Normal,Defective
metal_nut,scratch,1,012.png,True,0.0148247219622135,0.1076806411147117,0.6500715017318726,0.0263522500544786,-0.0115275280922651,0.5625600065104881,0,Normal,Defective
metal_nut,scratch,1,013.png,True,0.0154988365247845,0.1102185770869255,0.6788161993026733,0.0263522500544786,-0.010853413529694,0.5881409174830781,0,Normal,Defective
metal_nut,scratch,1,014.png,True,0.0165015999227762,0.1124132499098777,0.6534143686294556,0.0263522500544786,-0.0098506501317024,0.6261932050835153,0,Normal,Defective
metal_nut,scratch,1,015.png,True,0.0159016363322734,0.111055850982666,0.6197490096092224,0.0263522500544786,-0.0104506137222051,0.6034261324706485,0,Normal,Defective
metal_nut,scratch,1,016.png,True,0.0151124522089958,0.1080772578716278,0.6808850765228271,0.0263522500544786,-0.0112397978454828,0.5734786281153784,0,Normal,Defective
metal_nut,scratch,1,017.png,True,0.0151757718995213,0.1075108870863914,0.6650487780570984,0.0263522500544786,-0.0111764781549572,0.575881447244471,0,Normal,Defective
metal_nut,scratch,1,018.png,True,0.0157700572162866,0.1096802875399589,0.630468487739563,0.0263522500544786,-0.0105821928381919,0.5984330439975653,0,Normal,Defective
metal_nut,scratch,1,019.png,True,0.0180362965911626,0.1190260052680969,0.6880145072937012,0.0263522500544786,-0.0083159534633159,0.6844309899107593,0,Normal,Defective
metal_nut,scratch,1,020.png,True,0.0168784018605947,0.1145833507180213,0.5629537105560303,0.0263522500544786,-0.0094738481938838,0.6404918678936948,0,Normal,Defective
metal_nut,scratch,1,021.png,True,0.0161805786192417,0.111509121954441,0.6382431387901306,0.0263522500544786,-0.0101716714352369,0.6140112736404373,0,Normal,Defective
metal_nut,scratch,1,022.png,True,0.0163565520197153,0.1111639514565467,0.6623932123184204,0.0263522500544786,-0.0099956980347633,0.6206890108397201,0,Normal,Defective
hazelnut,crack,1,000.png,True,0.0072228959761559,0.0626579821109771,0.5387063026428223,0.0084260333608835,-0.0012031373847275,0.8572118892487472,0,Normal,Defective
hazelnut,crack,1,001.png,True,0.0049297208897769,0.0532640181481838,0.5021675825119019,0.0084260333608835,-0.0034963124711066,0.5850583161303781,0,Normal,Defective
hazelnut,crack,1,002.png,True,0.0043384749442338,0.0506894178688526,0.3585458993911743,0.0084260333608835,-0.0040875584166496,0.5148893623391662,0,Normal,Defective
hazelnut,crack,1,003.png,True,0.0036320660728961,0.0465563796460628,0.3400202691555023,0.0084260333608835,-0.0047939672879874,0.4310528949193772,0,Normal,Defective
hazelnut,crack,1,004.png,True,0.0046538305468857,0.0523124076426029,0.3883378207683563,0.0084260333608835,-0.0037722028139978,0.5523157039100195,0,Normal,Defective
hazelnut,crack,1,005.png,True,0.0037285170983523,0.0467753298580646,0.2991173565387726,0.0084260333608835,-0.0046975162625312,0.4424996838561441,0,Normal,Defective
hazelnut,crack,1,006.png,True,0.0051088607870042,0.0550736747682094,0.4166709184646606,0.0084260333608835,-0.0033171725738793,0.606318604281967,0,Normal,Defective
hazelnut,crack,1,007.png,True,0.0068502016365528,0.0590673983097076,0.5596473217010498,0.0084260333608835,-0.0015758317243307,0.812980597531656,0,Normal,Defective
hazelnut,crack,1,009.png,True,0.0083159515634179,0.0588925071060657,0.7743269205093384,0.0084260333608835,-0.0001100817974656,0.9869355136929888,0,Normal,Defective
hazelnut,crack,1,011.png,True,0.0069789257831871,0.059024441987276,0.5934388637542725,0.0084260333608835,-0.0014471075776964,0.8282575542111678,0,Normal,Defective
hazelnut,crack,1,012.png,True,0.0043609216809272,0.0497431196272373,0.3575409948825836,0.0084260333608835,-0.0040651116799563,0.5175533366829644,0,Normal,Defective
hazelnut,crack,1,013.png,True,0.0036098056007176,0.0463220886886119,0.3186285197734833,0.0084260333608835,-0.0048162277601659,0.4284110264119726,0,Normal,Defective
hazelnut,crack,1,014.png,True,0.0035115331411361,0.0466246120631694,0.2745827734470367,0.0084260333608835,-0.0049145002197474,0.4167480700275715,0,Normal,Defective
hazelnut,crack,1,015.png,True,0.0045210500247776,0.0499325692653656,0.5155097246170044,0.0084260333608835,-0.0039049833361059,0.536557337378445,0,Normal,Defective
hazelnut,crack,1,016.png,True,0.0053358636796474,0.0549228377640247,0.4120535254478454,0.0084260333608835,-0.0030901696812361,0.6332592634178583,0,Normal,Defective
hazelnut,crack,1,017.png,True,0.0051705883815884,0.0508046895265579,0.5741660594940186,0.0084260333608835,-0.0032554449792951,0.6136444231982303,0,Normal,Defective
hazelnut,cut,1,000.png,True,0.0056126043200492,0.0560592524707317,0.4126572608947754,0.0084260333608835,-0.0028134290408343,0.666102788781354,0,Normal,Defective
hazelnut,cut,1,001.png,True,0.0045401006937026,0.0505549646914005,0.4237043559551239,0.0084260333608835,-0.0038859326671808,0.5388182670601961,0,Normal,Defective
hazelnut,cut,1,002.png,True,0.0045209340751171,0.0505872778594493,0.4136521220207214,0.0084260333608835,-0.0039050992857664,0.5365435764952899,0,Normal,Defective
hazelnut,cut,1,003.png,True,0.0044564618729054,0.0504723191261291,0.3635863065719604,0.0084260333608835,-0.0039695714879781,0.5288920280797663,0,Normal,Defective
hazelnut,cut,1,004.png,True,0.0046837166883051,0.0517086535692215,0.4146955609321594,0.0084260333608835,-0.0037423166725784,0.5558625853593799,0,Normal,Defective
hazelnut,cut,1,005.png,True,0.0041609848849475,0.0486819334328174,0.5263485908508301,0.0084260333608835,-0.004265048475936,0.4938248766334338,0,Normal,Defective
hazelnut,cut,1,006.png,True,0.0037312749773263,0.0472279749810695,0.5001778602600098,0.0084260333608835,-0.0046947583835572,0.4428269883962474,0,Normal,Defective
hazelnut,cut,1,007.png,True,0.0033108042553067,0.0451344661414623,0.3680173754692077,0.0084260333608835,-0.0051152291055768,0.3929256049087769,0,Normal,Defective
hazelnut,cut,1,008.png,True,0.0048675681464374,0.05303755402565,0.4258316457271576,0.0084260333608835,-0.0035584652144461,0.5776820406425462,0,Normal,Defective
hazelnut,cut,1,009.png,True,0.0039984174072742,0.047761607915163,0.5233516693115234,0.0084260333608835,-0.0044276159536093,0.4745314000103784,0,Normal,Defective
hazelnut,cut,1,010.png,True,0.0040197451598942,0.0480764359235763,0.4046633541584015,0.0084260333608835,-0.0044062882009893,0.4770625735420419,0,Normal,Defective
hazelnut,cut,1,011.png,True,0.0043282993137836,0.0501410774886608,0.4673112034797668,0.0084260333608835,-0.0040977340470999,0.5136817204969812,0,Normal,Defective
hazelnut,cut,1,012.png,True,0.0051092491485178,0.0532065629959106,0.5055303573608398,0.0084260333608835,-0.0033167842123657,0.6063646949508478,0,Normal,Defective
hazelnut,cut,1,013.png,True,0.0043455641716718,0.0484502129256725,0.5339139699935913,0.0084260333608835,-0.0040804691892117,0.5157307104723083,0,Normal,Defective
hazelnut,cut,1,014.png,True,0.0037626114208251,0.0461940616369247,0.4322569966316223,0.0084260333608835,-0.0046634219400584,0.446545991414228,0,Normal,Defective
hazelnut,cut,1,015.png,True,0.0049776132218539,0.0522901080548763,0.6161792278289795,0.0084260333608835,-0.0034484201390296,0.5907421687839123,0,Normal,Defective
hazelnut,cut,1,016.png,True,0.0042679379694163,0.0515038184821605,0.4644766747951507,0.0084260333608835,-0.0041580953914672,0.5065180478906653,0,Normal,Defective
hazelnut,hole,1,000.png,True,0.0045157657004892,0.0510843880474567,0.5246438980102539,0.0084260333608835,-0.0039102676603943,0.5359301947999573,0,Normal,Defective
hazelnut,hole,1,001.png,True,0.004460132215172,0.0513571500778198,0.3598869442939758,0.0084260333608835,-0.0039659011457115,0.529327623585903,0,Normal,Defective
hazelnut,hole,1,002.png,True,0.0047684763558208,0.0532600246369838,0.5199809670448303,0.0084260333608835,-0.0036575570050626,0.5659218462103086,0,Normal,Defective
hazelnut,hole,1,003.png,True,0.0043684071861207,0.0518061406910419,0.4468033909797668,0.0084260333608835,-0.0040576261747628,0.518441714983034,0,Normal,Defective
hazelnut,hole,1,004.png,True,0.0044738012365996,0.0524034984409809,0.5380762815475464,0.0084260333608835,-0.0039522321242839,0.5309498603896508,0,Normal,Defective
hazelnut,hole,1,005.png,True,0.003955896012485,0.0499992072582244,0.3248822689056396,0.0084260333608835,-0.0044701373483985,0.469484969149255,0,Normal,Defective
hazelnut,hole,1,006.png,True,0.0046152113936841,0.0515156351029872,0.5164029002189636,0.0084260333608835,-0.0038108219671994,0.5477323903213429,0,Normal,Defective
hazelnut,hole,1,007.png,True,0.0063072703778743,0.0605588257312774,0.4473381340503692,0.0084260333608835,-0.0021187629830092,0.7485456213780008,0,Normal,Defective
hazelnut,hole,1,008.png,True,0.0039480030536651,0.0487490892410278,0.6014392375946045,0.0084260333608835,-0.0044780303072184,0.4685482343320742,0,Normal,Defective
hazelnut,hole,1,009.png,True,0.0042588552460074,0.0512298233807086,0.4336563348770141,0.0084260333608835,-0.0041671781148761,0.5054401120435202,0,Normal,Defective
hazelnut,hole,1,010.png,True,0.0050008320249617,0.0528134293854236,0.5283676385879517,0.0084260333608835,-0.0034252013359218,0.5934977718195622,0,Normal,Defective
hazelnut,hole,1,011.png,True,0.0049019400030374,0.0534918755292892,0.4546608328819275,0.0084260333608835,-0.0035240933578461,0.5817612858968567,0,Normal,Defective
hazelnut,hole,1,012.png,True,0.0040187765844166,0.0491530261933803,0.4770329892635345,0.0084260333608835,-0.0044072567764669,0.476947623192795,0,Normal,Defective
hazelnut,hole,1,013.png,True,0.0043232305906713,0.0501283705234527,0.5626968741416931,0.0084260333608835,-0.0041028027702122,0.5130801654241192,0,Normal,Defective
hazelnut,hole,1,014.png,True,0.0047647007741034,0.0511571653187274,0.5862707495689392,0.0084260333608835,-0.0036613325867801,0.5654737609066094,0,Normal,Defective
hazelnut,hole,1,015.png,True,0.0045119640417397,0.0507161617279052,0.5685388445854187,0.0084260333608835,-0.0039140693191438,0.5354790146791629,0,Normal,Defective
hazelnut,hole,1,016.png,True,0.0042826863937079,0.050412505865097,0.3808488845825195,0.0084260333608835,-0.0041433469671756,0.5082683880163142,0,Normal,Defective
hazelnut,hole,1,017.png,True,0.0047711678780615,0.0504797101020813,0.6247440576553345,0.0084260333608835,-0.003654865482822,0.5662412755461967,0,Normal,Defective
hazelnut,print,1,001.png,True,0.0072935870848596,0.0589348338544368,0.7842732667922974,0.0084260333608835,-0.0011324462760239,0.8656014962768638,0,Normal,Defective
hazelnut,print,1,003.png,True,0.0071005909703671,0.0659921467304229,0.7432588934898376,0.0084260333608835,-0.0013254423905164,0.8426967549559514,0,Normal,Defective
hazelnut,print,1,005.png,True,0.0055843442678451,0.0565363876521587,0.76823890209198,0.0084260333608835,-0.0028416890930384,0.66274889128371,0,Normal,Defective
hazelnut,print,1,006.png,True,0.0081573249772191,0.0619472675025463,0.7767382264137268,0.0084260333608835,-0.0002687083836644,0.9681097413034322,0,Normal,Defective
hazelnut,print,1,007.png,True,0.0068366038613021,0.0607436597347259,0.7898930311203003,0.0084260333608835,-0.0015894294995814,0.8113668162103288,0,Normal,Defective
hazelnut,print,1,009.png,True,0.0065035987645387,0.0603611953556537,0.7643287181854248,0.0084260333608835,-0.0019224345963448,0.7718458361119955,0,Normal,Defective
hazelnut,print,1,012.png,True,0.0069521167315542,0.0587143152952194,0.7679890990257263,0.0084260333608835,-0.0014739166293293,0.8250758611790303,0,Normal,Defective
hazelnut,print,1,013.png,True,0.0059215151704847,0.0594961903989315,0.7182649374008179,0.0084260333608835,-0.0025045181903988,0.7027642684129871,0,Normal,Defective
hazelnut,print,1,014.png,True,0.007092148065567,0.0602878220379352,0.7432122230529785,0.0084260333608835,-0.0013338852953165,0.8416947526568185,0,Normal,Defective
hazelnut,print,1,015.png,True,0.004903616849333,0.0532682090997695,0.7612861394882202,0.0084260333608835,-0.0035224165115505,0.5819602936889905,0,Normal,Defective
