epoch,learning_rate,loss,mae,val_loss,val_mae
0,0.0010000000474974,0.0835604518651962,0.2337013483047485,0.078813798725605,0.2693742215633392
1,0.0010000000474974,0.0371917858719825,0.1477249413728714,0.0384594723582267,0.1866306960582733
2,0.0010000000474974,0.02096145786345,0.0949918329715728,0.0171002838760614,0.120069220662117
3,0.0010000000474974,0.0131346564739942,0.0710886865854263,0.0118757020682096,0.0838830545544624
4,0.0010000000474974,0.0090677374973893,0.0551667511463165,0.0118765961378812,0.0676334947347641
5,0.0010000000474974,0.007101607043296,0.0481206513941288,0.014442915096879,0.066686138510704
6,0.0010000000474974,0.0056056375615298,0.0426678881049156,0.0138454865664243,0.0681123733520507
7,0.0005000000237487,0.0045571741648018,0.0367684178054332,0.0127094406634569,0.0654009580612182
8,0.0005000000237487,0.0040072631090879,0.0368883349001407,0.0119682494550943,0.0644687116146087
9,0.0005000000237487,0.0031324897427111,0.0312293320894241,0.0124268680810928,0.0665465220808982
10,0.0002500000118743,0.0027670422568917,0.0281907804310321,0.0118209570646286,0.0658737123012542
11,0.0002500000118743,0.002594870980829,0.0285600088536739,0.0118903098627924,0.0665260702371597
12,0.0002500000118743,0.0024175657890737,0.0256354473531246,0.0113143743947148,0.0658742114901542
13,0.0002500000118743,0.0021946183405816,0.0273139029741287,0.0110394181683659,0.0659553259611129
14,0.0002500000118743,0.0023442115634679,0.0246113669127225,0.0110902898013591,0.0671447142958641
15,0.0002500000118743,0.0020833865273743,0.0266693737357854,0.0105740614235401,0.0670350641012191
16,0.0002500000118743,0.002456416375935,0.0247451066970825,0.0104423845186829,0.06624136865139
17,0.0002500000118743,0.0019756348337978,0.0271584056317806,0.0097205257043242,0.0658355504274368
18,0.0002500000118743,0.008856532163918,0.0576935745775699,0.0088233845308423,0.0753198489546775
19,0.0002500000118743,0.00831114128232,0.0585522130131721,0.0105183450505137,0.0795540735125541
20,0.0002500000118743,0.0030015727970749,0.0366312712430954,0.0071798460558056,0.0600879900157451
21,0.0002500000118743,0.0078394543379545,0.055580660700798,0.0085740853101015,0.0766461119055748
22,0.0002500000118743,0.0050970646552741,0.0428172200918197,0.0081506920978426,0.0591221824288368
23,0.0002500000118743,0.003444171976298,0.0335479490458965,0.0071276314556598,0.0577095225453376
24,0.0001250000059371,0.0030679213814437,0.0257046371698379,0.0066620530560612,0.0583964698016643
25,0.0001250000059371,0.0026387860998511,0.0295834336429834,0.0073774470947682,0.0615544728934764
26,0.0001250000059371,0.002239903435111,0.0255449302494525,0.0073429867625236,0.0612255111336708
27,0.0001250000059371,0.0022301564458757,0.0275438968092203,0.0072393021546304,0.0618771836161613
28,6.25000029685907e-05,0.0021580934990197,0.0254394356161355,0.0069405371323227,0.061663843691349
29,6.25000029685907e-05,0.0019959365017712,0.0226308647543191,0.0067294733598828,0.0613680966198444
30,6.25000029685907e-05,0.0018799751996994,0.0234524141997098,0.0065365186892449,0.0608944706618785
31,6.25000029685907e-05,0.0018661045469343,0.0244751442223787,0.0063068359158933,0.0604995898902416
32,6.25000029685907e-05,0.0027260552160441,0.0271420404314994,0.0062988819554448,0.0623180270195007
33,6.25000029685907e-05,0.0025158748030662,0.0247658435255289,0.0064402273856103,0.0627087727189064
34,6.25000029685907e-05,0.0021030507050454,0.0209308322519063,0.0062571158632636,0.0610649101436138
35,3.125000148429535e-05,0.0019946158863604,0.021966254338622,0.0059676147066056,0.0598427057266235
36,3.125000148429535e-05,0.0018544578924775,0.0221376754343509,0.0057706339284777,0.059138435870409
37,3.125000148429535e-05,0.0019090701825916,0.0245827864855527,0.0055350270122289,0.0583614706993103
38,3.125000148429535e-05,0.0019222128903493,0.0234367065131664,0.0053038643673062,0.0575237497687339
39,3.125000148429535e-05,0.001924347365275,0.0239513628184795,0.0050119995139539,0.0563064739108085
