Category,Defect Type,Label,File,Ground Truth Available,Reconstruction Error,MAE,Maximum Absolute Error,Threshold,Threshold Margin,Normalized Anomaly Score,Predicted Label,Prediction,True Class,Score Band
bottle,good,0,009.png,False,0.1068608239293098,0.3076090514659881,0.660378098487854,0.1075413331389427,-0.0006805092096328,0.9936721148067444,0,Normal,Normal,Borderline Normal
bottle,good,0,008.png,False,0.1063109040260315,0.3061320185661316,0.6799277663230896,0.1075413331389427,-0.0012304291129112,0.9885585469605298,0,Normal,Normal,Borderline Normal
bottle,good,0,004.png,False,0.1061995849013328,0.3064639866352081,0.6700292229652405,0.1075413331389427,-0.0013417482376098,0.987523418220264,0,Normal,Normal,Borderline Normal
bottle,good,0,018.png,False,0.1059744656085968,0.3069162368774414,0.654427170753479,0.1075413331389427,-0.0015668675303459,0.9854300901373284,0,Normal,Normal,Borderline Normal
bottle,good,0,001.png,False,0.1059653759002685,0.3060897290706634,0.675173282623291,0.1075413331389427,-0.0015759572386741,0.9853455672096044,0,Normal,Normal,Borderline Normal
capsule,good,0,007.png,False,0.0657417699694633,0.2070807069540023,0.623724639415741,0.0663820374011993,-0.0006402674317359,0.9903548089693852,0,Normal,Normal,Borderline Normal
capsule,good,0,006.png,False,0.0640287399291992,0.2020381838083267,0.6198495030403137,0.0663820374011993,-0.0023532974720001,0.9645491828191822,0,Normal,Normal,Borderline Normal
capsule,good,0,005.png,False,0.0639889016747474,0.1997600048780441,0.604472279548645,0.0663820374011993,-0.0023931357264518,0.9639490467581124,0,Normal,Normal,Borderline Normal
capsule,good,0,015.png,False,0.0622065551578998,0.1903035640716552,0.6230159997940063,0.0663820374011993,-0.0041754822432994,0.9370992152882603,0,Normal,Normal,Borderline Normal
capsule,good,0,002.png,False,0.0621513612568378,0.1933356523513794,0.6202026605606079,0.0663820374011993,-0.0042306761443614,0.9362677569115246,0,Normal,Normal,Borderline Normal
hazelnut,good,0,028.png,False,0.0060882680118083,0.05628527328372,0.4327301979064941,0.0084260333608835,-0.0023377653490751,0.7225544631798076,0,Normal,Normal,Low
hazelnut,good,0,004.png,False,0.0052765221334993,0.0551346652209758,0.2947581112384796,0.0084260333608835,-0.0031495112273842,0.6262166202657976,0,Normal,Normal,Low
hazelnut,good,0,025.png,False,0.0051978747360408,0.054556805640459,0.3172216415405273,0.0084260333608835,-0.0032281586248427,0.6168827624361265,0,Normal,Normal,Low
hazelnut,good,0,005.png,False,0.0048446711152791,0.0516688115894794,0.4423730075359344,0.0084260333608835,-0.0035813622456043,0.5749646254392663,0,Normal,Normal,Low
hazelnut,good,0,017.png,False,0.0048176362179219,0.0523665659129619,0.28496053814888,0.0084260333608835,-0.0036083971429616,0.5717561290805016,0,Normal,Normal,Low
metal_nut,good,0,012.png,False,0.0236482229083776,0.1319304853677749,0.7401719093322754,0.0263522500544786,-0.0027040271461009,0.8973891360126405,0,Normal,Normal,Borderline Normal
metal_nut,good,0,007.png,False,0.0225451868027448,0.1316384524106979,0.7186555862426758,0.0263522500544786,-0.0038070632517337,0.8555317574831999,0,Normal,Normal,Borderline Normal
metal_nut,good,0,009.png,False,0.0216822829097509,0.1271698921918869,0.7382380962371826,0.0263522500544786,-0.0046699671447277,0.8227867777865886,0,Normal,Normal,Borderline Normal
metal_nut,good,0,013.png,False,0.0214009657502174,0.1274821758270263,0.6796169281005859,0.0263522500544786,-0.0049512843042612,0.8121115163211757,0,Normal,Normal,Borderline Normal
metal_nut,good,0,005.png,False,0.0204766262322664,0.1260774582624435,0.6863950490951538,0.0263522500544786,-0.0058756238222122,0.7770352129300003,0,Normal,Normal,Borderline Normal
screw,good,0,007.png,False,0.030047707259655,0.1074986681342125,0.7152706384658813,0.0247877840138971,0.0052599232457578,1.2121982038736847,1,Defective,Normal,Borderline Anomaly
screw,good,0,033.png,False,0.0292348843067884,0.1058233976364135,0.7055214047431946,0.0247877840138971,0.0044471002928912,1.179406932479241,1,Defective,Normal,Borderline Anomaly
screw,good,0,038.png,False,0.0286548193544149,0.1039200499653816,0.706135630607605,0.0247877840138971,0.0038670353405177,1.1560056896715625,1,Defective,Normal,Borderline Anomaly
screw,good,0,020.png,False,0.0286119133234024,0.1035850420594215,0.6753526926040649,0.0247877840138971,0.0038241293095052,1.1542747551520232,1,Defective,Normal,Borderline Anomaly
screw,good,0,026.png,False,0.0276107247918844,0.1070709452033042,0.6324049830436707,0.0247877840138971,0.0028229407779872,1.1138843543418229,1,Defective,Normal,Borderline Anomaly
