Category,Defect Type,File,Reconstruction Error,Threshold,Normalized Anomaly Score,Prediction
bottle,good,009.png,0.1052723154425621,0.106165312230587,0.9915886199619952,Normal
bottle,good,004.png,0.104588896036148,0.106165312230587,0.985151306379479,Normal
bottle,good,008.png,0.1045355200767517,0.106165312230587,0.984648543675966,Normal
bottle,good,018.png,0.104484386742115,0.106165312230587,0.9841669048660538,Normal
bottle,good,001.png,0.1043386086821556,0.106165312230587,0.9827937816029414,Normal
bottle,good,010.png,0.1042676195502281,0.106165312230587,0.9821251156287548,Normal
bottle,good,000.png,0.1038786992430687,0.106165312230587,0.9784617692966242,Normal
bottle,good,014.png,0.1038283482193946,0.106165312230587,0.9779874992868054,Normal
bottle,good,003.png,0.1033644080162048,0.106165312230587,0.9736175201152452,Normal
bottle,good,007.png,0.1033547297120094,0.106165312230587,0.973526357531233,Normal
bottle,good,012.png,0.1033113896846771,0.106165312230587,0.9731181260060604,Normal
bottle,good,015.png,0.1030235514044761,0.106165312230587,0.9704068988250412,Normal
bottle,good,017.png,0.102931223809719,0.106165312230587,0.9695372400559272,Normal
bottle,good,002.png,0.1028039455413818,0.106165312230587,0.9683383713702608,Normal
bottle,good,005.png,0.1026784181594848,0.106165312230587,0.9671559947609936,Normal
bottle,good,019.png,0.1025232672691345,0.106165312230587,0.965694586254858,Normal
bottle,good,006.png,0.1024607196450233,0.106165312230587,0.9651054331426312,Normal
bottle,good,016.png,0.1022535562515258,0.106165312230587,0.9631541046988592,Normal
bottle,good,011.png,0.1022363528609275,0.106165312230587,0.9629920612758536,Normal
bottle,good,013.png,0.0999668911099433,0.106165312230587,0.9416153827421438,Normal
capsule,good,007.png,0.0652755573391914,0.0660318174958229,0.9885470340615824,Normal
capsule,good,005.png,0.0636752992868423,0.0660318174958229,0.9643123830548868,Normal
capsule,good,006.png,0.0636007785797119,0.0660318174958229,0.9631838254904196,Normal
capsule,good,015.png,0.0619026720523834,0.0660318174958229,0.9374673362019652,Normal
capsule,good,002.png,0.0617331080138683,0.0660318174958229,0.9348994220517024,Normal
