Category,Multiplier,Threshold,Accuracy,Precision,Recall,F1
screw,0.75,0.018590838010422824,0.70625,0.7337662337662337,0.9495798319327731,0.8278388278388278
screw,0.9,0.02230900561250739,0.175,0.40298507462686567,0.226890756302521,0.2903225806451613
screw,1.0,0.0247877840138971,0.125,0.18181818181818182,0.05042016806722689,0.07894736842105263
screw,1.1,0.02726656241528681,0.225,0.14285714285714285,0.008403361344537815,0.015873015873015872
screw,1.25,0.030984730017371374,0.25625,0.0,0.0,0.0
bottle,0.75,0.08065599985420702,0.7590361445783133,0.7590361445783133,1.0,0.863013698630137
bottle,0.9,0.09678719982504842,0.7349397590361446,0.7530864197530864,0.9682539682539683,0.8472222222222222
bottle,1.0,0.1075413331389427,0.26506024096385544,1.0,0.031746031746031744,0.06153846153846154
bottle,1.1,0.11829546645283698,0.24096385542168675,0.0,0.0,0.0
bottle,1.25,0.13442666642367837,0.24096385542168675,0.0,0.0,0.0
capsule,0.75,0.049786528050899476,0.8257575757575758,0.8257575757575758,1.0,0.9045643153526971
capsule,0.9,0.059743833661079375,0.4772727272727273,0.7777777777777778,0.5137614678899083,0.6187845303867403
capsule,1.0,0.0663820374011993,0.1893939393939394,1.0,0.01834862385321101,0.036036036036036036
capsule,1.1,0.07302024114131923,0.17424242424242425,0.0,0.0,0.0
capsule,1.25,0.08297754675149913,0.17424242424242425,0.0,0.0,0.0
metal_nut,0.75,0.01976418754085895,0.1565217391304348,0.25,0.021505376344086023,0.039603960396039604
metal_nut,0.9,0.02371702504903074,0.19130434782608696,0.0,0.0,0.0
metal_nut,1.0,0.0263522500544786,0.19130434782608696,0.0,0.0,0.0
metal_nut,1.1,0.028987475059926462,0.19130434782608696,0.0,0.0,0.0
metal_nut,1.25,0.03294031256809825,0.19130434782608696,0.0,0.0,0.0
hazelnut,0.75,0.006319525020662625,0.5454545454545454,1.0,0.2857142857142857,0.4444444444444444
hazelnut,0.9,0.00758343002479515,0.4636363636363636,1.0,0.15714285714285714,0.2716049382716049
hazelnut,1.0,0.0084260333608835,0.44545454545454544,1.0,0.12857142857142856,0.22784810126582278
hazelnut,1.1,0.00926863669697185,0.4,1.0,0.05714285714285714,0.10810810810810811
hazelnut,1.25,0.010532541701104375,0.37272727272727274,1.0,0.014285714285714285,0.028169014084507043
