Category,Defect Type,File,Ground Truth Label,Reconstruction Error,MAE,Maximum Absolute Error,Threshold,Threshold Ratio,Anomaly Margin,Prediction,Correct
screw,good,000.png,0,0.026037270203232765,0.0999310240149498,0.6809887290000916,0.0247877840138971,1.0504073372849767,0.0012494861893356662,ANOMALY,False
screw,good,001.png,0,0.024726221337914467,0.09538201242685318,0.6674389243125916,0.0247877840138971,0.9975164106663138,-6.15626759826321e-05,NORMAL,True
screw,good,002.png,0,0.025274639949202538,0.09749730676412582,0.669818639755249,0.0247877840138971,1.0196409624608833,0.0004868559353054386,ANOMALY,False
screw,good,003.png,0,0.025869088247418404,0.10202107578516006,0.7004271149635315,0.0247877840138971,1.0436224647154857,0.0010813042335213047,ANOMALY,False
screw,good,004.png,0,0.02244253270328045,0.09478240460157394,0.6589437127113342,0.0247877840138971,0.9053868103214954,-0.00234525131061665,NORMAL,True
screw,good,005.png,0,0.02528730221092701,0.10316618531942368,0.6978639364242554,0.0247877840138971,1.0201517891534742,0.0004995181970299106,ANOMALY,False
screw,good,006.png,0,0.02553430013358593,0.1005592867732048,0.6516836285591125,0.0247877840138971,1.0301162911243014,0.0007465161196888309,ANOMALY,False
screw,good,007.png,0,0.030046721920371056,0.10749384015798569,0.7152689099311829,0.0247877840138971,1.2121584528703966,0.005258937906473957,ANOMALY,False
screw,good,008.png,0,0.026948094367980957,0.10633629560470581,0.6492144465446472,0.0247877840138971,1.0871522179180153,0.002160310354083858,ANOMALY,False
screw,good,009.png,0,0.025594858452677727,0.10352770239114761,0.6851813197135925,0.0247877840138971,1.032559362237792,0.0008070744387806278,ANOMALY,False
screw,good,010.png,0,0.02653445303440094,0.10544353723526001,0.6658276319503784,0.0247877840138971,1.0704649120520247,0.001746669020503841,ANOMALY,False
screw,good,011.png,0,0.026330433785915375,0.10171107202768326,0.6707899570465088,0.0247877840138971,1.0622342752040037,0.0015426497720182758,ANOMALY,False
screw,good,012.png,0,0.022907933220267296,0.09546252340078354,0.6924413442611694,0.0247877840138971,0.924162208587267,-0.0018798507936298031,NORMAL,True
screw,good,013.png,0,0.023928120732307434,0.10148966312408447,0.6803890466690063,0.0247877840138971,0.9653190748673741,-0.0008596632815896649,NORMAL,True
screw,good,014.png,0,0.023951632902026176,0.09944906085729599,0.7000725865364075,0.0247877840138971,0.9662676134582204,-0.0008361511118709225,NORMAL,True
screw,good,015.png,0,0.02284620702266693,0.1008841022849083,0.6864880919456482,0.0247877840138971,0.9216720223904793,-0.0019415769912301678,NORMAL,True
screw,good,016.png,0,0.02540849708020687,0.10278373956680298,0.672639787197113,0.0247877840138971,1.0250410874147433,0.0006207130663097721,ANOMALY,False
screw,good,017.png,0,0.025607390329241753,0.0984150767326355,0.656804621219635,0.0247877840138971,1.0330649288732363,0.0008196063153446537,ANOMALY,False
screw,good,018.png,0,0.026904067024588585,0.10440955311059952,0.6461631655693054,0.0247877840138971,1.085376046907017,0.002116283010691486,ANOMALY,False
screw,good,019.png,0,0.026195848360657692,0.10343068838119507,0.6610058546066284,0.0247877840138971,1.0568047690737974,0.001408064346760593,ANOMALY,False
screw,good,020.png,0,0.0286110769957304,0.10358049720525742,0.6753623485565186,0.0247877840138971,1.1542410156426164,0.003823292981833301,ANOMALY,False
screw,good,021.png,0,0.024758031591773033,0.09838572144508362,0.6885508298873901,0.0247877840138971,0.9987997143226928,-2.9752422124065814e-05,NORMAL,True
screw,good,022.png,0,0.024713123217225075,0.10105937719345093,0.6730985045433044,0.0247877840138971,0.9969880003541194,-7.466079667202419e-05,NORMAL,True
screw,good,023.png,0,0.02319699339568615,0.09540370851755142,0.6871516704559326,0.0247877840138971,0.9358236049935289,-0.0015907906182109494,NORMAL,True
screw,good,024.png,0,0.02481481432914734,0.09770923852920532,0.651084303855896,0.0247877840138971,1.0010904692099578,2.703031525023991e-05,ANOMALY,False
screw,good,025.png,0,0.02710695005953312,0.10337597131729126,0.6711668968200684,0.0247877840138971,1.0935608461141906,0.0023191660456360202,ANOMALY,False
screw,good,026.png,0,0.027609772980213165,0.10706605762243271,0.6324137449264526,0.0247877840138971,1.1138459559246578,0.0028219889663160663,ANOMALY,False
screw,good,027.png,0,0.027329787611961365,0.10430216789245605,0.6684480905532837,0.0247877840138971,1.1025506594957868,0.002542003598064266,ANOMALY,False
screw,good,028.png,0,0.026391388848423958,0.10292387753725052,0.6943731904029846,0.0247877840138971,1.0646933519199542,0.0016036048345268589,ANOMALY,False
screw,good,029.png,0,0.023329367861151695,0.0974477156996727,0.6518237590789795,0.0247877840138971,0.9411639155832666,-0.0014584161527454037,NORMAL,True
screw,good,030.png,0,0.02533186972141266,0.10408139228820801,0.6773421764373779,0.0247877840138971,1.0219497518297933,0.0005440857075155597,ANOMALY,False
screw,good,031.png,0,0.026746109127998352,0.10557354241609573,0.680538535118103,0.0247877840138971,1.0790036379614787,0.001958325114101253,ANOMALY,False
screw,good,032.png,0,0.02695538103580475,0.10140415281057358,0.6613896489143372,0.0247877840138971,1.0874461799688266,0.0021675970219076496,ANOMALY,False
screw,good,033.png,0,0.02923385240137577,0.10581853985786438,0.7055062651634216,0.0247877840138971,1.1793653028841147,0.004446068387478672,ANOMALY,False
screw,good,034.png,0,0.021220853552222252,0.09382596611976624,0.6826667189598083,0.0247877840138971,0.8561012771583344,-0.003566930461674847,NORMAL,True
screw,good,035.png,0,0.024773821234703064,0.10127059370279312,0.6621132493019104,0.0247877840138971,0.999436707243124,-1.3962779194034991e-05,NORMAL,True
screw,good,036.png,0,0.023186082020401955,0.09705289453268051,0.6841576099395752,0.0247877840138971,0.9353834133540473,-0.0016017019934951443,NORMAL,True
screw,good,037.png,0,0.02446228824555874,0.09618779271841049,0.6529831290245056,0.0247877840138971,0.9868687024158402,-0.00032549576833836025,NORMAL,True
screw,good,038.png,0,0.028653809800744057,0.10391491651535034,0.7061623930931091,0.0247877840138971,1.1559649618005183,0.0038660257868469577,ANOMALY,False
screw,good,039.png,0,0.025024106726050377,0.10175126791000366,0.6477075219154358,0.0247877840138971,1.0095338377977146,0.00023632271215327794,ANOMALY,False
screw,good,040.png,0,0.025544488802552223,0.10182187706232071,0.6703321933746338,0.0247877840138971,1.0305273270184572,0.0007567047886551242,ANOMALY,False
screw,manipulated_front,000.png,1,0.025234201923012733,0.09610215574502945,0.6879479885101318,0.0247877840138971,1.0180095933087585,0.0004464179091156345,ANOMALY,True
screw,manipulated_front,001.png,1,0.023737505078315735,0.09440486878156662,0.7064242959022522,0.0247877840138971,0.957629171894005,-0.001050278935581364,NORMAL,False
screw,manipulated_front,002.png,1,0.02440227009356022,0.09568756818771362,0.656032919883728,0.0247877840138971,0.9844474229676705,-0.00038551392033688014,NORMAL,False
screw,manipulated_front,003.png,1,0.021668260917067528,0.09090312570333481,0.686340868473053,0.0247877840138971,0.8741507875379004,-0.003119523096829571,NORMAL,False
screw,manipulated_front,004.png,1,0.022601092234253883,0.09449034929275513,0.6838412880897522,0.0247877840138971,0.9117834906735809,-0.0021866917796432156,NORMAL,False
screw,manipulated_front,005.png,1,0.02160775102674961,0.09217908978462219,0.667266309261322,0.0247877840138971,0.8717096701599213,-0.003180032987147488,NORMAL,False
screw,manipulated_front,006.png,1,0.02155514992773533,0.091408371925354,0.6197096109390259,0.0247877840138971,0.8695876128197092,-0.0032326340861617703,NORMAL,False
screw,manipulated_front,007.png,1,0.023031994700431824,0.09269583225250244,0.6685662865638733,0.0247877840138971,0.9291671529620839,-0.0017557893134652752,NORMAL,False
screw,manipulated_front,008.png,1,0.02089092694222927,0.09182997792959213,0.6778845191001892,0.0247877840138971,0.8427912285550382,-0.003896857071667828,NORMAL,False
screw,manipulated_front,009.png,1,0.02136700414121151,0.08977595716714859,0.7067289352416992,0.0247877840138971,0.861997350357428,-0.0034207798726855893,NORMAL,False
screw,manipulated_front,010.png,1,0.022553881630301476,0.0960099995136261,0.6440690159797668,0.0247877840138971,0.9098788991245365,-0.0022339023835956234,NORMAL,False
screw,manipulated_front,011.png,1,0.02186230570077896,0.09274569898843765,0.6542521715164185,0.0247877840138971,0.8819790300142204,-0.0029254783131181378,NORMAL,False
screw,manipulated_front,012.png,1,0.024345621466636658,0.09619457274675369,0.6598979234695435,0.0247877840138971,0.9821620784248989,-0.00044216254726044124,NORMAL,False
screw,manipulated_front,013.png,1,0.02112060785293579,0.0921439453959465,0.6366521716117859,0.0247877840138971,0.8520571197931477,-0.003667176160961308,NORMAL,False
screw,manipulated_front,014.png,1,0.018861809745430946,0.08947360515594482,0.6611525416374207,0.0247877840138971,0.7609316643575805,-0.005925974268466153,NORMAL,False
screw,manipulated_front,015.png,1,0.02220352739095688,0.09291519969701767,0.6245661973953247,0.0247877840138971,0.8957447498537435,-0.0025842566229402203,NORMAL,False
screw,manipulated_front,016.png,1,0.02144940197467804,0.09359127283096313,0.6509251594543457,0.0247877840138971,0.8653214810429436,-0.0033383820392190594,NORMAL,False
screw,manipulated_front,017.png,1,0.024942874908447266,0.09557851403951645,0.6934844255447388,0.0247877840138971,1.0062567470518227,0.00015509089455016667,ANOMALY,True
screw,manipulated_front,018.png,1,0.024465853348374367,0.09368113428354263,0.6549095511436462,0.0247877840138971,0.987012527406958,-0.0003219306655227322,NORMAL,False
screw,manipulated_front,019.png,1,0.02535618096590042,0.09648984670639038,0.6664679646492004,0.0247877840138971,1.0229305270565798,0.0005683969520033222,ANOMALY,True
screw,manipulated_front,020.png,1,0.02744383178651333,0.09964966773986816,0.663147509098053,0.0247877840138971,1.1071514811944114,0.0026560477726162296,ANOMALY,True
screw,manipulated_front,021.png,1,0.025473887100815773,0.09636618942022324,0.7130627632141113,0.0247877840138971,1.0276790812173453,0.0006861030869186741,ANOMALY,True
screw,manipulated_front,022.png,1,0.022441858425736427,0.09414219856262207,0.670988142490387,0.0247877840138971,0.905359608311681,-0.0023459255881606716,NORMAL,False
screw,manipulated_front,023.png,1,0.023750660941004753,0.09374760836362839,0.6877214312553406,0.0247877840138971,0.9581599116600786,-0.0010371230728923458,NORMAL,False
screw,scratch_head,000.png,1,0.018737927079200745,0.0890280082821846,0.6379261016845703,0.0247877840138971,0.7559339337754216,-0.006049856934696354,NORMAL,False
screw,scratch_head,001.png,1,0.02024981938302517,0.09104893356561661,0.6311858296394348,0.0247877840138971,0.8169273772787534,-0.00453796463087193,NORMAL,False
screw,scratch_head,002.png,1,0.021477706730365753,0.09271520376205444,0.6418929696083069,0.0247877840138971,0.8664633643057574,-0.0033100772835313458,NORMAL,False
screw,scratch_head,003.png,1,0.022123262286186218,0.09596487134695053,0.6200267672538757,0.0247877840138971,0.8925066586744085,-0.0026645217277108807,NORMAL,False
screw,scratch_head,004.png,1,0.02138012833893299,0.09209207445383072,0.6580811142921448,0.0247877840138971,0.8625268126810517,-0.003407655674964108,NORMAL,False
screw,scratch_head,005.png,1,0.019123120233416557,0.09296385198831558,0.6511911153793335,0.0247877840138971,0.7714735703157375,-0.005664663780480542,NORMAL,False
screw,scratch_head,006.png,1,0.019114075228571892,0.09153983741998672,0.6413816213607788,0.0247877840138971,0.7711086726371231,-0.005673708785325207,NORMAL,False
screw,scratch_head,007.png,1,0.022882170975208282,0.10018966346979141,0.6453990936279297,0.0247877840138971,0.9231228964388084,-0.0019056130386888165,NORMAL,False
screw,scratch_head,008.png,1,0.021977970376610756,0.094127357006073,0.677590548992157,0.0247877840138971,0.8866452267088079,-0.002809813637286343,NORMAL,False
screw,scratch_head,009.png,1,0.02050667442381382,0.0976855680346489,0.6297905445098877,0.0247877840138971,0.8272895395698501,-0.004281109590083279,NORMAL,False
screw,scratch_head,010.png,1,0.023844867944717407,0.09834178537130356,0.6546915173530579,0.0247877840138971,0.9619604532357127,-0.0009429160691796917,NORMAL,False
screw,scratch_head,011.png,1,0.019486524164676666,0.0958656445145607,0.6862934231758118,0.0247877840138971,0.7861341761632133,-0.005301259849220433,NORMAL,False
screw,scratch_head,012.png,1,0.02122349478304386,0.09191626310348511,0.6618527770042419,0.0247877840138971,0.8562078308873862,-0.0035642892308532376,NORMAL,False
screw,scratch_head,013.png,1,0.021608255803585052,0.09901348501443863,0.686908483505249,0.0247877840138971,0.8717300340954454,-0.0031795282103120465,NORMAL,False
screw,scratch_head,014.png,1,0.02016335539519787,0.09473397582769394,0.6240896582603455,0.0247877840138971,0.8134392079539431,-0.004624428618699231,NORMAL,False
screw,scratch_head,015.png,1,0.01818843185901642,0.09271649271249771,0.6125277280807495,0.0247877840138971,0.7337659489375573,-0.0065993521548806805,NORMAL,False
screw,scratch_head,016.png,1,0.021457618102431297,0.09760478883981705,0.6245139241218567,0.0247877840138971,0.8656529397868414,-0.0033301659114658017,NORMAL,False
screw,scratch_head,017.png,1,0.019040828570723534,0.08839710801839828,0.6185938119888306,0.0247877840138971,0.7681537228196125,-0.005746955443173565,NORMAL,False
screw,scratch_head,018.png,1,0.017908813431859016,0.0864575132727623,0.6224071383476257,0.0247877840138971,0.7224854558123697,-0.0068789705820380825,NORMAL,False
screw,scratch_head,019.png,1,0.022219831123948097,0.09398332238197327,0.6676099300384521,0.0247877840138971,0.8964024824280663,-0.0025679528899490017,NORMAL,False
screw,scratch_head,020.png,1,0.022340184077620506,0.09529945999383926,0.6400186419487,0.0247877840138971,0.9012578157489043,-0.0024475999362765927,NORMAL,False
screw,scratch_head,021.png,1,0.021504489704966545,0.09056666493415833,0.6325014233589172,0.0247877840138971,0.8675438551873053,-0.003283294308930554,NORMAL,False
screw,scratch_head,022.png,1,0.02242511510848999,0.09927342087030411,0.6506049036979675,0.0247877840138971,0.9046841418304075,-0.0023626689054071087,NORMAL,False
screw,scratch_head,023.png,1,0.02045607566833496,0.09296363592147827,0.6700369715690613,0.0247877840138971,0.8252482616786722,-0.004331708345562138,NORMAL,False
screw,scratch_neck,000.png,1,0.022243252024054527,0.09165491908788681,0.6364275217056274,0.0247877840138971,0.8973473389789101,-0.0025445319898425717,NORMAL,False
screw,scratch_neck,001.png,1,0.02232488803565502,0.09225884824991226,0.6445439457893372,0.0247877840138971,0.9006407359019559,-0.0024628959782420773,NORMAL,False
screw,scratch_neck,002.png,1,0.0201388169080019,0.09017994999885559,0.6398086547851562,0.0247877840138971,0.8124492651989872,-0.004648967105895199,NORMAL,False
screw,scratch_neck,003.png,1,0.022385699674487114,0.09443750977516174,0.6443181037902832,0.0247877840138971,0.9030940265550453,-0.002402084339409985,NORMAL,False
screw,scratch_neck,004.png,1,0.02216874063014984,0.09711606055498123,0.6369410753250122,0.0247877840138971,0.8943413666070792,-0.0026190433837472576,NORMAL,False
screw,scratch_neck,005.png,1,0.019372060894966125,0.09282693266868591,0.6633506417274475,0.0247877840138971,0.7815164471380465,-0.0054157231189309735,NORMAL,False
screw,scratch_neck,006.png,1,0.019642604514956474,0.09183249622583389,0.6602195501327515,0.0247877840138971,0.7924308402858434,-0.005145179498940625,NORMAL,False
screw,scratch_neck,007.png,1,0.017854996025562286,0.0887875184416771,0.6436442136764526,0.0247877840138971,0.7203143296533489,-0.006932787988334813,NORMAL,False
screw,scratch_neck,008.png,1,0.01928819715976715,0.09317191690206528,0.6034647226333618,0.0247877840138971,0.7781331783814703,-0.005499586854129948,NORMAL,False
screw,scratch_neck,009.png,1,0.02134247124195099,0.09495469182729721,0.6337469220161438,0.0247877840138971,0.8610076330334926,-0.00344531277194611,NORMAL,False
screw,scratch_neck,010.png,1,0.02067168615758419,0.09409933537244797,0.6410899758338928,0.0247877840138971,0.8339465176070097,-0.004116097856312909,NORMAL,False
screw,scratch_neck,011.png,1,0.019842587411403656,0.09185314178466797,0.6143773198127747,0.0247877840138971,0.8004986407933459,-0.004945196602493443,NORMAL,False
screw,scratch_neck,012.png,1,0.02003931812942028,0.0886973962187767,0.6493521332740784,0.0247877840138971,0.8084352404468821,-0.0047484658844768185,NORMAL,False
screw,scratch_neck,013.png,1,0.022552425041794777,0.09787311404943466,0.6596578359603882,0.0247877840138971,0.9098201367718436,-0.002235358972102322,NORMAL,False
screw,scratch_neck,014.png,1,0.018897049129009247,0.09252875298261642,0.6346269249916077,0.0247877840138971,0.7623533075169102,-0.005890734884887852,NORMAL,False
screw,scratch_neck,015.png,1,0.018028561025857925,0.08772901445627213,0.633699357509613,0.0247877840138971,0.7273163674393136,-0.0067592229880391735,NORMAL,False
screw,scratch_neck,016.png,1,0.02000030130147934,0.09352356195449829,0.6596936583518982,0.0247877840138971,0.8068612059176532,-0.004787482712417759,NORMAL,False
screw,scratch_neck,017.png,1,0.020241158083081245,0.09083256125450134,0.6414597034454346,0.0247877840138971,0.8165779591968843,-0.0045466259308158535,NORMAL,False
screw,scratch_neck,018.png,1,0.019263558089733124,0.08658596128225327,0.6383764147758484,0.0247877840138971,0.7771391778681443,-0.005524225924163975,NORMAL,False
screw,scratch_neck,019.png,1,0.01771676354110241,0.08675993233919144,0.6500455737113953,0.0247877840138971,0.71473769221039,-0.00707102047279469,NORMAL,False
screw,scratch_neck,020.png,1,0.019493097439408302,0.08946043252944946,0.6362777948379517,0.0247877840138971,0.7863993581870664,-0.005294686574488797,NORMAL,False
screw,scratch_neck,021.png,1,0.020954972133040428,0.08912849426269531,0.6564363241195679,0.0247877840138971,0.8453749686253587,-0.003832811880856671,NORMAL,False
screw,scratch_neck,022.png,1,0.01923455111682415,0.08805558830499649,0.6591487526893616,0.0247877840138971,0.7759689654404134,-0.005553232897072949,NORMAL,False
screw,scratch_neck,023.png,1,0.019290423020720482,0.08772420883178711,0.6400747895240784,0.0247877840138971,0.7782229750713271,-0.005497360993176617,NORMAL,False
screw,scratch_neck,024.png,1,0.019823811948299408,0.0922565758228302,0.6293408870697021,0.0247877840138971,0.7997411925642617,-0.004963972065597691,NORMAL,False
screw,thread_side,000.png,1,0.020896226167678833,0.10185998678207397,0.6475406885147095,0.0247877840138971,0.8430050123062033,-0.003891557846218266,NORMAL,False
screw,thread_side,001.png,1,0.022940611466765404,0.09555523842573166,0.6632166504859924,0.0247877840138971,0.9254805291955065,-0.0018471725471316952,NORMAL,False
screw,thread_side,002.png,1,0.021310945972800255,0.09132031351327896,0.6725455522537231,0.0247877840138971,0.8597358263591622,-0.003476838041096844,NORMAL,False
screw,thread_side,003.png,1,0.021014466881752014,0.09119907766580582,0.6645650863647461,0.0247877840138971,0.8477751327012693,-0.003773317132145085,NORMAL,False
screw,thread_side,004.png,1,0.020775282755494118,0.09066802263259888,0.65096515417099,0.0247877840138971,0.8381258584408594,-0.004012501258402981,NORMAL,False
screw,thread_side,005.png,1,0.02050171047449112,0.0889018252491951,0.6731612682342529,0.0247877840138971,0.8270892816799186,-0.00428607353940598,NORMAL,False
screw,thread_side,006.png,1,0.019529499113559723,0.08831465244293213,0.6395792365074158,0.0247877840138971,0.7878678909986727,-0.005258284900337376,NORMAL,False
screw,thread_side,007.png,1,0.0189382191747427,0.0887778028845787,0.650547981262207,0.0247877840138971,0.7640142081327285,-0.0058495648391544,NORMAL,False
screw,thread_side,008.png,1,0.02208915911614895,0.0916418731212616,0.6765594482421875,0.0247877840138971,0.8911308531559261,-0.0026986248977481503,NORMAL,False
screw,thread_side,009.png,1,0.01969117857515812,0.08906380087137222,0.6344897747039795,0.0247877840138971,0.7943904370039047,-0.00509660543873898,NORMAL,False
screw,thread_side,010.png,1,0.02193315140902996,0.09213408082723618,0.6419706344604492,0.0247877840138971,0.8848371196365634,-0.0028546326048671383,NORMAL,False
screw,thread_side,011.png,1,0.021369950845837593,0.10534588247537613,0.6738939881324768,0.0247877840138971,0.862116227648937,-0.003417833168059506,NORMAL,False
screw,thread_side,012.png,1,0.023957855999469757,0.09650802612304688,0.7306576371192932,0.0247877840138971,0.9665186684714515,-0.0008299280144273419,NORMAL,False
screw,thread_side,013.png,1,0.025162478908896446,0.09761327505111694,0.710911214351654,0.0247877840138971,1.0151161110161875,0.00037469489499934727,ANOMALY,True
screw,thread_side,014.png,1,0.021322378888726234,0.09254566580057144,0.647731363773346,0.0247877840138971,0.8601970582272296,-0.0034654051251708645,NORMAL,False
screw,thread_side,015.png,1,0.020966699346899986,0.09126057475805283,0.6430543065071106,0.0247877840138971,0.8458480731938423,-0.0038210846669971127,NORMAL,False
screw,thread_side,016.png,1,0.023048019036650658,0.09383010119199753,0.6728963255882263,0.0247877840138971,0.9298136139853787,-0.0017397649772464413,NORMAL,False
screw,thread_side,017.png,1,0.020460670813918114,0.09121036529541016,0.6287183165550232,0.0247877840138971,0.8254336411212467,-0.004327113199978985,NORMAL,False
screw,thread_side,018.png,1,0.0191268939524889,0.08897972106933594,0.6957276463508606,0.0247877840138971,0.7716258113982896,-0.0056608900614082,NORMAL,False
screw,thread_side,019.png,1,0.01994991861283779,0.08990046381950378,0.6658537983894348,0.0247877840138971,0.8048286446926037,-0.0048378654010593075,NORMAL,False
screw,thread_side,020.png,1,0.02112952619791031,0.08923932909965515,0.6416495442390442,0.0247877840138971,0.8524169077019627,-0.00365825781598679,NORMAL,False
screw,thread_side,021.png,1,0.020318275317549706,0.0904262587428093,0.6419016718864441,0.0247877840138971,0.81968905756797,-0.0044695086963473935,NORMAL,False
screw,thread_side,022.png,1,0.022057220339775085,0.09135210514068604,0.6335858106613159,0.0247877840138971,0.8898423645860742,-0.0027305636741220135,NORMAL,False
screw,thread_top,000.png,1,0.021444881334900856,0.09404954314231873,0.6779702305793762,0.0247877840138971,0.8651391073473099,-0.003342902678996243,NORMAL,False
screw,thread_top,001.png,1,0.021108368411660194,0.09431293606758118,0.6700428128242493,0.0247877840138971,0.851563350714446,-0.0036794156022369046,NORMAL,False
screw,thread_top,002.png,1,0.020285921171307564,0.08778003603219986,0.6519736051559448,0.0247877840138971,0.8183838119589231,-0.004501862842589535,NORMAL,False
screw,thread_top,003.png,1,0.021490590646862984,0.09225418418645859,0.6615909337997437,0.0247877840138971,0.8669831330954971,-0.0032971933670341153,NORMAL,False
screw,thread_top,004.png,1,0.02078092098236084,0.08979213237762451,0.6320825815200806,0.0247877840138971,0.8383533183406052,-0.004006863031536259,NORMAL,False
screw,thread_top,005.png,1,0.019191913306713104,0.08998715877532959,0.6485795378684998,0.0247877840138971,0.7742488516098612,-0.005595870707183995,NORMAL,False
screw,thread_top,006.png,1,0.020162062719464302,0.08912581205368042,0.6732569932937622,0.0247877840138971,0.8133870582445201,-0.004625721294432797,NORMAL,False
screw,thread_top,007.png,1,0.02025456354022026,0.09039846062660217,0.6360757946968079,0.0247877840138971,0.8171187682152096,-0.004533220473676838,NORMAL,False
screw,thread_top,008.png,1,0.01957409456372261,0.08949870616197586,0.6363710761070251,0.0247877840138971,0.7896669808300948,-0.0052136894501744885,NORMAL,False
screw,thread_top,009.png,1,0.019281188026070595,0.09156709909439087,0.6657923460006714,0.0247877840138971,0.7778504127380136,-0.005506595987826504,NORMAL,False
screw,thread_top,010.png,1,0.0210659671574831,0.09314209222793579,0.6884539723396301,0.0247877840138971,0.8498527801304309,-0.003721816856413998,NORMAL,False
screw,thread_top,011.png,1,0.022759942337870598,0.09344271570444107,0.6491721868515015,0.0247877840138971,0.9181918934387355,-0.002027841676026501,NORMAL,False
screw,thread_top,012.png,1,0.018858302384614944,0.08796610683202744,0.6906431913375854,0.0247877840138971,0.7607901688203418,-0.0059294816292821545,NORMAL,False
screw,thread_top,013.png,1,0.021989015862345695,0.09526268392801285,0.6703630089759827,0.0247877840138971,0.887090828692783,-0.0027987681515514035,NORMAL,False
screw,thread_top,014.png,1,0.02047443576157093,0.09167257696390152,0.6290401220321655,0.0247877840138971,0.8259889528685614,-0.0043133482523261685,NORMAL,False
screw,thread_top,015.png,1,0.0174439437687397,0.08601374179124832,0.6399675011634827,0.0247877840138971,0.7037314734935513,-0.007343840245157399,NORMAL,False
screw,thread_top,016.png,1,0.020170731469988823,0.08895006030797958,0.6363409161567688,0.0247877840138971,0.8137367769010833,-0.004617052543908276,NORMAL,False
screw,thread_top,017.png,1,0.019968854263424873,0.0921083390712738,0.647281289100647,0.0247877840138971,0.8055925552776106,-0.004818929750472226,NORMAL,False
screw,thread_top,018.png,1,0.019300952553749084,0.08974084258079529,0.6208795309066772,0.0247877840138971,0.7786477622577371,-0.0054868314601480145,NORMAL,False
screw,thread_top,019.png,1,0.020123999565839767,0.09193792194128036,0.6428488492965698,0.0247877840138971,0.8118514972761336,-0.0046637844480573315,NORMAL,False
screw,thread_top,020.png,1,0.018782353028655052,0.0894298329949379,0.6489368677139282,0.0247877840138971,0.7577261855325533,-0.006005430985242047,NORMAL,False
screw,thread_top,021.png,1,0.01958053559064865,0.08855346590280533,0.66302490234375,0.0247877840138971,0.7899268276531278,-0.005207248423248448,NORMAL,False
screw,thread_top,022.png,1,0.022320853546261787,0.09402623027563095,0.6373375654220581,0.0247877840138971,0.900477974705111,-0.0024669304676353115,NORMAL,False
bottle,broken_large,000.png,1,0.10375291109085083,0.3020150661468506,0.6552366614341736,0.1075413331389427,0.9647724094772263,-0.0037884220480918634,NORMAL,False
bottle,broken_large,001.png,1,0.10708805918693542,0.3081195056438446,0.6555491089820862,0.1075413331389427,0.9957851187187567,-0.0004532739520072687,NORMAL,False
bottle,broken_large,002.png,1,0.10414101928472519,0.3041979968547821,0.6666489839553833,0.1075413331389427,0.9683813306477769,-0.0034003138542175043,NORMAL,False
bottle,broken_large,003.png,1,0.10840960592031479,0.31014424562454224,0.5978748798370361,0.1075413331389427,1.0080738517556806,0.0008682727813720953,ANOMALY,True
bottle,broken_large,004.png,1,0.10592677444219589,0.30553650856018066,0.655937910079956,0.1075413331389427,0.984986621891131,-0.0016145586967468012,NORMAL,False
bottle,broken_large,005.png,1,0.10358794778585434,0.3020409047603607,0.6695676445960999,0.1075413331389427,0.963238456901212,-0.003953385353088354,NORMAL,False
bottle,broken_large,006.png,1,0.10563293099403381,0.30546602606773376,0.6784878373146057,0.1075413331389427,0.9822542450497314,-0.00190840214490888,NORMAL,False
bottle,broken_large,007.png,1,0.10269244760274887,0.30179640650749207,0.6432485580444336,0.1075413331389427,0.954911424336454,-0.004848885536193823,NORMAL,False
bottle,broken_large,008.png,1,0.10701806098222733,0.3075912296772003,0.660169243812561,0.1075413331389427,0.9951342228941936,-0.0005232721567153681,NORMAL,False
bottle,broken_large,009.png,1,0.10448569059371948,0.3043530583381653,0.6564931273460388,0.1075413331389427,0.9715863430735479,-0.003055642545223211,NORMAL,False
bottle,broken_large,010.png,1,0.10486992448568344,0.30486106872558594,0.6307299733161926,0.1075413331389427,0.9751592380781833,-0.0026714086532592524,NORMAL,False
bottle,broken_large,011.png,1,0.10611280053853989,0.30622708797454834,0.6616076231002808,0.1075413331389427,0.9867164321037647,-0.001428532600402807,NORMAL,False
bottle,broken_large,012.png,1,0.10348721593618393,0.30258333683013916,0.6435937285423279,0.1075413331389427,0.962301776587418,-0.004054117202758764,NORMAL,False
bottle,broken_large,013.png,1,0.10139326006174088,0.29943183064460754,0.6447005271911621,0.1075413331389427,0.9428306038455135,-0.006148073077201818,NORMAL,False
bottle,broken_large,014.png,1,0.10450389236211777,0.3043055236339569,0.662930965423584,0.1075413331389427,0.9717555967722609,-0.003037440776824926,NORMAL,False
bottle,broken_large,015.png,1,0.10575012117624283,0.30648109316825867,0.6421732306480408,0.1075413331389427,0.9833439672875764,-0.0017912119626998652,NORMAL,False
bottle,broken_large,016.png,1,0.10357546806335449,0.30228933691978455,0.6525901556015015,0.1075413331389427,0.9631224110783123,-0.003965865075588201,NORMAL,False
bottle,broken_large,017.png,1,0.10542863607406616,0.30530843138694763,0.6706669330596924,0.1075413331389427,0.98035455760859,-0.0021126970648765314,NORMAL,False
bottle,broken_large,018.png,1,0.1079055666923523,0.30814871191978455,0.6558294892311096,0.1075413331389427,1.0033869168512075,0.0003642335534096014,ANOMALY,True
bottle,broken_large,019.png,1,0.10352200269699097,0.3024791479110718,0.6625917553901672,0.1075413331389427,0.9626252499886832,-0.004019330441951727,NORMAL,False
bottle,broken_small,000.png,1,0.10613459348678589,0.3065362274646759,0.6681964993476868,0.1075413331389427,0.9869190792870374,-0.0014067396521568049,NORMAL,False
bottle,broken_small,001.png,1,0.10590306669473648,0.3051576614379883,0.6704776883125305,0.1075413331389427,0.9847661694681655,-0.0016382664442062128,NORMAL,False
bottle,broken_small,002.png,1,0.10549386590719223,0.3054488003253937,0.6689616441726685,0.1075413331389427,0.9809611135366423,-0.0020474672317504633,NORMAL,False
bottle,broken_small,003.png,1,0.10534534603357315,0.3040951192378998,0.6508480906486511,0.1075413331389427,0.9795800643225024,-0.002195987105369543,NORMAL,False
bottle,broken_small,004.png,1,0.10600709915161133,0.30493348836898804,0.6638125777244568,0.1075413331389427,0.9857335413040756,-0.0015342339873313654,NORMAL,False
bottle,broken_small,005.png,1,0.10499078035354614,0.3046932518482208,0.6694667935371399,0.1075413331389427,0.9762830466114713,-0.002550552785396551,NORMAL,False
bottle,broken_small,006.png,1,0.1058013066649437,0.3055602014064789,0.6659715175628662,0.1075413331389427,0.9838199283641863,-0.0017400264739989985,NORMAL,False
bottle,broken_small,007.png,1,0.10568279027938843,0.3052715063095093,0.6613270044326782,0.1075413331389427,0.9827178740926241,-0.0018585428595542658,NORMAL,False
bottle,broken_small,008.png,1,0.10483645647764206,0.30550670623779297,0.6436530351638794,0.1075413331389427,0.974848027429547,-0.002704876661300634,NORMAL,False
bottle,broken_small,009.png,1,0.10570842772722244,0.30550703406333923,0.6621394753456116,0.1075413331389427,0.9829562703174588,-0.001832905411720251,NORMAL,False
bottle,broken_small,010.png,1,0.10649991035461426,0.3067382276058197,0.6706866025924683,0.1075413331389427,0.9903160696084833,-0.0010414227843284357,NORMAL,False
bottle,broken_small,011.png,1,0.10622588545084,0.30623650550842285,0.6696895956993103,0.1075413331389427,0.9877679804619574,-0.0013154476881026972,NORMAL,False
bottle,broken_small,012.png,1,0.10699257999658585,0.30702975392341614,0.6540960669517517,0.1075413331389427,0.9948972815722131,-0.0005487531423568476,NORMAL,False
bottle,broken_small,013.png,1,0.10494575649499893,0.30460211634635925,0.6704127192497253,0.1075413331389427,0.9758643809948842,-0.0025955766439437616,NORMAL,False
bottle,broken_small,014.png,1,0.10575211048126221,0.3061833381652832,0.6680012941360474,0.1075413331389427,0.9833624653381522,-0.0017892226576804865,NORMAL,False
bottle,broken_small,015.png,1,0.10671263188123703,0.3074701130390167,0.6629716753959656,0.1075413331389427,0.99229411396049,-0.0008287012577056635,NORMAL,False
bottle,broken_small,016.png,1,0.10500278323888779,0.3051619827747345,0.6628425717353821,0.1075413331389427,0.9763946584447198,-0.0025385499000549067,NORMAL,False
bottle,broken_small,017.png,1,0.10507801175117493,0.30407434701919556,0.6552333831787109,0.1075413331389427,0.9770941895932685,-0.0024633213877677668,NORMAL,False
bottle,broken_small,018.png,1,0.10726583749055862,0.3072086572647095,0.6520180106163025,0.1075413331389427,0.9974382347666443,-0.00027549564838406926,NORMAL,False
bottle,broken_small,019.png,1,0.10653138160705566,0.3074930012226105,0.6458579301834106,0.1075413331389427,0.9906087129254556,-0.0010099515318870295,NORMAL,False
bottle,broken_small,020.png,1,0.10408129543066025,0.30397042632102966,0.6581125855445862,0.1075413331389427,0.9678259734439771,-0.0034600377082824457,NORMAL,False
bottle,broken_small,021.png,1,0.10382857918739319,0.3027852475643158,0.6579399108886719,0.1075413331389427,0.9654760282099846,-0.003712753951549505,NORMAL,False
bottle,contamination,000.png,1,0.10322455316781998,0.30341124534606934,0.6687846779823303,0.1075413331389427,0.9598593411005473,-0.004316779971122717,NORMAL,False
bottle,contamination,001.png,1,0.10290110111236572,0.3031418025493622,0.6632841229438782,0.1075413331389427,0.9568516412142499,-0.004640232026576971,NORMAL,False
bottle,contamination,002.png,1,0.10511147230863571,0.3051222860813141,0.670854389667511,0.1075413331389427,0.9774053309608165,-0.002429860830306982,NORMAL,False
bottle,contamination,003.png,1,0.1060245931148529,0.3065912127494812,0.6621740460395813,0.1075413331389427,0.9858962132994002,-0.0015167400240897883,NORMAL,False
bottle,contamination,004.png,1,0.10598871111869812,0.305797815322876,0.6805604696273804,0.1075413331389427,0.9855625555781553,-0.0015526220202445734,NORMAL,False
bottle,contamination,005.png,1,0.09964308887720108,0.2963719666004181,0.6778268814086914,0.1075413331389427,0.9265561990798725,-0.007898244261741613,NORMAL,False
bottle,contamination,006.png,1,0.09384345263242722,0.28633055090904236,0.6733315587043762,0.1075413331389427,0.8726268300131829,-0.013697880506515478,NORMAL,False
bottle,contamination,007.png,1,0.10630237311124802,0.3061809837818146,0.6805686354637146,0.1075413331389427,0.9884792201144285,-0.0012389600276946772,NORMAL,False
bottle,contamination,008.png,1,0.103518046438694,0.30436941981315613,0.6578978896141052,0.1075413331389427,0.9625884617307967,-0.004023286700248693,NORMAL,False
bottle,contamination,009.png,1,0.10579302906990051,0.30684924125671387,0.668709933757782,0.1075413331389427,0.9837429570750869,-0.0017483040690421808,NORMAL,False
bottle,contamination,010.png,1,0.10246243327856064,0.3025742173194885,0.6278213262557983,0.1075413331389427,0.9527725785785066,-0.005078899860382055,NORMAL,False
bottle,contamination,011.png,1,0.10121908783912659,0.2993715703487396,0.6730432510375977,0.1075413331389427,0.9412110198443625,-0.006322245299816107,NORMAL,False
bottle,contamination,012.png,1,0.09326491504907608,0.28760144114494324,0.6704703569412231,0.1075413331389427,0.8672471535068143,-0.014276418089866613,NORMAL,False
bottle,contamination,013.png,1,0.10524126142263412,0.3055334985256195,0.6728081107139587,0.1075413331389427,0.9786122075189742,-0.0023000717163085688,NORMAL,False
bottle,contamination,014.png,1,0.10393178462982178,0.3032202422618866,0.6551114916801453,0.1075413331389427,0.9664357098450936,-0.003609548509120916,NORMAL,False
bottle,contamination,015.png,1,0.10316602140665054,0.3028080463409424,0.6411289572715759,0.1075413331389427,0.9593150688708751,-0.00437531173229215,NORMAL,False
bottle,contamination,016.png,1,0.09999147802591324,0.2978430688381195,0.6350765228271484,0.1075413331389427,0.9297957827687044,-0.007549855113029455,NORMAL,False
bottle,contamination,017.png,1,0.10612144321203232,0.3068735897541046,0.6827173233032227,0.1075413331389427,0.9867967981661908,-0.0014198899269103754,NORMAL,False
bottle,contamination,018.png,1,0.10723444074392319,0.3069249391555786,0.6742051243782043,0.1075413331389427,0.997146284260555,-0.00030689239501950627,NORMAL,False
bottle,contamination,019.png,1,0.10354771465063095,0.3023071587085724,0.6754489541053772,0.1075413331389427,0.9628643390244008,-0.003993618488311743,NORMAL,False
bottle,contamination,020.png,1,0.0985899269580841,0.2958015203475952,0.6631531119346619,0.1075413331389427,0.9167631094056327,-0.008951406180858587,NORMAL,False
bottle,good,000.png,0,0.10555008798837662,0.3057030141353607,0.6685020327568054,0.1075413331389427,0.9814839086289417,-0.001991245150566076,NORMAL,True
bottle,good,001.png,0,0.10597702115774155,0.3061072528362274,0.675168514251709,0.1075413331389427,0.9854538535506151,-0.001564311981201147,NORMAL,True
bottle,good,002.png,0,0.10463929176330566,0.3035859167575836,0.6503738164901733,0.1075413331389427,0.9730146419899072,-0.0029020413756370295,NORMAL,True
bottle,good,003.png,0,0.10498872399330139,0.304289311170578,0.6751671433448792,0.1075413331389427,0.9762639250311008,-0.002552609145641302,NORMAL,True
bottle,good,004.png,0,0.10621031373739243,0.30648013949394226,0.6700044274330139,0.1075413331389427,0.9876231829874138,-0.001331019401550268,NORMAL,True
bottle,good,005.png,0,0.10444476455450058,0.3035731315612793,0.6589837670326233,0.1075413331389427,0.971205782055525,-0.0030965685844421137,NORMAL,True
bottle,good,006.png,0,0.10425498336553574,0.3034166991710663,0.6888296604156494,0.1075413331389427,0.9694410541743887,-0.0032863497734069574,NORMAL,True
bottle,good,007.png,0,0.10507383942604065,0.30532634258270264,0.6416516304016113,0.1075413331389427,0.9770553921838214,-0.002467493712902044,NORMAL,True
bottle,good,008.png,0,0.10632118582725525,0.30614760518074036,0.6799322962760925,0.1075413331389427,0.9886541548623818,-0.0012201473116874445,NORMAL,True
bottle,good,009.png,0,0.10687172412872314,0.3076252341270447,0.6603805422782898,0.1075413331389427,0.9937734730389253,-0.000669609010219549,NORMAL,True
bottle,good,010.png,0,0.10586167126893997,0.30636662244796753,0.6732861995697021,0.1075413331389427,0.9843812437415798,-0.0016796618700027216,NORMAL,True
bottle,good,011.png,0,0.10392787307500839,0.3031204342842102,0.6551072001457214,0.1075413331389427,0.9663993372737371,-0.003613460063934301,NORMAL,True
bottle,good,012.png,0,0.10504289716482162,0.3048911988735199,0.6601433753967285,0.1075413331389427,0.9767676678241183,-0.0024984359741210688,NORMAL,True
bottle,good,013.png,0,0.10171669721603394,0.29962196946144104,0.6681617498397827,0.1075413331389427,0.9458381651696341,-0.005824635922908758,NORMAL,True
bottle,good,014.png,0,0.10589160770177841,0.30514687299728394,0.6813234686851501,0.1075413331389427,0.9846596151543626,-0.0016497254371642817,NORMAL,True
bottle,good,015.png,0,0.10455358028411865,0.3047927916049957,0.6793385148048401,0.1075413331389427,0.9722176323501227,-0.002987752854824041,NORMAL,True
bottle,good,016.png,0,0.10389379411935806,0.3029554784297943,0.6623130440711975,0.1075413331389427,0.9660824455758603,-0.0036475390195846308,NORMAL,True
bottle,good,017.png,0,0.10469897836446762,0.3038609027862549,0.6792920231819153,0.1075413331389427,0.9735696527882655,-0.0028423547744750727,NORMAL,True
bottle,good,018.png,0,0.1059863343834877,0.30693402886390686,0.6544334292411804,0.1075413331389427,0.9855404549109881,-0.0015549987554549921,NORMAL,True
bottle,good,019.png,0,0.10432535409927368,0.3028501570224762,0.680510401725769,0.1075413331389427,0.970095414053367,-0.003215979039669012,NORMAL,True
capsule,crack,000.png,1,0.0613977424800396,0.18996678292751312,0.6130926012992859,0.0663820374011993,0.9249150053796081,-0.004984294921159704,NORMAL,False
capsule,crack,001.png,1,0.059460099786520004,0.18813639879226685,0.6701787710189819,0.0663820374011993,0.8957257432030213,-0.006921937614679297,NORMAL,False
capsule,crack,002.png,1,0.06131090223789215,0.19278721511363983,0.6091592907905579,0.0663820374011993,0.9236068165148614,-0.00507113516330715,NORMAL,False
capsule,crack,003.png,1,0.06213262677192688,0.19204503297805786,0.6171174049377441,0.0663820374011993,0.9359855347073808,-0.004249410629272421,NORMAL,False
capsule,crack,004.png,1,0.06296422332525253,0.19545096158981323,0.611431360244751,0.0663820374011993,0.9485129681198212,-0.003417814075946768,NORMAL,False
capsule,crack,005.png,1,0.06197495758533478,0.1920844167470932,0.6181466579437256,0.0663820374011993,0.9336103562289141,-0.004407079815864523,NORMAL,False
capsule,crack,006.png,1,0.061460282653570175,0.1923096626996994,0.6207648515701294,0.0663820374011993,0.9258571303275455,-0.004921754747629126,NORMAL,False
capsule,crack,007.png,1,0.062295764684677124,0.19363291561603546,0.6127109527587891,0.0663820374011993,0.9384430958057887,-0.004086272716522177,NORMAL,False
capsule,crack,008.png,1,0.06177617609500885,0.19203752279281616,0.6115357279777527,0.0663820374011993,0.930615849008165,-0.004605861306190451,NORMAL,False
capsule,crack,009.png,1,0.061402205377817154,0.19272692501544952,0.618268609046936,0.0663820374011993,0.9249822358828026,-0.004979832023382147,NORMAL,False
capsule,crack,010.png,1,0.0596817247569561,0.1903366595506668,0.6125543117523193,0.0663820374011993,0.8990643718307726,-0.0067003126442432,NORMAL,False
capsule,crack,011.png,1,0.06535423547029495,0.20407749712467194,0.6329116821289062,0.0663820374011993,0.9845168667437468,-0.0010278019309043485,NORMAL,False
capsule,crack,012.png,1,0.06161515787243843,0.19105076789855957,0.6165207624435425,0.0663820374011993,0.928190219592827,-0.00476687952876087,NORMAL,False
capsule,crack,013.png,1,0.06257138401269913,0.1944146752357483,0.6181051135063171,0.0663820374011993,0.9425951125080815,-0.0038106533885001737,NORMAL,False
capsule,crack,014.png,1,0.061965566128492355,0.1935492753982544,0.611662745475769,0.0663820374011993,0.9334688803536609,-0.0044164712727069455,NORMAL,False
capsule,crack,015.png,1,0.06251487880945206,0.19406871497631073,0.607926607131958,0.0663820374011993,0.9417439002606242,-0.003867158591747244,NORMAL,False
capsule,crack,016.png,1,0.0627240315079689,0.1951301544904709,0.6097477078437805,0.0663820374011993,0.9448946426407167,-0.0036580058932303983,NORMAL,False
capsule,crack,017.png,1,0.06188004091382027,0.19236533343791962,0.6120922565460205,0.0663820374011993,0.9321805014785868,-0.004501996487379034,NORMAL,False
capsule,crack,018.png,1,0.06250479817390442,0.19475793838500977,0.6093959808349609,0.0663820374011993,0.9415920423794519,-0.003877239227294882,NORMAL,False
capsule,crack,019.png,1,0.05690472200512886,0.1769922524690628,0.6003244519233704,0.0663820374011993,0.8572307243480415,-0.00947731539607044,NORMAL,False
capsule,crack,020.png,1,0.05636942386627197,0.1745772808790207,0.6059927344322205,0.0663820374011993,0.8491668239344152,-0.010012613534927328,NORMAL,False
capsule,crack,021.png,1,0.05492537096142769,0.17287391424179077,0.6041314601898193,0.0663820374011993,0.8274131543970262,-0.011456666439771612,NORMAL,False
capsule,crack,022.png,1,0.06202315166592598,0.19072242081165314,0.6165868043899536,0.0663820374011993,0.9343363670968832,-0.004358885735273321,NORMAL,False
capsule,faulty_imprint,000.png,1,0.06149846315383911,0.1912553310394287,0.6146534085273743,0.0663820374011993,0.9264322934554587,-0.0048835742473601895,NORMAL,False
capsule,faulty_imprint,001.png,1,0.06262078136205673,0.19426429271697998,0.6115360260009766,0.0663820374011993,0.9433392497971956,-0.0037612560391425687,NORMAL,False
capsule,faulty_imprint,002.png,1,0.061951328068971634,0.19282178580760956,0.6129100322723389,0.0663820374011993,0.9332543937232692,-0.004430709332227667,NORMAL,False
capsule,faulty_imprint,003.png,1,0.06296682357788086,0.19476409256458282,0.6111035943031311,0.0663820374011993,0.9485521391475589,-0.0034152138233184415,NORMAL,False
capsule,faulty_imprint,004.png,1,0.062307197600603104,0.1936950534582138,0.6106783151626587,0.0663820374011993,0.9386153248661425,-0.004074839800596197,NORMAL,False
capsule,faulty_imprint,005.png,1,0.06315857917070389,0.1963035613298416,0.6130909323692322,0.0663820374011993,0.951440806026885,-0.003223458230495413,NORMAL,False
capsule,faulty_imprint,006.png,1,0.061923909932374954,0.19477663934230804,0.6189149022102356,0.0663820374011993,0.9328413582445452,-0.004458127468824347,NORMAL,False
capsule,faulty_imprint,007.png,1,0.06341897696256638,0.1966807246208191,0.6120623350143433,0.0663820374011993,0.9553635206957448,-0.002963060438632925,NORMAL,False
capsule,faulty_imprint,008.png,1,0.05564398691058159,0.17311759293079376,0.603802502155304,0.0663820374011993,0.8382386122661594,-0.010738050490617712,NORMAL,False
capsule,faulty_imprint,009.png,1,0.0561394989490509,0.17366068065166473,0.6052569150924683,0.0663820374011993,0.8457031622840285,-0.010242538452148398,NORMAL,False
capsule,faulty_imprint,010.png,1,0.057676464319229126,0.1822853535413742,0.611451268196106,0.0663820374011993,0.8688564945761533,-0.008705573081970175,NORMAL,False
capsule,faulty_imprint,011.png,1,0.05673522129654884,0.17989975214004517,0.605171799659729,0.0663820374011993,0.8546773120814732,-0.009646816104650457,NORMAL,False
capsule,faulty_imprint,012.png,1,0.05892229080200195,0.18465669453144073,0.6049279570579529,0.0663820374011993,0.8876240186164793,-0.007459746599197348,NORMAL,False
capsule,faulty_imprint,013.png,1,0.05839626118540764,0.18283291161060333,0.6048977971076965,0.0663820374011993,0.879699742152726,-0.007985776215791662,NORMAL,False
capsule,faulty_imprint,014.png,1,0.05789319798350334,0.18326504528522491,0.60219407081604,0.0663820374011993,0.872121439021355,-0.00848883941769596,NORMAL,False
capsule,faulty_imprint,015.png,1,0.057549070566892624,0.1826239675283432,0.6092621684074402,0.0663820374011993,0.8669373948117614,-0.008832966834306677,NORMAL,False
capsule,faulty_imprint,016.png,1,0.0591890774667263,0.18627983331680298,0.5962827205657959,0.0663820374011993,0.8916429772861559,-0.007192959934472998,NORMAL,False
capsule,faulty_imprint,017.png,1,0.05809764191508293,0.1831377148628235,0.6022050380706787,0.0663820374011993,0.8752012470474927,-0.00828439548611637,NORMAL,False
capsule,faulty_imprint,018.png,1,0.05745970085263252,0.18132740259170532,0.5995080471038818,0.0663820374011993,0.8655911011793443,-0.008922336548566778,NORMAL,False
capsule,faulty_imprint,019.png,1,0.05845139920711517,0.18451528251171112,0.5939108729362488,0.0663820374011993,0.880530358745198,-0.007930638194084128,NORMAL,False
capsule,faulty_imprint,020.png,1,0.053705353289842606,0.16970688104629517,0.6151459217071533,0.0663820374011993,0.8090344224486296,-0.012676684111356695,NORMAL,False
capsule,faulty_imprint,021.png,1,0.05590564012527466,0.17387418448925018,0.6066742539405823,0.0663820374011993,0.8421802390214771,-0.010476397275924643,NORMAL,False
capsule,good,000.png,0,0.061151016503572464,0.18892240524291992,0.6158518195152283,0.0663820374011993,0.9211982472606011,-0.005231020897626837,NORMAL,True
capsule,good,001.png,0,0.06171952560544014,0.19025515019893646,0.6151725053787231,0.0663820374011993,0.929762448121622,-0.004662511795759161,NORMAL,True
capsule,good,002.png,0,0.062151651829481125,0.19333656132221222,0.6202004551887512,0.0663820374011993,0.9362721341896966,-0.004230385571718176,NORMAL,True
capsule,good,003.png,0,0.06110744550824165,0.18987010419368744,0.6154217720031738,0.0663820374011993,0.9205418800107158,-0.005274591892957647,NORMAL,True
capsule,good,004.png,0,0.056805506348609924,0.16880619525909424,0.6165988445281982,0.0663820374011993,0.8557361083283599,-0.009576531052589377,NORMAL,True
capsule,good,005.png,0,0.06398926675319672,0.1997612714767456,0.6044698357582092,0.0663820374011993,0.9639545464153024,-0.0023927706480025845,NORMAL,True
capsule,good,006.png,0,0.06402929127216339,0.20204001665115356,0.6198558211326599,0.0663820374011993,0.9645574884239181,-0.0023527461290359097,NORMAL,True
capsule,good,007.png,0,0.065742127597332,0.2070820927619934,0.6237415671348572,0.0663820374011993,0.9903601963886733,-0.0006399098038673001,NORMAL,True
capsule,good,008.png,0,0.059897541999816895,0.18034863471984863,0.6233112812042236,0.0663820374011993,0.9023155110140495,-0.006484495401382406,NORMAL,True
capsule,good,009.png,0,0.05553939938545227,0.1635129451751709,0.6120957732200623,0.0663820374011993,0.8366630727192603,-0.01084263801574703,NORMAL,True
capsule,good,010.png,0,0.05981873348355293,0.18344859778881073,0.6291210055351257,0.0663820374011993,0.9011283146074726,-0.006563303917646368,NORMAL,True
capsule,good,011.png,0,0.05732175335288048,0.18153566122055054,0.6031681895256042,0.0663820374011993,0.8635130164270142,-0.009060284048318823,NORMAL,True
capsule,good,012.png,0,0.059384942054748535,0.1829376369714737,0.6231746673583984,0.0663820374011993,0.8945935433683397,-0.006997095346450766,NORMAL,True
capsule,good,013.png,0,0.056835953146219254,0.177662193775177,0.6080352067947388,0.0663820374011993,0.8561947685141766,-0.009546084254980047,NORMAL,True
capsule,good,014.png,0,0.05485394224524498,0.1730699986219406,0.6061967611312866,0.0663820374011993,0.8263371296322091,-0.011528095155954321,NORMAL,True
capsule,good,015.png,0,0.06220678612589836,0.1903044730424881,0.6230356097221375,0.0663820374011993,0.9371026946632176,-0.00417525127530094,NORMAL,True
capsule,good,016.png,0,0.06176328659057617,0.18902355432510376,0.6209622025489807,0.0663820374011993,0.930421677438004,-0.004618750810623129,NORMAL,True
capsule,good,017.png,0,0.061542391777038574,0.18811118602752686,0.6252401471138,0.0663820374011993,0.9270940481246318,-0.004839645624160727,NORMAL,True
capsule,good,018.png,0,0.06156114861369133,0.18983332812786102,0.614758312702179,0.0663820374011993,0.9273766070424817,-0.004820888787507971,NORMAL,True
capsule,good,019.png,0,0.057904962450265884,0.17318904399871826,0.6277217268943787,0.0663820374011993,0.8722986626683401,-0.008477074950933416,NORMAL,True
capsule,good,020.png,0,0.06104785203933716,0.1890677660703659,0.6265864372253418,0.0663820374011993,0.9196441451529511,-0.005334185361862143,NORMAL,True
capsule,good,021.png,0,0.06116647645831108,0.19002939760684967,0.6262825727462769,0.0663820374011993,0.9214311409068925,-0.00521556094288822,NORMAL,True
capsule,good,022.png,0,0.06031092628836632,0.18774926662445068,0.6255871057510376,0.0663820374011993,0.9085428626400777,-0.006071111112832983,NORMAL,True
capsule,poke,000.png,1,0.06339806318283081,0.19392867386341095,0.6164368391036987,0.0663820374011993,0.9550484689053159,-0.0029839742183684903,NORMAL,False
capsule,poke,001.png,1,0.06181294843554497,0.19031919538974762,0.6150408387184143,0.0663820374011993,0.931169799172633,-0.004569088965654333,NORMAL,False
capsule,poke,002.png,1,0.06285277009010315,0.194488525390625,0.6127762794494629,0.0663820374011993,0.9468340013463885,-0.0035292673110961514,NORMAL,False
capsule,poke,003.png,1,0.06143592670559883,0.18996165692806244,0.6136921644210815,0.0663820374011993,0.9254902246264723,-0.00494611069560047,NORMAL,False
capsule,poke,004.png,1,0.06305281817913055,0.19602419435977936,0.617389440536499,0.0663820374011993,0.9498475890104482,-0.0033292192220687467,NORMAL,False
capsule,poke,005.png,1,0.06307307630777359,0.19613145291805267,0.618142306804657,0.0663820374011993,0.9501527638655163,-0.0033089610934257108,NORMAL,False
capsule,poke,006.png,1,0.06226355955004692,0.1944601982831955,0.6078289747238159,0.0663820374011993,0.9379579474751407,-0.00411847785115238,NORMAL,False
capsule,poke,007.png,1,0.06236295402050018,0.19403314590454102,0.6094328761100769,0.0663820374011993,0.9394552572044662,-0.004019083380699118,NORMAL,False
capsule,poke,008.png,1,0.06347989290952682,0.19749240577220917,0.6104093790054321,0.0663820374011993,0.9562811777810838,-0.002902144491672476,NORMAL,False
capsule,poke,009.png,1,0.060693640261888504,0.18925535678863525,0.6162896156311035,0.0663820374011993,0.9143081869432343,-0.005688397139310797,NORMAL,False
capsule,poke,010.png,1,0.061852265149354935,0.1920783519744873,0.6103188395500183,0.0663820374011993,0.931762078580575,-0.004529772251844366,NORMAL,False
capsule,poke,011.png,1,0.05886046215891838,0.18318025767803192,0.598345160484314,0.0663820374011993,0.8866926123881664,-0.00752157524228092,NORMAL,False
capsule,poke,012.png,1,0.05819942429661751,0.18277721107006073,0.6068445444107056,0.0663820374011993,0.8767345290243538,-0.008182613104581793,NORMAL,False
capsule,poke,013.png,1,0.05851775407791138,0.18292860686779022,0.6061181426048279,0.0663820374011993,0.8815299494988709,-0.007864283323287924,NORMAL,False
capsule,poke,014.png,1,0.05862092971801758,0.18406333029270172,0.60105299949646,0.0663820374011993,0.8830842199633736,-0.007761107683181723,NORMAL,False
capsule,poke,015.png,1,0.05721578001976013,0.1824554204940796,0.6062167286872864,0.0663820374011993,0.8619166006303752,-0.009166257381439169,NORMAL,False
capsule,poke,016.png,1,0.05810641869902611,0.1833951622247696,0.6065419912338257,0.0663820374011993,0.8753334632958452,-0.008275618702173193,NORMAL,False
capsule,poke,017.png,1,0.05861010029911995,0.18546192348003387,0.601126492023468,0.0663820374011993,0.8829210821730679,-0.0077719371020793515,NORMAL,False
capsule,poke,018.png,1,0.058673352003097534,0.18390612304210663,0.6009346842765808,0.0663820374011993,0.8838739258406296,-0.007708685398101767,NORMAL,False
capsule,poke,019.png,1,0.05594444274902344,0.1731806993484497,0.598170816898346,0.0663820374011993,0.842764774014193,-0.010437594652175863,NORMAL,False
capsule,poke,020.png,1,0.05588832497596741,0.17265431582927704,0.5994530320167542,0.0663820374011993,0.8419193981376307,-0.010493712425231894,NORMAL,False
capsule,scratch,000.png,1,0.06263604015111923,0.19405822455883026,0.6208067536354065,0.0663820374011993,0.9435691130201377,-0.0037459972500800687,NORMAL,False
capsule,scratch,001.png,1,0.061755407601594925,0.192315936088562,0.6144608855247498,0.0663820374011993,0.9303029858568217,-0.004626629799604376,NORMAL,False
capsule,scratch,002.png,1,0.06106364354491234,0.19141478836536407,0.6219399571418762,0.0663820374011993,0.9198820333858738,-0.005318393856286963,NORMAL,False
capsule,scratch,003.png,1,0.06197390332818031,0.1946953386068344,0.6205152273178101,0.0663820374011993,0.9335944745658056,-0.004408134073018988,NORMAL,False
capsule,scratch,004.png,1,0.06200958788394928,0.1938517838716507,0.6193665266036987,0.0663820374011993,0.9341320379966068,-0.004372449517250021,NORMAL,False
capsule,scratch,005.png,1,0.06280820071697235,0.19482453167438507,0.6144228577613831,0.0663820374011993,0.9461625942176584,-0.0035738366842269498,NORMAL,False
capsule,scratch,006.png,1,0.06220400705933571,0.19444747269153595,0.6122962832450867,0.0663820374011993,0.9370608299258361,-0.004178030341863592,NORMAL,False
capsule,scratch,007.png,1,0.06155325844883919,0.19349707663059235,0.6136289834976196,0.0663820374011993,0.9272577471044468,-0.004828778952360113,NORMAL,False
capsule,scratch,008.png,1,0.06217298284173012,0.19409282505512238,0.6104084849357605,0.0663820374011993,0.9365934713026277,-0.004209054559469183,NORMAL,False
capsule,scratch,009.png,1,0.061381999403238297,0.19394896924495697,0.6117181777954102,0.0663820374011993,0.9246778466930473,-0.005000037997961004,NORMAL,False
capsule,scratch,010.png,1,0.05495941638946533,0.1705147624015808,0.6033216118812561,0.0663820374011993,0.8279260254894255,-0.011422621011733969,NORMAL,False
capsule,scratch,011.png,1,0.05582280829548836,0.17315395176410675,0.6061891913414001,0.0663820374011993,0.8409324341479134,-0.010559229105710943,NORMAL,False
capsule,scratch,012.png,1,0.056090038269758224,0.17579658329486847,0.595805823802948,0.0663820374011993,0.8449580709727488,-0.010291999131441076,NORMAL,False
capsule,scratch,013.png,1,0.05824664235115051,0.18449850380420685,0.5995263457298279,0.0663820374011993,0.8774458367271836,-0.008135395050048788,NORMAL,False
capsule,scratch,014.png,1,0.057227104902267456,0.18126434087753296,0.6049638390541077,0.0663820374011993,0.8620872022411525,-0.009154932498931845,NORMAL,False
capsule,scratch,015.png,1,0.05680626630783081,0.17963744699954987,0.6018429398536682,0.0663820374011993,0.8557475565943463,-0.00957577109336849,NORMAL,False
capsule,scratch,016.png,1,0.057936932891607285,0.18275880813598633,0.6007009148597717,0.0663820374011993,0.8727802755050805,-0.008445104509592016,NORMAL,False
capsule,scratch,017.png,1,0.05717626214027405,0.17962419986724854,0.6039203405380249,0.0663820374011993,0.8613212907990839,-0.009205775260925253,NORMAL,False
capsule,scratch,018.png,1,0.05699196085333824,0.1809186488389969,0.609299898147583,0.0663820374011993,0.8585449179405359,-0.00939007654786106,NORMAL,False
capsule,scratch,019.png,1,0.05878329277038574,0.18528443574905396,0.6059905886650085,0.0663820374011993,0.8855301083199915,-0.007598744630813559,NORMAL,False
capsule,scratch,020.png,1,0.05837775766849518,0.18394334614276886,0.6054922938346863,0.0663820374011993,0.8794209993235382,-0.008004279732704123,NORMAL,False
capsule,scratch,021.png,1,0.05658156797289848,0.18039663136005402,0.6182816028594971,0.0663820374011993,0.8523626298320913,-0.009800469428300818,NORMAL,False
capsule,scratch,022.png,1,0.057380709797143936,0.1830054521560669,0.6128501296043396,0.0663820374011993,0.8644011549441726,-0.009001327604055365,NORMAL,False
capsule,squeeze,000.png,1,0.06492570787668228,0.19787649810314178,0.6120502948760986,0.0663820374011993,0.9780613915822549,-0.0014563295245170194,NORMAL,False
capsule,squeeze,001.png,1,0.06797806918621063,0.20172767341136932,0.6225691437721252,0.0663820374011993,1.024043127440715,0.0015960317850113315,ANOMALY,True
capsule,squeeze,002.png,1,0.05858274921774864,0.18618524074554443,0.6240792274475098,0.0663820374011993,0.8825090568354602,-0.007799288183450659,NORMAL,False
capsule,squeeze,003.png,1,0.059452593326568604,0.1872601956129074,0.6168051958084106,0.0663820374011993,0.8956126635169305,-0.006929444074630697,NORMAL,False
capsule,squeeze,004.png,1,0.058372750878334045,0.18770255148410797,0.6319647431373596,0.0663820374011993,0.8793455754535103,-0.008009286522865255,NORMAL,False
capsule,squeeze,005.png,1,0.06201692298054695,0.19376897811889648,0.619950532913208,0.0663820374011993,0.9342425362109557,-0.0043651144206523496,NORMAL,False
capsule,squeeze,006.png,1,0.062405213713645935,0.1915767639875412,0.5979735255241394,0.0663820374011993,0.94009187058363,-0.003976823687553366,NORMAL,False
capsule,squeeze,007.png,1,0.06324931234121323,0.19118206202983856,0.6116968393325806,0.0663820374011993,0.9528076391953364,-0.0031327250599860745,NORMAL,False
capsule,squeeze,008.png,1,0.054296720772981644,0.1752895563840866,0.6053488850593567,0.0663820374011993,0.8179429691924563,-0.012085316628217657,NORMAL,False
capsule,squeeze,009.png,1,0.05224713310599327,0.17511685192584991,0.6059333682060242,0.0663820374011993,0.7870673325409162,-0.01413490429520603,NORMAL,False
capsule,squeeze,010.png,1,0.055618900805711746,0.17813050746917725,0.6087648272514343,0.0663820374011993,0.8378607072507073,-0.010763136595487555,NORMAL,False
capsule,squeeze,011.png,1,0.06330891698598862,0.1926165223121643,0.6207649111747742,0.0663820374011993,0.9537055424099538,-0.003073120415210684,NORMAL,False
capsule,squeeze,012.png,1,0.059490133076906204,0.18552415072917938,0.6066702008247375,0.0663820374011993,0.8961781741852867,-0.006891904324293097,NORMAL,False
capsule,squeeze,013.png,1,0.054447975009679794,0.176095113158226,0.6035162806510925,0.0663820374011993,0.8202215108374499,-0.011934062391519507,NORMAL,False
capsule,squeeze,014.png,1,0.06748204678297043,0.20301418006420135,0.6075958013534546,0.0663820374011993,1.0165708891265706,0.0011000093817711276,ANOMALY,True
capsule,squeeze,015.png,1,0.05308603122830391,0.17443692684173584,0.5960850715637207,0.0663820374011993,0.7997047590971473,-0.013296006172895392,NORMAL,False
capsule,squeeze,016.png,1,0.06171322986483574,0.1911635547876358,0.6036862134933472,0.0663820374011993,0.9296676070945781,-0.004668807536363562,NORMAL,False
capsule,squeeze,017.png,1,0.06083018705248833,0.19341516494750977,0.6122915744781494,0.0663820374011993,0.916365170970021,-0.005551850348710974,NORMAL,False
capsule,squeeze,018.png,1,0.05283360555768013,0.16836170852184296,0.6060491800308228,0.0663820374011993,0.7959021389832426,-0.01354843184351917,NORMAL,False
capsule,squeeze,019.png,1,0.054414939135313034,0.17053955793380737,0.6039320230484009,0.0663820374011993,0.8197238479807482,-0.011967098265886267,NORMAL,False
metal_nut,bent,000.png,1,0.015742510557174683,0.11119387298822403,0.5993139743804932,0.0263522500544786,0.5973877192509116,-0.010609739497303917,NORMAL,False
metal_nut,bent,001.png,1,0.01600346341729164,0.11239876598119736,0.6290926933288574,0.0263522500544786,0.6072902080166711,-0.010348786637186958,NORMAL,False
metal_nut,bent,002.png,1,0.0174053106456995,0.11770284175872803,0.6198713779449463,0.0263522500544786,0.6604866988479963,-0.008946939408779098,NORMAL,False
metal_nut,bent,003.png,1,0.0177603866904974,0.11902730911970139,0.6994274854660034,0.0263522500544786,0.6739609199890314,-0.008591863363981201,NORMAL,False
metal_nut,bent,004.png,1,0.017264440655708313,0.11712750047445297,0.6640594005584717,0.0263522500544786,0.6551410456419147,-0.009087809398770286,NORMAL,False
metal_nut,bent,005.png,1,0.01647382415831089,0.11350221186876297,0.6444568037986755,0.0263522500544786,0.625139186378931,-0.00987842589616771,NORMAL,False
metal_nut,bent,006.png,1,0.016209064051508904,0.11188296228647232,0.7012401819229126,0.0263522500544786,0.6150922224098337,-0.010143186002969696,NORMAL,False
metal_nut,bent,007.png,1,0.017572909593582153,0.11679784208536148,0.6961926221847534,0.0263522500544786,0.666846647146004,-0.008779340460896446,NORMAL,False
metal_nut,bent,008.png,1,0.015946930274367332,0.11181128025054932,0.663713812828064,0.0263522500544786,0.605144920885309,-0.010405319780111267,NORMAL,False
metal_nut,bent,009.png,1,0.01586041785776615,0.11080890148878098,0.6821149587631226,0.0263522500544786,0.6018619975515394,-0.010491832196712448,NORMAL,False
metal_nut,bent,010.png,1,0.01460894476622343,0.10499900579452515,0.6862777471542358,0.0263522500544786,0.5543718178152541,-0.011743305288255169,NORMAL,False
metal_nut,bent,011.png,1,0.01641867496073246,0.11316543072462082,0.651139497756958,0.0263522500544786,0.6230464164080777,-0.00993357509374614,NORMAL,False
metal_nut,bent,012.png,1,0.01592198573052883,0.11168384552001953,0.6832488179206848,0.0263522500544786,0.6041983397096244,-0.010430264323949768,NORMAL,False
metal_nut,bent,013.png,1,0.017131580039858818,0.11506897211074829,0.6816656589508057,0.0263522500544786,0.6500993275504868,-0.009220670014619781,NORMAL,False
metal_nut,bent,014.png,1,0.01701168343424797,0.11478245258331299,0.6899617910385132,0.0263522500544786,0.6455495602492893,-0.009340566620230629,NORMAL,False
metal_nut,bent,015.png,1,0.015842897817492485,0.10999497026205063,0.672127366065979,0.0263522500544786,0.6011971571588804,-0.010509352236986114,NORMAL,False
metal_nut,bent,016.png,1,0.015462691895663738,0.10898727923631668,0.6629282832145691,0.0263522500544786,0.5867693219249729,-0.010889558158814861,NORMAL,False
metal_nut,bent,017.png,1,0.01543891429901123,0.11088762432336807,0.6495371460914612,0.0263522500544786,0.5858670233886676,-0.010913335755467369,NORMAL,False
metal_nut,bent,018.png,1,0.016479961574077606,0.11213606595993042,0.7202531099319458,0.0263522500544786,0.6253720854958575,-0.009872288480400993,NORMAL,False
metal_nut,bent,019.png,1,0.015440615825355053,0.10926739126443863,0.6920881271362305,0.0263522500544786,0.5859315919298853,-0.010911634229123546,NORMAL,False
metal_nut,bent,020.png,1,0.01552328560501337,0.1114991083741188,0.6266070604324341,0.0263522500544786,0.589068697091206,-0.010828964449465229,NORMAL,False
metal_nut,bent,021.png,1,0.01473933458328247,0.10746859759092331,0.5970001220703125,0.0263522500544786,0.5593197754579405,-0.011612915471196129,NORMAL,False
metal_nut,bent,022.png,1,0.01666281744837761,0.11454743146896362,0.6886581182479858,0.0263522500544786,0.6323109948459882,-0.00968943260610099,NORMAL,False
metal_nut,bent,023.png,1,0.015598863363265991,0.11086983233690262,0.6302908658981323,0.0263522500544786,0.5919366783108885,-0.010753386691212608,NORMAL,False
metal_nut,bent,024.png,1,0.015538674779236317,0.10911812633275986,0.7042479515075684,0.0263522500544786,0.5896526766068501,-0.010813575275242283,NORMAL,False
metal_nut,color,000.png,1,0.015721989795565605,0.11125693470239639,0.6093583106994629,0.0263522500544786,0.5966090092141347,-0.010630260258912994,NORMAL,False
metal_nut,color,001.png,1,0.01706223003566265,0.11698033660650253,0.6745082139968872,0.0263522500544786,0.6474676735530939,-0.009290020018815948,NORMAL,False
metal_nut,color,002.png,1,0.016262590885162354,0.11466125398874283,0.6477781534194946,0.0263522500544786,0.6171234278493234,-0.010089659169316246,NORMAL,False
metal_nut,color,003.png,1,0.015369961969554424,0.11062810570001602,0.6654626131057739,0.0263522500544786,0.5832504601231301,-0.010982288084924175,NORMAL,False
metal_nut,color,004.png,1,0.01651359349489212,0.11514159291982651,0.6870867013931274,0.0263522500544786,0.6266483302470642,-0.009838656559586479,NORMAL,False
metal_nut,color,005.png,1,0.016237134113907814,0.11377153545618057,0.6778862476348877,0.0263522500544786,0.616157408962818,-0.010115115940570785,NORMAL,False
metal_nut,color,006.png,1,0.01902172714471817,0.1215776801109314,0.6970669031143188,0.0263522500544786,0.7218255407183115,-0.007330522909760429,NORMAL,False
metal_nut,color,007.png,1,0.019511288031935692,0.12248281389474869,0.6953815221786499,0.0263522500544786,0.7404031151647228,-0.0068409620225429076,NORMAL,False
metal_nut,color,008.png,1,0.017166661098599434,0.11597653478384018,0.6859086751937866,0.0263522500544786,0.6514305633526705,-0.009185588955879165,NORMAL,False
metal_nut,color,009.png,1,0.020763620734214783,0.12568609416484833,0.7545781135559082,0.0263522500544786,0.7879259149138947,-0.005588629320263817,NORMAL,False
metal_nut,color,010.png,1,0.022953346371650696,0.13134008646011353,0.7158966064453125,0.0263522500544786,0.871020361608543,-0.0033989036828279036,NORMAL,False
metal_nut,color,011.png,1,0.018618805333971977,0.11962616443634033,0.6918016672134399,0.0263522500544786,0.7065356960214366,-0.007733444720506622,NORMAL,False
metal_nut,color,012.png,1,0.0182868093252182,0.11933963745832443,0.6848694086074829,0.0263522500544786,0.693937302788698,-0.008065440729260399,NORMAL,False
metal_nut,color,013.png,1,0.017183849588036537,0.11514279991388321,0.6761619448661804,0.0263522500544786,0.6520828222452344,-0.009168400466442062,NORMAL,False
metal_nut,color,014.png,1,0.01726701110601425,0.11626911908388138,0.6883572340011597,0.0263522500544786,0.6552385876089432,-0.009085238948464348,NORMAL,False
metal_nut,color,015.png,1,0.017230452969670296,0.11575135588645935,0.650238037109375,0.0263522500544786,0.6538513005170106,-0.009121797084808304,NORMAL,False
metal_nut,color,016.png,1,0.01527595054358244,0.11054135113954544,0.6687902212142944,0.0263522500544786,0.5796829687029428,-0.01107629951089616,NORMAL,False
metal_nut,color,017.png,1,0.019729139283299446,0.1236598789691925,0.7155828475952148,0.0263522500544786,0.7486700089181362,-0.006623110771179153,NORMAL,False
metal_nut,color,018.png,1,0.015127441845834255,0.10976184159517288,0.67849200963974,0.0263522500544786,0.5740474462165832,-0.011224808208644344,NORMAL,False
metal_nut,color,019.png,1,0.01563468761742115,0.11202865093946457,0.6599643230438232,0.0263522500544786,0.5932961164644085,-0.01071756243705745,NORMAL,False
metal_nut,color,020.png,1,0.016018835827708244,0.11171259731054306,0.6471213102340698,0.0263522500544786,0.607873551389052,-0.010333414226770355,NORMAL,False
metal_nut,color,021.png,1,0.016241775825619698,0.11268913745880127,0.6749759912490845,0.0263522500544786,0.6163335499641476,-0.010110474228858902,NORMAL,False
metal_nut,flip,000.png,1,0.01729184202849865,0.11520528048276901,0.6720170378684998,0.0263522500544786,0.6561808571469546,-0.00906040802597995,NORMAL,False
metal_nut,flip,001.png,1,0.01604279689490795,0.11139967292547226,0.6488573551177979,0.0263522500544786,0.6087828121599604,-0.010309453159570648,NORMAL,False
metal_nut,flip,002.png,1,0.015119194984436035,0.10753211379051208,0.5050668120384216,0.0263522500544786,0.573734499072367,-0.011233055070042564,NORMAL,False
metal_nut,flip,003.png,1,0.015765080228447914,0.11028504371643066,0.6875978708267212,0.0263522500544786,0.5982441801309721,-0.010587169826030685,NORMAL,False
metal_nut,flip,004.png,1,0.018449343740940094,0.11664453893899918,0.701119065284729,0.0263522500544786,0.7001050651386258,-0.007902906313538505,NORMAL,False
metal_nut,flip,005.png,1,0.01610606722533703,0.1111067607998848,0.647830605506897,0.0263522500544786,0.6111837582005557,-0.010246182829141571,NORMAL,False
metal_nut,flip,006.png,1,0.01606806367635727,0.1113319993019104,0.6634694337844849,0.0263522500544786,0.6097416214228158,-0.01028418637812133,NORMAL,False
metal_nut,flip,007.png,1,0.01663997210562229,0.11376938968896866,0.6410015225410461,0.0263522500544786,0.6314440729433769,-0.009712277948856308,NORMAL,False
metal_nut,flip,008.png,1,0.01602223329246044,0.11025740951299667,0.6528423428535461,0.0263522500544786,0.6080024764237331,-0.010330016762018158,NORMAL,False
metal_nut,flip,009.png,1,0.015911702066659927,0.11024079471826553,0.5618599653244019,0.0263522500544786,0.603808101158926,-0.010440547987818672,NORMAL,False
metal_nut,flip,010.png,1,0.015488903969526291,0.10897839069366455,0.6302757263183594,0.0263522500544786,0.587764002599616,-0.010863346084952308,NORMAL,False
metal_nut,flip,011.png,1,0.012875246815383434,0.09941331297159195,0.5294473171234131,0.0263522500544786,0.48858244699280506,-0.013477003239095165,NORMAL,False
metal_nut,flip,012.png,1,0.016307488083839417,0.11165241152048111,0.6386871337890625,0.0263522500544786,0.6188271608734199,-0.010044761970639183,NORMAL,False
metal_nut,flip,013.png,1,0.014596394263207912,0.10604151338338852,0.5964444875717163,0.0263522500544786,0.5538955585588501,-0.011755855791270687,NORMAL,False
metal_nut,flip,014.png,1,0.016552932560443878,0.1125594973564148,0.6394894123077393,0.0263522500544786,0.6281411464381079,-0.009799317494034721,NORMAL,False
metal_nut,flip,015.png,1,0.015205719508230686,0.10820317268371582,0.6379076242446899,0.0263522500544786,0.5770178818429379,-0.011146530546247913,NORMAL,False
metal_nut,flip,016.png,1,0.01358726341277361,0.1031508818268776,0.5823429226875305,0.0263522500544786,0.5156016425422631,-0.01276498664170499,NORMAL,False
metal_nut,flip,017.png,1,0.011384713463485241,0.09372224658727646,0.5523923635482788,0.0263522500544786,0.4320205462512448,-0.014967536590993358,NORMAL,False
metal_nut,flip,018.png,1,0.012597848661243916,0.0983993411064148,0.5825625061988831,0.0263522500544786,0.4780559016858181,-0.013754401393234684,NORMAL,False
metal_nut,flip,019.png,1,0.014806505292654037,0.10758201032876968,0.6376259326934814,0.0263522500544786,0.5618687308311137,-0.011545744761824562,NORMAL,False
metal_nut,flip,020.png,1,0.013441707007586956,0.10125404596328735,0.6336938738822937,0.0263522500544786,0.5100781519528167,-0.012910543046891643,NORMAL,False
metal_nut,flip,021.png,1,0.013281957246363163,0.10126673430204391,0.626092255115509,0.0263522500544786,0.5040160600671697,-0.013070292808115436,NORMAL,False
metal_nut,flip,022.png,1,0.012046817690134048,0.09717720746994019,0.35120323300361633,0.0263522500544786,0.4571456959170238,-0.014305432364344551,NORMAL,False
metal_nut,good,000.png,0,0.0179617777466774,0.11833629012107849,0.6959953308105469,0.0263522500544786,0.6816031917405387,-0.0083904723078012,NORMAL,True
metal_nut,good,001.png,0,0.01573087088763714,0.11184408515691757,0.59523606300354,0.0263522500544786,0.5969460237784764,-0.010621379166841461,NORMAL,True
metal_nut,good,002.png,0,0.01744517683982849,0.11807487159967422,0.6759918928146362,0.0263522500544786,0.6619995182105393,-0.008907073214650108,NORMAL,True
metal_nut,good,003.png,0,0.017001384869217873,0.11497116833925247,0.6715805530548096,0.0263522500544786,0.6451587562379124,-0.009350865185260727,NORMAL,True
metal_nut,good,004.png,0,0.01594686321914196,0.11114192008972168,0.6677637100219727,0.0263522500544786,0.6051423763122561,-0.01040538683533664,NORMAL,True
metal_nut,good,005.png,0,0.020477687940001488,0.12608034908771515,0.6864171028137207,0.0263522500544786,0.7770755020033395,-0.005874562114477112,NORMAL,True
metal_nut,good,006.png,0,0.01964273490011692,0.12250391393899918,0.7074707746505737,0.0263522500544786,0.745391185174285,-0.006709515154361679,NORMAL,True
metal_nut,good,007.png,0,0.02254672907292843,0.13164234161376953,0.7187025547027588,0.0263522500544786,0.8555902826634184,-0.0038055209815501707,NORMAL,True
metal_nut,good,008.png,0,0.01911834627389908,0.12148021906614304,0.6654399633407593,0.0263522500544786,0.7254919877572235,-0.007233903780579521,NORMAL,True
metal_nut,good,009.png,0,0.021683812141418457,0.12717406451702118,0.7382642030715942,0.0263522500544786,0.8228448081887134,-0.004668437913060142,NORMAL,True
metal_nut,good,010.png,0,0.019893284887075424,0.12149351835250854,0.6917446851730347,0.0263522500544786,0.7548989117039185,-0.006458965167403175,NORMAL,True
metal_nut,good,011.png,0,0.019058311358094215,0.12134486436843872,0.6904914379119873,0.0263522500544786,0.7232138173664313,-0.007293938696384384,NORMAL,True
metal_nut,good,012.png,0,0.02364994026720524,0.13193465769290924,0.7401822805404663,0.0263522500544786,0.8974543053558305,-0.002702309787273361,NORMAL,True
metal_nut,good,013.png,0,0.02140216715633869,0.12748511135578156,0.6795675158500671,0.0263522500544786,0.8121571065883751,-0.004950082898139908,NORMAL,True
metal_nut,good,014.png,0,0.019214821979403496,0.12077421694993973,0.6929574012756348,0.0263522500544786,0.7291529922371055,-0.007137428075075104,NORMAL,True
metal_nut,good,015.png,0,0.017107071354985237,0.11491046100854874,0.6758882999420166,0.0263522500544786,0.6491692860996463,-0.009245178699493362,NORMAL,True
metal_nut,good,016.png,0,0.014142360538244247,0.10439177602529526,0.467316597700119,0.0263522500544786,0.5366661483936828,-0.012209889516234352,NORMAL,True
metal_nut,good,017.png,0,0.016908681020140648,0.1139492392539978,0.6664971113204956,0.0263522500544786,0.6416408839922568,-0.009443569034337952,NORMAL,True
metal_nut,good,018.png,0,0.015947148203849792,0.11024218797683716,0.6862622499465942,0.0263522500544786,0.605153190747731,-0.010405101850628807,NORMAL,True
metal_nut,good,019.png,0,0.016731159761548042,0.11273828148841858,0.6848272085189819,0.0263522500544786,0.6349044095650026,-0.009621090292930557,NORMAL,True
metal_nut,good,020.png,0,0.01571878232061863,0.10879770666360855,0.6829414963722229,0.0263522500544786,0.5964872938031036,-0.01063346773385997,NORMAL,True
metal_nut,good,021.png,0,0.016817228868603706,0.11366144567728043,0.6843814253807068,0.0263522500544786,0.6381705104435891,-0.009535021185874893,NORMAL,True
metal_nut,scratch,000.png,1,0.01655070297420025,0.1141142025589943,0.6654146909713745,0.0263522500544786,0.6280565393840984,-0.00980154708027835,NORMAL,False
metal_nut,scratch,001.png,1,0.017503414303064346,0.1165585145354271,0.6865707635879517,0.0263522500544786,0.6642094799069963,-0.008848835751414253,NORMAL,False
metal_nut,scratch,002.png,1,0.015603396110236645,0.10873138159513474,0.6871625781059265,0.0263522500544786,0.592108684381007,-0.010748853944241955,NORMAL,False
metal_nut,scratch,003.png,1,0.017085151746869087,0.11617795377969742,0.6967228651046753,0.0263522500544786,0.6483374934416821,-0.009267098307609512,NORMAL,False
metal_nut,scratch,004.png,1,0.015007381327450275,0.10847470164299011,0.5604585409164429,0.0263522500544786,0.569491458847923,-0.011344868727028324,NORMAL,False
metal_nut,scratch,005.png,1,0.017704753205180168,0.11509126424789429,0.7130438089370728,0.0263522500544786,0.6718497725461292,-0.008647496849298431,NORMAL,False
metal_nut,scratch,006.png,1,0.01459340751171112,0.10467009991407394,0.6586264967918396,0.0263522500544786,0.5537822190341182,-0.011758842542767479,NORMAL,False
metal_nut,scratch,007.png,1,0.0156941469758749,0.10866876691579819,0.6646932363510132,0.0263522500544786,0.5955524459364964,-0.010658103078603699,NORMAL,False
metal_nut,scratch,008.png,1,0.015206269919872284,0.10898524522781372,0.6727085709571838,0.0263522500544786,0.5770387685467473,-0.011145980134606315,NORMAL,False
metal_nut,scratch,009.png,1,0.014738145284354687,0.10430189222097397,0.6997982859611511,0.0263522500544786,0.5592746446275436,-0.011614104770123913,NORMAL,False
metal_nut,scratch,010.png,1,0.014561619609594345,0.10436709970235825,0.697039008140564,0.0263522500544786,0.5525759500418667,-0.011790630444884254,NORMAL,False
metal_nut,scratch,011.png,1,0.016459062695503235,0.11369141191244125,0.6944324970245361,0.0263522500544786,0.6245790268943655,-0.009893187358975365,NORMAL,False
metal_nut,scratch,012.png,1,0.01482501532882452,0.10768159478902817,0.6500704288482666,0.0263522500544786,0.5625711390175956,-0.01152723472565408,NORMAL,False
metal_nut,scratch,013.png,1,0.015499222092330456,0.11021969467401505,0.6788318753242493,0.0263522500544786,0.5881555487781334,-0.010853027962148144,NORMAL,False
metal_nut,scratch,014.png,1,0.01650290936231613,0.1124177798628807,0.6534475088119507,0.0263522500544786,0.626242894940633,-0.009849340692162468,NORMAL,False
metal_nut,scratch,015.png,1,0.015902210026979446,0.11105731874704361,0.6197253465652466,0.0263522500544786,0.6034479027067688,-0.010450040027499153,NORMAL,False
metal_nut,scratch,016.png,1,0.01511278748512268,0.1080779954791069,0.6808825731277466,0.0263522500544786,0.573491350980644,-0.011239462569355919,NORMAL,False
metal_nut,scratch,017.png,1,0.01517660915851593,0.10751384496688843,0.6650736331939697,0.0263522500544786,0.575913219066341,-0.01117564089596267,NORMAL,False
metal_nut,scratch,018.png,1,0.015771055594086647,0.10968378186225891,0.6304904222488403,0.0263522500544786,0.5984709298630208,-0.010581194460391952,NORMAL,False
metal_nut,scratch,019.png,1,0.01803639903664589,0.11902540922164917,0.6879862546920776,0.0263522500544786,0.6844348774529248,-0.00831585101783271,NORMAL,False
metal_nut,scratch,020.png,1,0.016878504306077957,0.11458297818899155,0.5629538893699646,0.0263522500544786,0.6404957554358601,-0.009473745748400642,NORMAL,False
metal_nut,scratch,021.png,1,0.01618064008653164,0.111508309841156,0.6383148431777954,0.0263522500544786,0.6140136061657369,-0.01017160996794696,NORMAL,False
metal_nut,scratch,022.png,1,0.016356879845261574,0.11116441339254379,0.6623764038085938,0.0263522500544786,0.6207014509746465,-0.009995370209217026,NORMAL,False
hazelnut,crack,000.png,1,0.007222778629511595,0.06265876442193985,0.5387024879455566,0.0084260333608835,0.8571979625718288,-0.0012032547313719048,NORMAL,False
hazelnut,crack,001.png,1,0.004929786082357168,0.05326514318585396,0.5021696090698242,0.0084260333608835,0.5850660531731223,-0.0034962472785263314,NORMAL,False
hazelnut,crack,002.png,1,0.004338354337960482,0.05068914219737053,0.35855230689048767,0.0084260333608835,0.5148750488101069,-0.004087679022923018,NORMAL,False
hazelnut,crack,003.png,1,0.003632083535194397,0.04655705764889717,0.33997800946235657,0.0084260333608835,0.43105496734154397,-0.004793949825689103,NORMAL,False
hazelnut,crack,004.png,1,0.004653693176805973,0.05231184884905815,0.3883340656757355,0.0084260333608835,0.5522994008556853,-0.0037723401840775266,NORMAL,False
hazelnut,crack,005.png,1,0.0037284940481185913,0.046775933355093,0.29909613728523254,0.0084260333608835,0.44249694825889524,-0.004697539312764908,NORMAL,False
hazelnut,crack,006.png,1,0.005108698736876249,0.05507386103272438,0.4166817367076874,0.0084260333608835,0.6062993722043113,-0.0033173346240072503,NORMAL,False
hazelnut,crack,007.png,1,0.006850222125649452,0.059068191796541214,0.5596239566802979,0.0084260333608835,0.8129830291736683,-0.0015758112352340474,NORMAL,False
hazelnut,crack,008.png,1,0.008918463252484798,0.06458533555269241,0.6869637966156006,0.0084260333608835,1.0584414837338914,0.0004924298916012988,ANOMALY,True
hazelnut,crack,009.png,1,0.008316042833030224,0.058893799781799316,0.7743355631828308,0.0084260333608835,0.9869463455528329,-0.00010999052785327576,NORMAL,False
hazelnut,crack,010.png,1,0.009547307156026363,0.062444452196359634,0.5849118828773499,0.0084260333608835,1.1330725558657524,0.0011212737951428638,ANOMALY,True
hazelnut,crack,011.png,1,0.006978900637477636,0.05902545526623726,0.5934164524078369,0.0084260333608835,0.8282545699232639,-0.0014471327234058633,NORMAL,False
hazelnut,crack,012.png,1,0.004360859282314777,0.049743492156267166,0.3575778305530548,0.0084260333608835,0.5175459312277783,-0.004065174078568722,NORMAL,False
hazelnut,crack,013.png,1,0.0036098372656852007,0.04632266238331795,0.31860873103141785,0.0084260333608835,0.4284147844041643,-0.004816196095198299,NORMAL,False
hazelnut,crack,014.png,1,0.003511501243337989,0.046624645590782166,0.2745863199234009,0.0084260333608835,0.41674428440309375,-0.004914532117545511,NORMAL,False
hazelnut,crack,015.png,1,0.004521078430116177,0.04993318393826485,0.5155181884765625,0.0084260333608835,0.536560708518501,-0.003904954930767323,NORMAL,False
hazelnut,crack,016.png,1,0.005335643887519836,0.05492277070879936,0.4120475947856903,0.0084260333608835,0.6332331785309209,-0.003090389473363663,NORMAL,False
hazelnut,crack,017.png,1,0.005170647520571947,0.05080549791455269,0.5741716027259827,0.0084260333608835,0.6136514418012922,-0.0032553858403115525,NORMAL,False
hazelnut,cut,000.png,1,0.005612269043922424,0.05605844035744667,0.4126558303833008,0.0084260333608835,0.6660629982758528,-0.0028137643169610753,NORMAL,False
hazelnut,cut,001.png,1,0.00453997403383255,0.05055493488907814,0.42366823554039,0.0084260333608835,0.5388032350914544,-0.0038860593270509496,NORMAL,False
hazelnut,cut,002.png,1,0.0045207892544567585,0.050587136298418045,0.41361063718795776,0.0084260333608835,0.5365263892074998,-0.003905244106426741,NORMAL,False
hazelnut,cut,003.png,1,0.004456335678696632,0.050472598522901535,0.36354321241378784,0.0084260333608835,0.5288770513756155,-0.003969697682186867,NORMAL,False
hazelnut,cut,004.png,1,0.004683568608015776,0.0517086423933506,0.4146740436553955,0.0084260333608835,0.5558450112194532,-0.003742464752867724,NORMAL,False
hazelnut,cut,005.png,1,0.0041608246974647045,0.04868170619010925,0.5263094305992126,0.0084260333608835,0.4938058656141408,-0.004265208663418795,NORMAL,False
hazelnut,cut,006.png,1,0.00373125821352005,0.04722824692726135,0.5001888871192932,0.0084260333608835,0.442824998870977,-0.0046947751473634496,NORMAL,False
hazelnut,cut,007.png,1,0.00331084243953228,0.04513482376933098,0.36800047755241394,0.0084260333608835,0.392930136605242,-0.00511519092135122,NORMAL,False
hazelnut,cut,008.png,1,0.004867325071245432,0.05303693190217018,0.42580896615982056,0.0084260333608835,0.577653192526059,-0.0035587082896380677,NORMAL,False
hazelnut,cut,009.png,1,0.003998361062258482,0.04776184633374214,0.5233525037765503,0.0084260333608835,0.4745247129948747,-0.004427672298625018,NORMAL,False
hazelnut,cut,010.png,1,0.004019672516733408,0.04807671532034874,0.40462592244148254,0.0084260333608835,0.47705395226585373,-0.004406360844150092,NORMAL,False
hazelnut,cut,011.png,1,0.004328127484768629,0.0501408725976944,0.46727895736694336,0.0084260333608835,0.5136613278629139,-0.0040979058761148705,NORMAL,False
hazelnut,cut,012.png,1,0.005108966957777739,0.053205836564302444,0.5055238604545593,0.0084260333608835,0.6063312046087181,-0.003317066403105761,NORMAL,False
hazelnut,cut,013.png,1,0.004345447290688753,0.04845026135444641,0.5339235067367554,0.0084260333608835,0.515716839059977,-0.0040805860701947465,NORMAL,False
hazelnut,cut,014.png,1,0.003762614680454135,0.04619460925459862,0.4322655498981476,0.0084260333608835,0.44654637826636984,-0.004663418680429365,NORMAL,False
hazelnut,cut,015.png,1,0.004977488424628973,0.052290257066488266,0.6161784529685974,0.0084260333608835,0.5907273578735351,-0.0034485449362545266,NORMAL,False
hazelnut,cut,016.png,1,0.00426782900467515,0.05150380730628967,0.4644629657268524,0.0084260333608835,0.5065051159763807,-0.00415820435620835,NORMAL,False
hazelnut,good,000.png,0,0.0037471221294254065,0.04645492509007454,0.34799569845199585,0.0084260333608835,0.44470772532432834,-0.004678911231458093,NORMAL,True
hazelnut,good,001.png,0,0.004319466184824705,0.04989996924996376,0.30579841136932373,0.0084260333608835,0.5126334064706093,-0.0041065671760587945,NORMAL,True
hazelnut,good,002.png,0,0.003578991862013936,0.046400561928749084,0.33669477701187134,0.0084260333608835,0.4247540578973765,-0.0048470414988695636,NORMAL,True
hazelnut,good,003.png,0,0.003326356178149581,0.044166985899209976,0.266262412071228,0.0084260333608835,0.39477130408617334,-0.005099677182733919,NORMAL,True
hazelnut,good,004.png,0,0.005276180803775787,0.05513393506407738,0.2947259247303009,0.0084260333608835,0.6261761113206132,-0.0031498525571077123,NORMAL,True
hazelnut,good,005.png,0,0.0048445165157318115,0.05166874825954437,0.44237738847732544,0.0084260333608835,0.574946277595066,-0.003581516845151688,NORMAL,True
hazelnut,good,006.png,0,0.004476228263229132,0.0509926974773407,0.32693296670913696,0.0084260333608835,0.5312378994378659,-0.003949805097654368,NORMAL,True
hazelnut,good,007.png,0,0.00420580105856061,0.04868747666478157,0.37283042073249817,0.0084260333608835,0.4991436513989326,-0.00422023230232289,NORMAL,True
hazelnut,good,008.png,0,0.003912873100489378,0.04688898101449013,0.278290718793869,0.0084260333608835,0.4643790183236468,-0.004513160260394122,NORMAL,True
hazelnut,good,009.png,0,0.0037827969063073397,0.04584968090057373,0.3830324113368988,0.0084260333608835,0.4489416009042124,-0.00464323645457616,NORMAL,True
hazelnut,good,010.png,0,0.004669766407459974,0.05085944011807442,0.43150827288627625,0.0084260333608835,0.554206968742684,-0.0037562669534235253,NORMAL,True
hazelnut,good,011.png,0,0.0047552273608744144,0.05175509676337242,0.34723666310310364,0.0084260333608835,0.5643494580676348,-0.003670806000009085,NORMAL,True
hazelnut,good,012.png,0,0.003439459251239896,0.045301247388124466,0.26785850524902344,0.0084260333608835,0.4081943547965322,-0.004986574109643604,NORMAL,True
hazelnut,good,013.png,0,0.004491621162742376,0.0505053885281086,0.3510400354862213,0.0084260333608835,0.5330647257574368,-0.003934412198141123,NORMAL,True
hazelnut,good,014.png,0,0.004121473524719477,0.04850924015045166,0.3373444080352783,0.0084260333608835,0.4891356760884371,-0.004304559836164023,NORMAL,True
hazelnut,good,015.png,0,0.004097432363778353,0.04803023859858513,0.3841797709465027,0.0084260333608835,0.4862824757851092,-0.004328600997105147,NORMAL,True
hazelnut,good,016.png,0,0.0040626684203743935,0.04947569593787193,0.27574074268341064,0.0084260333608835,0.48215669774519004,-0.004363364940509106,NORMAL,True
hazelnut,good,017.png,0,0.0048173279501497746,0.05236592888832092,0.28494951128959656,0.0084260333608835,0.5717195439212764,-0.003608705410733725,NORMAL,True
hazelnut,good,018.png,0,0.004411444533616304,0.05014077201485634,0.3972110450267792,0.0084260333608835,0.5235493790109738,-0.004014588827267195,NORMAL,True
hazelnut,good,019.png,0,0.004735254216939211,0.05249020457267761,0.31905293464660645,0.0084260333608835,0.5619790492311441,-0.0036907791439442887,NORMAL,True
hazelnut,good,020.png,0,0.0037055688444525003,0.046182338148355484,0.37793466448783875,0.0084260333608835,0.4397761895478608,-0.004720464516430999,NORMAL,True
hazelnut,good,021.png,0,0.003616612171754241,0.04677889868617058,0.2582779824733734,0.0084260333608835,0.42921882893839225,-0.004809421189129259,NORMAL,True
hazelnut,good,022.png,0,0.004080808721482754,0.04731675982475281,0.3810327351093292,0.0084260333608835,0.48430958515156725,-0.004345224639400746,NORMAL,True
hazelnut,good,023.png,0,0.004695745650678873,0.05183066427707672,0.30892661213874817,0.0084260333608835,0.5572901802736878,-0.0037302877102046265,NORMAL,True
hazelnut,good,024.png,0,0.004404723644256592,0.05007442831993103,0.29841893911361694,0.0084260333608835,0.5227517451693,-0.004021309716626908,NORMAL,True
hazelnut,good,025.png,0,0.005197554361075163,0.0545559823513031,0.31718122959136963,0.0084260333608835,0.6168447403975363,-0.0032284789998083367,NORMAL,True
hazelnut,good,026.png,0,0.003982197027653456,0.04740467667579651,0.3569076657295227,0.0084260333608835,0.47260636851263405,-0.004443836333230044,NORMAL,True
hazelnut,good,027.png,0,0.0033021087292581797,0.04520741105079651,0.23649662733078003,0.0084260333608835,0.39189362156903945,-0.00512392463162532,NORMAL,True
hazelnut,good,028.png,0,0.006088002119213343,0.05628473684191704,0.43271684646606445,0.0084260333608835,0.7225229070983638,-0.002338031241670157,NORMAL,True
hazelnut,good,029.png,0,0.004390363115817308,0.04804455116391182,0.4310203194618225,0.0084260333608835,0.5210474404479409,-0.004035670245066191,NORMAL,True
hazelnut,good,030.png,0,0.004388218279927969,0.05019622668623924,0.31041863560676575,0.0084260333608835,0.520792891741868,-0.004037815080955531,NORMAL,True
hazelnut,good,031.png,0,0.0034833382815122604,0.04535849019885063,0.25699475407600403,0.0084260333608835,0.4134019095726699,-0.004942695079371239,NORMAL,True
hazelnut,good,032.png,0,0.004313305020332336,0.04918643832206726,0.3604804575443268,0.0084260333608835,0.5119022006672984,-0.004112728340551163,NORMAL,True
hazelnut,good,033.png,0,0.004012109246104956,0.04849438741803169,0.31157681345939636,0.0084260333608835,0.4761563447790897,-0.004413924114778544,NORMAL,True
hazelnut,good,034.png,0,0.0034442339092493057,0.04474152252078056,0.2792649567127228,0.0084260333608835,0.4087610102801878,-0.004981799451634194,NORMAL,True
hazelnut,good,035.png,0,0.004293025936931372,0.049692302942276,0.3043762147426605,0.0084260333608835,0.5094954829945312,-0.004133007423952128,NORMAL,True
hazelnut,good,036.png,0,0.00408240407705307,0.04875592887401581,0.4367823004722595,0.0084260333608835,0.48449892164027886,-0.0043436292838304295,NORMAL,True
hazelnut,good,037.png,0,0.004457285162061453,0.04840864613652229,0.37650224566459656,0.0084260333608835,0.5289897358766321,-0.003968748198822047,NORMAL,True
hazelnut,good,038.png,0,0.004261658992618322,0.049736663699150085,0.3629581034183502,0.0084260333608835,0.5057728601458412,-0.004164374368265177,NORMAL,True
hazelnut,good,039.png,0,0.004806597251445055,0.05321822687983513,0.32727187871932983,0.0084260333608835,0.5704460266866385,-0.0036194361094384446,NORMAL,True
hazelnut,hole,000.png,1,0.004515740554779768,0.051084693521261215,0.5245984792709351,0.0084260333608835,0.5359272105120501,-0.003910292806103732,NORMAL,False
hazelnut,hole,001.png,1,0.004460092633962631,0.051357824355363846,0.35980838537216187,0.0084260333608835,0.5293229260956753,-0.003965940726920868,NORMAL,False
hazelnut,hole,002.png,1,0.004768392536789179,0.05326049402356148,0.5199761986732483,0.0084260333608835,0.5659118985839378,-0.0036576408240943208,NORMAL,False
hazelnut,hole,003.png,1,0.004368357826024294,0.05180678144097328,0.44676026701927185,0.0084260333608835,0.5184358569363955,-0.004057675534859206,NORMAL,False
hazelnut,hole,004.png,1,0.00447377422824502,0.052404195070266724,0.5380399227142334,0.0084260333608835,0.5309466550433796,-0.00395225913263848,NORMAL,False
hazelnut,hole,005.png,1,0.0039559402503073215,0.05000004172325134,0.32490020990371704,0.0084260333608835,0.46949021928540374,-0.004470093110576178,NORMAL,False
hazelnut,hole,006.png,1,0.0046151201240718365,0.051515817642211914,0.5163819789886475,0.0084260333608835,0.547721558461516,-0.003810913236811663,NORMAL,False
hazelnut,hole,007.png,1,0.006306923925876617,0.06055869162082672,0.44731366634368896,0.0084260333608835,0.748504504522317,-0.002119109435006882,NORMAL,False
hazelnut,hole,008.png,1,0.0039481292478740215,0.04875075817108154,0.6013882160186768,0.0084260333608835,0.46856321103623616,-0.004477904113009478,NORMAL,False
hazelnut,hole,009.png,1,0.004258927423506975,0.05123090744018555,0.4336513578891754,0.0084260333608835,0.5054486780551284,-0.004167105937376524,NORMAL,False
hazelnut,hole,010.png,1,0.005000812001526356,0.05281434580683708,0.5283735990524292,0.0084260333608835,0.5934953954421566,-0.003425221359357144,NORMAL,False
hazelnut,hole,011.png,1,0.004901784937828779,0.053491801023483276,0.4546074867248535,0.0084260333608835,0.5817428827880655,-0.0035242484230547204,NORMAL,False
hazelnut,hole,012.png,1,0.004018756560981274,0.049152929335832596,0.476990669965744,0.0084260333608835,0.47694524681538797,-0.004407276799902226,NORMAL,False
hazelnut,hole,013.png,1,0.0043231467716395855,0.050128210335969925,0.5626952648162842,0.0084260333608835,0.5130702177977478,-0.004102886589243914,NORMAL,False
hazelnut,hole,014.png,1,0.004764698911458254,0.051157575100660324,0.5862801671028137,0.0084260333608835,0.5654735398482517,-0.0036613344494252457,NORMAL,False
hazelnut,hole,015.png,1,0.004511898849159479,0.05071629211306572,0.5685275793075562,0.0084260333608835,0.5354712776364311,-0.0039141345117240205,NORMAL,False
hazelnut,hole,016.png,1,0.004282579757273197,0.05041259527206421,0.3808180093765259,0.0084260333608835,0.5082557324249846,-0.004143453603610302,NORMAL,False
hazelnut,hole,017.png,1,0.004771100822836161,0.05047996714711189,0.6247583627700806,0.0084260333608835,0.5662333174451013,-0.003654932538047339,NORMAL,False
hazelnut,print,000.png,1,0.008887343108654022,0.062333911657333374,0.7604058980941772,0.0084260333608835,1.054748151118423,0.0004613097477705226,ANOMALY,True
hazelnut,print,001.png,1,0.007293802220374346,0.05893692374229431,0.7842676639556885,0.0084260333608835,0.8656270285179081,-0.0011322311405091538,NORMAL,False
hazelnut,print,002.png,1,0.010147756896913052,0.06902924925088882,0.7690110206604004,0.0084260333608835,1.2043338142977662,0.001721723536029552,ANOMALY,True
hazelnut,print,003.png,1,0.007100450340658426,0.06599270552396774,0.7432641983032227,0.0084260333608835,0.8426800650494836,-0.0013255830202250733,NORMAL,False
hazelnut,print,004.png,1,0.010218563489615917,0.06827908754348755,0.7767599821090698,0.0084260333608835,1.212737126944447,0.0017925301287324176,ANOMALY,True
hazelnut,print,005.png,1,0.00558453006669879,0.05653803050518036,0.7682533860206604,0.0084260333608835,0.66277094185552,-0.00284150329418471,NORMAL,False
hazelnut,print,006.png,1,0.008157480508089066,0.06194965913891792,0.7767246961593628,0.0084260333608835,0.9681281996768316,-0.00026855285279443405,NORMAL,False
hazelnut,print,007.png,1,0.00683659827336669,0.06074441596865654,0.7899035215377808,0.0084260333608835,0.811366153035246,-0.00158943508751681,NORMAL,False
hazelnut,print,008.png,1,0.010936847887933254,0.06598680466413498,0.851823627948761,0.0084260333608835,1.297982979595809,0.0025108145270497546,ANOMALY,True
hazelnut,print,009.png,1,0.006503541488200426,0.060361504554748535,0.7643394470214844,0.0084260333608835,0.7718390385673131,-0.0019224918726830735,NORMAL,False
hazelnut,print,010.png,1,0.00916512031108141,0.06308156251907349,0.7942811846733093,0.0084260333608835,1.0877146954614494,0.0007390869501979098,ANOMALY,True
hazelnut,print,011.png,1,0.008690637536346912,0.06194807589054108,0.7588900327682495,0.0084260333608835,1.0314031720657308,0.0002646041754634128,ANOMALY,True
hazelnut,print,012.png,1,0.006952149327844381,0.0587153397500515,0.7680034637451172,0.0084260333608835,0.8250797297004083,-0.0014738840330391183,NORMAL,False
hazelnut,print,013.png,1,0.005921477917581797,0.059496890753507614,0.7182759046554565,0.0084260333608835,0.7027598472457162,-0.002504555443301703,NORMAL,False
hazelnut,print,014.png,1,0.007092068437486887,0.060288455337285995,0.7432255744934082,0.0084260333608835,0.8416853024117695,-0.0013339649233966126,NORMAL,False
hazelnut,print,015.png,1,0.004903507884591818,0.05326848104596138,0.761286199092865,0.0084260333608835,0.5819473617747067,-0.0035225254762916818,NORMAL,False
hazelnut,print,016.png,1,0.008550153113901615,0.06118055060505867,0.7668240070343018,0.0084260333608835,1.014730508140915,0.00012411975301811554,ANOMALY,True
