Epoch,loss,mae,val_loss,val_mae,learning_rate
1,0.1137324348092079,0.2832846343517303,0.1159929931163787,0.3230219483375549,0.0010000000474974
2,0.0625748857855796,0.2174036055803299,0.0752608254551887,0.2458210587501526,0.0010000000474974
3,0.0474304966628551,0.1824758350849151,0.0633428767323494,0.2221239507198333,0.0010000000474974
4,0.0355946496129035,0.1513613909482956,0.052904725074768,0.2038797438144683,0.0010000000474974
5,0.0269170626997947,0.1248219236731529,0.0392057187855243,0.1758790165185928,0.0010000000474974
6,0.0207803659141063,0.1042313054203987,0.0290865879505872,0.152675524353981,0.0010000000474974
7,0.016289971768856,0.0907272100448608,0.0239091198891401,0.1388723105192184,0.0010000000474974
8,0.0129617014899849,0.0794107615947723,0.0175469387322664,0.1161793991923332,0.0010000000474974
9,0.0112254424020648,0.0721473172307014,0.0184361431747674,0.1066586300730705,0.0010000000474974
10,0.009386389516294,0.0661024302244186,0.0228846501559019,0.1159403845667839,0.0010000000474974
11,0.0078325616195797,0.0595761202275753,0.0325097478926181,0.1313288062810897,0.0010000000474974
12,0.0070661860518157,0.059146974235773,0.0341254696249961,0.1385783851146698,0.0005000000237487
13,0.0066330889239907,0.0545547641813755,0.0337170101702213,0.1399652808904647,0.0005000000237487
14,0.0064214742742478,0.0507417991757392,0.0308438222855329,0.1356091648340225,0.0005000000237487
15,0.0056689833290874,0.0535153225064277,0.030576966702938,0.1324859261512756,0.0002500000118743
