Artifact,Exists,Size (MB),Type
model_dataset_availability.csv,True,0.0001678466796875,.csv
model_train_validation_split.csv,False,0.0,.csv
cnn_autoencoder_architecture.csv,True,0.0011882781982421,.csv
cnn_autoencoder_parameters.csv,True,8.96453857421875e-05,.csv
cnn_autoencoder_model_architecture.json,False,0.0,.json
model_manifest.csv,True,0.0001411437988281,.csv
saved_model_verification.csv,True,0.0002431869506835,.csv
validation_reconstruction_error_statistics.csv,True,9.5367431640625e-07,.csv
reference_anomaly_thresholds.csv,True,9.5367431640625e-07,.csv
screw_train_images.csv,False,0.0,.csv
screw_validation_images.csv,False,0.0,.csv
screw_training_history.csv,False,0.0,.csv
screw_validation_reconstruction_errors.csv,False,0.0,.csv
screw_reconstruction_preview_scores.csv,False,0.0,.csv
screw_cnn_autoencoder_training_loss.png,False,0.0,.png
screw_cnn_autoencoder_training_loss.html,False,0.0,.html
screw_cnn_autoencoder_mae.png,False,0.0,.png
screw_cnn_autoencoder_mae.html,False,0.0,.html
screw_reconstruction_preview.png,False,0.0,.png
screw_reconstruction_error_distribution.png,False,0.0,.png
screw_reconstruction_error_distribution.html,False,0.0,.html
best_model.keras,False,0.0,.keras
final_model.keras,False,0.0,.keras
best_weights.weights.h5,False,0.0,.h5
bottle_train_images.csv,False,0.0,.csv
bottle_validation_images.csv,False,0.0,.csv
bottle_training_history.csv,False,0.0,.csv
bottle_validation_reconstruction_errors.csv,False,0.0,.csv
bottle_reconstruction_preview_scores.csv,False,0.0,.csv
bottle_cnn_autoencoder_training_loss.png,False,0.0,.png
bottle_cnn_autoencoder_training_loss.html,False,0.0,.html
bottle_cnn_autoencoder_mae.png,False,0.0,.png
bottle_cnn_autoencoder_mae.html,False,0.0,.html
bottle_reconstruction_preview.png,False,0.0,.png
bottle_reconstruction_error_distribution.png,False,0.0,.png
bottle_reconstruction_error_distribution.html,False,0.0,.html
best_model.keras,False,0.0,.keras
final_model.keras,False,0.0,.keras
best_weights.weights.h5,False,0.0,.h5
capsule_train_images.csv,False,0.0,.csv
capsule_validation_images.csv,False,0.0,.csv
capsule_training_history.csv,False,0.0,.csv
capsule_validation_reconstruction_errors.csv,False,0.0,.csv
capsule_reconstruction_preview_scores.csv,False,0.0,.csv
capsule_cnn_autoencoder_training_loss.png,False,0.0,.png
capsule_cnn_autoencoder_training_loss.html,False,0.0,.html
capsule_cnn_autoencoder_mae.png,False,0.0,.png
capsule_cnn_autoencoder_mae.html,False,0.0,.html
capsule_reconstruction_preview.png,False,0.0,.png
capsule_reconstruction_error_distribution.png,False,0.0,.png
capsule_reconstruction_error_distribution.html,False,0.0,.html
best_model.keras,False,0.0,.keras
final_model.keras,False,0.0,.keras
best_weights.weights.h5,False,0.0,.h5
metal_nut_train_images.csv,False,0.0,.csv
metal_nut_validation_images.csv,False,0.0,.csv
metal_nut_training_history.csv,False,0.0,.csv
metal_nut_validation_reconstruction_errors.csv,False,0.0,.csv
metal_nut_reconstruction_preview_scores.csv,False,0.0,.csv
metal_nut_cnn_autoencoder_training_loss.png,False,0.0,.png
metal_nut_cnn_autoencoder_training_loss.html,False,0.0,.html
metal_nut_cnn_autoencoder_mae.png,False,0.0,.png
metal_nut_cnn_autoencoder_mae.html,False,0.0,.html
metal_nut_reconstruction_preview.png,False,0.0,.png
metal_nut_reconstruction_error_distribution.png,False,0.0,.png
metal_nut_reconstruction_error_distribution.html,False,0.0,.html
best_model.keras,False,0.0,.keras
final_model.keras,False,0.0,.keras
best_weights.weights.h5,False,0.0,.h5
hazelnut_train_images.csv,False,0.0,.csv
hazelnut_validation_images.csv,False,0.0,.csv
hazelnut_training_history.csv,False,0.0,.csv
hazelnut_validation_reconstruction_errors.csv,False,0.0,.csv
hazelnut_reconstruction_preview_scores.csv,False,0.0,.csv
hazelnut_cnn_autoencoder_training_loss.png,False,0.0,.png
hazelnut_cnn_autoencoder_training_loss.html,False,0.0,.html
hazelnut_cnn_autoencoder_mae.png,False,0.0,.png
hazelnut_cnn_autoencoder_mae.html,False,0.0,.html
hazelnut_reconstruction_preview.png,False,0.0,.png
hazelnut_reconstruction_error_distribution.png,False,0.0,.png
hazelnut_reconstruction_error_distribution.html,False,0.0,.html
best_model.keras,False,0.0,.keras
final_model.keras,False,0.0,.keras
best_weights.weights.h5,False,0.0,.h5
