Layer,Type,Output Shape,Parameters,Trainable
input_image,InputLayer,"(None, 128, 128, 3)",0,True
encoder_conv_1,Conv2D,"(None, 128, 128, 32)",896,True
encoder_bn_1,BatchNormalization,"(None, 128, 128, 32)",128,True
encoder_pool_1,MaxPooling2D,"(None, 64, 64, 32)",0,True
encoder_conv_2,Conv2D,"(None, 64, 64, 64)",18496,True
encoder_bn_2,BatchNormalization,"(None, 64, 64, 64)",256,True
encoder_pool_2,MaxPooling2D,"(None, 32, 32, 64)",0,True
encoder_conv_3,Conv2D,"(None, 32, 32, 128)",73856,True
encoder_bn_3,BatchNormalization,"(None, 32, 32, 128)",512,True
encoder_pool_3,MaxPooling2D,"(None, 16, 16, 128)",0,True
latent_space,Conv2D,"(None, 16, 16, 256)",295168,True
decoder_up_1,UpSampling2D,"(None, 32, 32, 256)",0,True
decoder_conv_1,Conv2D,"(None, 32, 32, 128)",295040,True
decoder_bn_1,BatchNormalization,"(None, 32, 32, 128)",512,True
decoder_up_2,UpSampling2D,"(None, 64, 64, 128)",0,True
decoder_conv_2,Conv2D,"(None, 64, 64, 64)",73792,True
decoder_bn_2,BatchNormalization,"(None, 64, 64, 64)",256,True
decoder_up_3,UpSampling2D,"(None, 128, 128, 64)",0,True
decoder_conv_3,Conv2D,"(None, 128, 128, 32)",18464,True
decoder_bn_3,BatchNormalization,"(None, 128, 128, 32)",128,True
reconstruction,Conv2D,"(None, 128, 128, 3)",867,True
