Category,Class,Images,Mean,Median,Std,Minimum,Maximum
bottle,Defective,63,0.1044537919381308,0.1051004230976104,0.0027646760535588,0.0932576283812522,0.108396828174591
bottle,Normal,20,0.1050008539110422,0.1050049662590026,0.0011553385069069,0.1017068997025489,0.1068608239293098
capsule,Defective,109,0.0598385677151723,0.0608304738998413,0.0031673592299754,0.0522468574345111,0.0679777860641479
capsule,Normal,23,0.060341206419727,0.0611072294414043,0.0027509682551422,0.0548539161682128,0.0657417699694633
hazelnut,Defective,70,0.0055802536596144,0.0047698221169412,0.0018901859597911,0.0033108042553067,0.0109366066753864
hazelnut,Normal,40,0.0042520833783783,0.0042775406036525,0.0005790303901364,0.0033021413255482,0.0060882680118083
metal_nut,Defective,93,0.0161262596006034,0.0160182267427444,0.0016763340478317,0.0113842822611331,0.0229517817497253
metal_nut,Normal,22,0.0183693841523067,0.017702892422676,0.0024968975482631,0.0141422143206,0.0236482229083776
screw,Defective,119,0.0210890064814261,0.0210150796920061,0.001854396039466,0.0174447186291217,0.0274445805698633
screw,Normal,41,0.0255465500238465,0.0255352314561605,0.0018816743614808,0.0212217327207326,0.030047707259655
