Category,Precision,Recall,Threshold,PR-AUC
bottle,0.7590361445783133,1.0,0.0932576283812522,0.7985476644470675
bottle,0.7560975609756098,0.984126984126984,0.0938366651535034,0.7985476644470675
bottle,0.7530864197530864,0.9682539682539684,0.0985819920897483,0.7985476644470675
bottle,0.75,0.9523809523809524,0.0996360555291175,0.7985476644470675
bottle,0.7468354430379747,0.9365079365079364,0.099982626736164,0.7985476644470675
bottle,0.7435897435897436,0.9206349206349206,0.1012104377150535,0.7985476644470675
bottle,0.7402597402597403,0.9047619047619048,0.1013832315802574,0.7985476644470675
bottle,0.7368421052631579,0.8888888888888888,0.1017068997025489,0.7985476644470675
bottle,0.7466666666666667,0.8888888888888888,0.1024527624249458,0.7985476644470675
bottle,0.7432432432432432,0.873015873015873,0.1026810631155967,0.7985476644470675
bottle,0.7397260273972602,0.8571428571428571,0.1028910279273986,0.7985476644470675
bottle,0.7361111111111112,0.8412698412698413,0.1031559705734252,0.7985476644470675
bottle,0.7323943661971831,0.8253968253968254,0.1032140031456947,0.7985476644470675
bottle,0.7285714285714285,0.8095238095238095,0.103478729724884,0.7985476644470675
bottle,0.7246376811594203,0.7936507936507936,0.1035084351897239,0.7985476644470675
bottle,0.7205882352941176,0.7777777777777778,0.1035124659538269,0.7985476644470675
bottle,0.7164179104477612,0.7619047619047619,0.1035377010703086,0.7985476644470675
bottle,0.7121212121212122,0.746031746031746,0.1035647913813591,0.7985476644470675
bottle,0.7076923076923077,0.7301587301587301,0.1035781130194664,0.7985476644470675
bottle,0.703125,0.7142857142857143,0.1037416458129882,0.7985476644470675
bottle,0.6984126984126984,0.6984126984126984,0.1038188934326171,0.7985476644470675
bottle,0.6935483870967742,0.6825396825396826,0.1038835644721984,0.7985476644470675
bottle,0.7049180327868853,0.6825396825396826,0.1039179265499115,0.7985476644470675
bottle,0.7166666666666667,0.6825396825396826,0.1039214208722114,0.7985476644470675
bottle,0.711864406779661,0.6666666666666666,0.1040711775422096,0.7985476644470675
bottle,0.7068965517241379,0.6507936507936508,0.1041295528411865,0.7985476644470675
bottle,0.7017543859649122,0.6349206349206349,0.1042448654770851,0.7985476644470675
bottle,0.7142857142857143,0.6349206349206349,0.1043158546090126,0.7985476644470675
bottle,0.7272727272727273,0.6349206349206349,0.1044339910149574,0.7985476644470675
bottle,0.7407407407407407,0.6349206349206349,0.104475200176239,0.7985476644470675
bottle,0.7358490566037735,0.6190476190476191,0.1044931635260582,0.7985476644470675
bottle,0.7307692307692307,0.6031746031746031,0.1045421957969665,0.7985476644470675
bottle,0.7450980392156863,0.6031746031746031,0.1046288013458252,0.7985476644470675
bottle,0.76,0.6031746031746031,0.1046886965632438,0.7985476644470675
bottle,0.7755102040816326,0.6031746031746031,0.1048275530338287,0.7985476644470675
bottle,0.7708333333333334,0.5873015873015873,0.1048586666584014,0.7985476644470675
bottle,0.7659574468085106,0.5714285714285714,0.1049347296357154,0.7985476644470675
bottle,0.7608695652173914,0.5555555555555556,0.1049776449799537,0.7985476644470675
bottle,0.7777777777777778,0.5555555555555556,0.1049798429012298,0.7985476644470675
bottle,0.7727272727272727,0.5396825396825397,0.1049918532371521,0.7985476644470675
bottle,0.7674418604651163,0.5238095238095238,0.1050322875380516,0.7985476644470675
bottle,0.7857142857142857,0.5238095238095238,0.1050630211830139,0.7985476644470675
bottle,0.8048780487804879,0.5238095238095238,0.1050690412521362,0.7985476644470675
bottle,0.8,0.5079365079365079,0.1051004230976104,0.7985476644470675
bottle,0.7948717948717948,0.492063492063492,0.1052306517958641,0.7985476644470675
bottle,0.7894736842105263,0.4761904761904761,0.1053364872932434,0.7985476644470675
bottle,0.7837837837837838,0.4603174603174603,0.1054183840751648,0.7985476644470675
bottle,0.7777777777777778,0.4444444444444444,0.1054842844605445,0.7985476644470675
bottle,0.7714285714285715,0.4285714285714285,0.1055391803383827,0.7985476644470675
bottle,0.7941176470588235,0.4285714285714285,0.1056230291724205,0.7985476644470675
bottle,0.7878787878787878,0.4126984126984127,0.1056729778647422,0.7985476644470675
bottle,0.78125,0.3968253968253968,0.1056978702545166,0.7985476644470675
bottle,0.7741935483870968,0.3809523809523809,0.1057397350668907,0.7985476644470675
bottle,0.7666666666666667,0.365079365079365,0.1057418584823608,0.7985476644470675
bottle,0.7586206896551724,0.3492063492063492,0.1057833209633827,0.7985476644470675
bottle,0.75,0.3333333333333333,0.1057906374335289,0.7985476644470675
bottle,0.7407407407407407,0.3174603174603174,0.1058493256568908,0.7985476644470675
bottle,0.7692307692307693,0.3174603174603174,0.1058816686272621,0.7985476644470675
bottle,0.8,0.3174603174603174,0.1058927550911903,0.7985476644470675
bottle,0.7916666666666666,0.3015873015873015,0.1059167385101318,0.7985476644470675
bottle,0.782608695652174,0.2857142857142857,0.1059653759002685,0.7985476644470675
bottle,0.8181818181818182,0.2857142857142857,0.1059744656085968,0.7985476644470675
bottle,0.8571428571428571,0.2857142857142857,0.1059778705239296,0.7985476644470675
bottle,0.85,0.2698412698412698,0.105997122824192,0.7985476644470675
bottle,0.8421052631578947,0.2539682539682539,0.106014110147953,0.7985476644470675
bottle,0.8333333333333334,0.238095238095238,0.1061019301414489,0.7985476644470675
bottle,0.8235294117647058,0.2222222222222222,0.1061110720038414,0.7985476644470675
bottle,0.8125,0.2063492063492063,0.1061243638396263,0.7985476644470675
bottle,0.8,0.1904761904761904,0.1061995849013328,0.7985476644470675
bottle,0.8571428571428571,0.1904761904761904,0.1062150225043296,0.7985476644470675
bottle,0.8461538461538461,0.1746031746031746,0.106292225420475,0.7985476644470675
bottle,0.8333333333333334,0.1587301587301587,0.1063109040260315,0.7985476644470675
bottle,0.9090909090909092,0.1587301587301587,0.106489360332489,0.7985476644470675
bottle,0.9,0.1428571428571428,0.1065200194716453,0.7985476644470675
bottle,0.8888888888888888,0.1269841269841269,0.1067010685801506,0.7985476644470675
bottle,0.875,0.1111111111111111,0.1068608239293098,0.7985476644470675
bottle,1.0,0.1111111111111111,0.1069827899336814,0.7985476644470675
bottle,1.0,0.0952380952380952,0.1070072054862976,0.7985476644470675
bottle,1.0,0.0793650793650793,0.1070769950747489,0.7985476644470675
bottle,1.0,0.0634920634920634,0.1072253659367561,0.7985476644470675
bottle,1.0,0.0476190476190476,0.1072561144828796,0.7985476644470675
bottle,1.0,0.0317460317460317,0.1078938320279121,0.7985476644470675
bottle,1.0,0.0158730158730158,0.108396828174591,0.7985476644470675
bottle,1.0,0.0,,0.7985476644470675
capsule,0.8257575757575758,1.0,0.0522468574345111,0.8286321693622599
capsule,0.8244274809160306,0.9908256880733946,0.0528336279094219,0.8286321693622599
capsule,0.823076923076923,0.981651376146789,0.0530859678983688,0.8286321693622599
capsule,0.8217054263565892,0.9724770642201837,0.0537052266299724,0.8286321693622599
capsule,0.8203125,0.963302752293578,0.0542965829372406,0.8286321693622599
capsule,0.8188976377952756,0.9541284403669724,0.0544151216745376,0.8286321693622599
capsule,0.8174603174603174,0.944954128440367,0.0544476509094238,0.8286321693622599
capsule,0.816,0.9357798165137616,0.0548539161682128,0.8286321693622599
capsule,0.8225806451612904,0.9357798165137616,0.0549254827201366,0.8286321693622599
capsule,0.8211382113821138,0.926605504587156,0.0549591779708862,0.8286321693622599
capsule,0.819672131147541,0.9174311926605504,0.0555394180119037,0.8286321693622599
capsule,0.8264462809917356,0.9174311926605504,0.0556187517940998,0.8286321693622599
capsule,0.825,0.908256880733945,0.055643942207098,0.8286321693622599
capsule,0.8235294117647058,0.8990825688073395,0.0558227896690368,0.8286321693622599
capsule,0.8220338983050848,0.8899082568807339,0.0558881163597106,0.8286321693622599
capsule,0.8205128205128205,0.8807339449541285,0.0559055022895336,0.8286321693622599
capsule,0.8189655172413793,0.8715596330275229,0.0559442527592182,0.8286321693622599
capsule,0.8173913043478261,0.8623853211009175,0.056089874356985,0.8286321693622599
capsule,0.8157894736842105,0.8532110091743119,0.0561394095420837,0.8286321693622599
capsule,0.8141592920353983,0.8440366972477065,0.0563693642616272,0.8286321693622599
capsule,0.8125,0.8348623853211009,0.0565813221037387,0.8286321693622599
capsule,0.8108108108108109,0.8256880733944955,0.0567350946366786,0.8286321693622599
capsule,0.8090909090909091,0.8165137614678899,0.0568055659532547,0.8286321693622599
capsule,0.8165137614678899,0.8165137614678899,0.0568061135709285,0.8286321693622599
capsule,0.8148148148148148,0.8073394495412844,0.0568358302116394,0.8286321693622599
capsule,0.822429906542056,0.8073394495412844,0.0569046027958393,0.8286321693622599
capsule,0.8207547169811321,0.7981651376146789,0.0569917969405651,0.8286321693622599
capsule,0.819047619047619,0.7889908256880734,0.0571761429309845,0.8286321693622599
capsule,0.8173076923076923,0.7798165137614679,0.0572156496345996,0.8286321693622599
capsule,0.8155339805825242,0.7706422018348624,0.0572268366813659,0.8286321693622599
capsule,0.8137254901960784,0.7614678899082569,0.0573217011988163,0.8286321693622599
capsule,0.8217821782178217,0.7614678899082569,0.057380486279726,0.8286321693622599
capsule,0.82,0.7522935779816514,0.0574597120285034,0.8286321693622599
capsule,0.8181818181818182,0.7431192660550459,0.0575489364564418,0.8286321693622599
capsule,0.8163265306122449,0.7339449541284404,0.0576762743294239,0.8286321693622599
capsule,0.8144329896907216,0.7247706422018348,0.0578929968178272,0.8286321693622599
capsule,0.8125,0.7155963302752294,0.0579050667583942,0.8286321693622599
capsule,0.8210526315789474,0.7155963302752294,0.0579368472099304,0.8286321693622599
capsule,0.8191489361702128,0.7064220183486238,0.0580974668264389,0.8286321693622599
capsule,0.8172043010752689,0.6972477064220184,0.0581061393022537,0.8286321693622599
capsule,0.8152173913043478,0.6880733944954128,0.058199256658554,0.8286321693622599
capsule,0.8131868131868132,0.6788990825688074,0.0582464337348938,0.8286321693622599
capsule,0.8111111111111111,0.6697247706422018,0.0583724528551101,0.8286321693622599
capsule,0.8089887640449438,0.6605504587155964,0.0583775043487548,0.8286321693622599
capsule,0.8068181818181818,0.6513761467889908,0.0583961606025695,0.8286321693622599
capsule,0.8045977011494253,0.6422018348623854,0.0584511756896972,0.8286321693622599
capsule,0.8023255813953488,0.6330275229357798,0.0585175342857837,0.8286321693622599
capsule,0.8,0.6238532110091743,0.0585824847221374,0.8286321693622599
capsule,0.7976190476190477,0.6146788990825688,0.0586099810898304,0.8286321693622599
capsule,0.7951807228915663,0.6055045871559633,0.0586207993328571,0.8286321693622599
capsule,0.7926829268292683,0.5963302752293578,0.0586732327938079,0.8286321693622599
capsule,0.7901234567901234,0.5871559633027523,0.0587831474840641,0.8286321693622599
capsule,0.7875,0.5779816513761468,0.0588603354990482,0.8286321693622599
capsule,0.7848101265822784,0.5688073394495413,0.0589220933616161,0.8286321693622599
capsule,0.782051282051282,0.5596330275229358,0.0591888912022113,0.8286321693622599
capsule,0.7792207792207793,0.5504587155963303,0.0593847930431366,0.8286321693622599
capsule,0.7894736842105263,0.5504587155963303,0.0594522394239902,0.8286321693622599
capsule,0.7866666666666666,0.5412844036697247,0.0594598390161991,0.8286321693622599
capsule,0.7837837837837838,0.5321100917431193,0.0594900958240032,0.8286321693622599
capsule,0.7808219178082192,0.5229357798165137,0.0596815049648284,0.8286321693622599
capsule,0.7777777777777778,0.5137614678899083,0.0598185695707798,0.8286321693622599
capsule,0.7887323943661971,0.5137614678899083,0.059897493571043,0.8286321693622599
capsule,0.8,0.5137614678899083,0.0603108517825603,0.8286321693622599
capsule,0.8115942028985508,0.5137614678899083,0.0606933832168579,0.8286321693622599
capsule,0.8088235294117647,0.5045871559633027,0.0608304738998413,0.8286321693622599
capsule,0.8059701492537313,0.4954128440366973,0.0610476732254028,0.8286321693622599
capsule,0.8181818181818182,0.4954128440366973,0.0610633492469787,0.8286321693622599
capsule,0.8153846153846154,0.4862385321100917,0.0611072294414043,0.8286321693622599
capsule,0.828125,0.4862385321100917,0.0611507184803485,0.8286321693622599
capsule,0.8412698412698413,0.4862385321100917,0.0611661560833454,0.8286321693622599
capsule,0.8548387096774194,0.4862385321100917,0.0613106489181518,0.8286321693622599
capsule,0.8524590163934426,0.4770642201834862,0.0613816194236278,0.8286321693622599
capsule,0.85,0.4678899082568807,0.0613975040614604,0.8286321693622599
capsule,0.847457627118644,0.4587155963302752,0.0614019073545932,0.8286321693622599
capsule,0.8448275862068966,0.4495412844036697,0.0614358000457286,0.8286321693622599
capsule,0.8421052631578947,0.4403669724770642,0.0614598654210567,0.8286321693622599
capsule,0.8392857142857143,0.4311926605504587,0.0614981055259704,0.8286321693622599
capsule,0.8363636363636363,0.4220183486238532,0.0615422539412975,0.8286321693622599
capsule,0.8518518518518519,0.4220183486238532,0.0615528039634227,0.8286321693622599
capsule,0.8490566037735849,0.4128440366972477,0.0615608394145965,0.8286321693622599
capsule,0.8653846153846154,0.4128440366972477,0.0616148822009563,0.8286321693622599
capsule,0.8627450980392157,0.4036697247706422,0.0617133677005767,0.8286321693622599
capsule,0.86,0.3944954128440367,0.0617193579673767,0.8286321693622599
capsule,0.8775510204081632,0.3944954128440367,0.0617550909519195,0.8286321693622599
capsule,0.875,0.3853211009174312,0.0617629848420619,0.8286321693622599
capsule,0.8936170212765957,0.3853211009174312,0.0617759339511394,0.8286321693622599
capsule,0.8913043478260869,0.3761467889908257,0.0618126578629016,0.8286321693622599
capsule,0.8888888888888888,0.3669724770642202,0.0618519000709056,0.8286321693622599
capsule,0.8863636363636364,0.3577981651376147,0.0618797242641449,0.8286321693622599
capsule,0.8837209302325582,0.3486238532110092,0.0619235038757324,0.8286321693622599
capsule,0.8809523809523809,0.3394495412844037,0.0619509816169738,0.8286321693622599
capsule,0.8780487804878049,0.3302752293577982,0.0619651786983013,0.8286321693622599
capsule,0.875,0.3211009174311927,0.0619735419750213,0.8286321693622599
capsule,0.8717948717948718,0.3119266055045872,0.0619747638702392,0.8286321693622599
capsule,0.868421052631579,0.3027522935779816,0.0620093047618866,0.8286321693622599
capsule,0.8648648648648649,0.2935779816513761,0.0620165280997753,0.8286321693622599
capsule,0.8611111111111112,0.2844036697247706,0.0620231144130229,0.8286321693622599
capsule,0.8571428571428571,0.2752293577981651,0.0621322989463806,0.8286321693622599
capsule,0.8529411764705882,0.2660550458715596,0.0621513612568378,0.8286321693622599
capsule,0.8787878787878788,0.2660550458715596,0.0621724985539913,0.8286321693622599
capsule,0.875,0.2568807339449541,0.0622037537395954,0.8286321693622599
capsule,0.8709677419354839,0.2477064220183486,0.0622065551578998,0.8286321693622599
capsule,0.9,0.2477064220183486,0.0622632354497909,0.8286321693622599
capsule,0.896551724137931,0.2385321100917431,0.0622954070568084,0.8286321693622599
capsule,0.8928571428571429,0.2293577981651376,0.0623068325221538,0.8286321693622599
capsule,0.8888888888888888,0.2201834862385321,0.062362615019083,0.8286321693622599
capsule,0.8846153846153846,0.2110091743119266,0.0624050498008728,0.8286321693622599
capsule,0.88,0.2018348623853211,0.0625043213367462,0.8286321693622599
capsule,0.875,0.1926605504587156,0.0625147297978401,0.8286321693622599
capsule,0.8695652173913043,0.1834862385321101,0.06257114559412,0.8286321693622599
capsule,0.8636363636363636,0.1743119266055046,0.0626205131411552,0.8286321693622599
capsule,0.8571428571428571,0.1651376146788991,0.0626357570290565,0.8286321693622599
capsule,0.85,0.1559633027522936,0.0627235770225524,0.8286321693622599
capsule,0.8421052631578947,0.146788990825688,0.0628078207373619,0.8286321693622599
capsule,0.8333333333333334,0.1376146788990825,0.0628525614738464,0.8286321693622599
capsule,0.8235294117647058,0.128440366972477,0.0629638209939003,0.8286321693622599
capsule,0.8125,0.1192660550458715,0.0629665628075599,0.8286321693622599
capsule,0.8,0.110091743119266,0.0630523636937141,0.8286321693622599
capsule,0.7857142857142857,0.1009174311926605,0.0630729123950004,0.8286321693622599
capsule,0.7692307692307693,0.091743119266055,0.0631583407521247,0.8286321693622599
capsule,0.75,0.0825688073394495,0.0632490515708923,0.8286321693622599
capsule,0.7272727272727273,0.073394495412844,0.0633087530732154,0.8286321693622599
capsule,0.7,0.0642201834862385,0.0633978247642517,0.8286321693622599
capsule,0.6666666666666666,0.055045871559633,0.0634186342358589,0.8286321693622599
capsule,0.625,0.0458715596330275,0.0634797364473342,0.8286321693622599
capsule,0.5714285714285714,0.036697247706422,0.0639889016747474,0.8286321693622599
capsule,0.6666666666666666,0.036697247706422,0.0640287399291992,0.8286321693622599
capsule,0.8,0.036697247706422,0.0649253204464912,0.8286321693622599
capsule,0.75,0.0275229357798165,0.0653537809848785,0.8286321693622599
capsule,0.6666666666666666,0.018348623853211,0.0657417699694633,0.8286321693622599
capsule,1.0,0.018348623853211,0.0674816593527793,0.8286321693622599
capsule,1.0,0.0091743119266055,0.0679777860641479,0.8286321693622599
capsule,1.0,0.0,,0.8286321693622599
hazelnut,0.6363636363636364,1.0,0.0033021413255482,0.8563446225809437
hazelnut,0.6422018348623854,1.0,0.0033108042553067,0.8563446225809437
hazelnut,0.6388888888888888,0.9857142857142858,0.0033263789955526,0.8563446225809437
hazelnut,0.6448598130841121,0.9857142857142858,0.0034394580870866,0.8563446225809437
hazelnut,0.6509433962264151,0.9857142857142858,0.0034442637115716,0.8563446225809437
hazelnut,0.6571428571428571,0.9857142857142858,0.0034833645913749,0.8563446225809437
hazelnut,0.6634615384615384,0.9857142857142858,0.0035115331411361,0.8563446225809437
hazelnut,0.6601941747572816,0.9714285714285714,0.003578996984288,0.8563446225809437
hazelnut,0.6666666666666666,0.9714285714285714,0.0036098056007176,0.8563446225809437
hazelnut,0.6633663366336634,0.9571428571428572,0.0036166987847536,0.8563446225809437
hazelnut,0.67,0.9571428571428572,0.0036320660728961,0.8563446225809437
hazelnut,0.6666666666666666,0.9428571428571428,0.0037055716384202,0.8563446225809437
hazelnut,0.673469387755102,0.9428571428571428,0.0037285170983523,0.8563446225809437
hazelnut,0.6701030927835051,0.9285714285714286,0.0037312749773263,0.8563446225809437
hazelnut,0.6666666666666666,0.9142857142857144,0.0037472520489245,0.8563446225809437
hazelnut,0.6736842105263158,0.9142857142857144,0.0037626114208251,0.8563446225809437
hazelnut,0.6702127659574468,0.9,0.0037827279884368,0.8563446225809437
hazelnut,0.6774193548387096,0.9,0.0039130165241658,0.8563446225809437
hazelnut,0.6847826086956522,0.9,0.0039480030536651,0.8563446225809437
hazelnut,0.6813186813186813,0.8857142857142857,0.003955896012485,0.8563446225809437
hazelnut,0.6777777777777778,0.8714285714285714,0.0039822021499276,0.8563446225809437
hazelnut,0.6853932584269663,0.8714285714285714,0.0039984174072742,0.8563446225809437
hazelnut,0.6818181818181818,0.8571428571428571,0.0040123420767486,0.8563446225809437
hazelnut,0.6896551724137931,0.8571428571428571,0.0040187765844166,0.8563446225809437
hazelnut,0.686046511627907,0.8428571428571429,0.0040197451598942,0.8563446225809437
hazelnut,0.6823529411764706,0.8285714285714286,0.0040627936832606,0.8563446225809437
hazelnut,0.6904761904761905,0.8285714285714286,0.0040808846242725,0.8563446225809437
hazelnut,0.6987951807228916,0.8285714285714286,0.0040824636816978,0.8563446225809437
hazelnut,0.7073170731707317,0.8285714285714286,0.0040974630974233,0.8563446225809437
hazelnut,0.7160493827160493,0.8285714285714286,0.0041215606033802,0.8563446225809437
hazelnut,0.725,0.8285714285714286,0.0041609848849475,0.8563446225809437
hazelnut,0.7215189873417721,0.8142857142857143,0.0042059035040438,0.8563446225809437
hazelnut,0.7307692307692307,0.8142857142857143,0.0042588552460074,0.8563446225809437
hazelnut,0.7272727272727273,0.8,0.0042618415318429,0.8563446225809437
hazelnut,0.7368421052631579,0.8,0.0042679379694163,0.8563446225809437
hazelnut,0.7333333333333333,0.7857142857142857,0.0042826863937079,0.8563446225809437
hazelnut,0.7297297297297297,0.7714285714285715,0.0042932396754622,0.8563446225809437
hazelnut,0.7397260273972602,0.7714285714285715,0.0043134936131536,0.8563446225809437
hazelnut,0.75,0.7714285714285715,0.004319644998759,0.8563446225809437
hazelnut,0.7605633802816901,0.7714285714285715,0.0043232305906713,0.8563446225809437
hazelnut,0.7571428571428571,0.7571428571428571,0.0043282993137836,0.8563446225809437
hazelnut,0.7536231884057971,0.7428571428571429,0.0043384749442338,0.8563446225809437
hazelnut,0.75,0.7285714285714285,0.0043455641716718,0.8563446225809437
hazelnut,0.746268656716418,0.7142857142857143,0.0043609216809272,0.8563446225809437
hazelnut,0.7424242424242424,0.7,0.0043684071861207,0.8563446225809437
hazelnut,0.7384615384615385,0.6857142857142857,0.0043884585611522,0.8563446225809437
hazelnut,0.75,0.6857142857142857,0.0043904338963329,0.8563446225809437
hazelnut,0.7619047619047619,0.6857142857142857,0.004404901061207,0.8563446225809437
hazelnut,0.7741935483870968,0.6857142857142857,0.0044115134514868,0.8563446225809437
hazelnut,0.7868852459016393,0.6857142857142857,0.0044564618729054,0.8563446225809437
hazelnut,0.7833333333333333,0.6714285714285714,0.0044573647901415,0.8563446225809437
hazelnut,0.7966101694915254,0.6714285714285714,0.004460132215172,0.8563446225809437
hazelnut,0.7931034482758621,0.6571428571428571,0.0044738012365996,0.8563446225809437
hazelnut,0.7894736842105263,0.6428571428571429,0.0044763605110347,0.8563446225809437
hazelnut,0.8035714285714286,0.6428571428571429,0.0044917352497577,0.8563446225809437
hazelnut,0.8181818181818182,0.6428571428571429,0.0045119640417397,0.8563446225809437
hazelnut,0.8148148148148148,0.6285714285714286,0.0045157657004892,0.8563446225809437
hazelnut,0.8113207547169812,0.6142857142857143,0.0045209340751171,0.8563446225809437
hazelnut,0.8076923076923077,0.6,0.0045210500247776,0.8563446225809437
hazelnut,0.803921568627451,0.5857142857142857,0.0045401006937026,0.8563446225809437
hazelnut,0.8,0.5714285714285714,0.0046152113936841,0.8563446225809437
hazelnut,0.7959183673469388,0.5571428571428572,0.0046538305468857,0.8563446225809437
hazelnut,0.7916666666666666,0.5428571428571428,0.004669967573136,0.8563446225809437
hazelnut,0.8085106382978723,0.5428571428571428,0.0046837166883051,0.8563446225809437
hazelnut,0.8043478260869565,0.5285714285714286,0.0046960157342255,0.8563446225809437
hazelnut,0.8222222222222222,0.5285714285714286,0.0047355405986309,0.8563446225809437
hazelnut,0.8409090909090909,0.5285714285714286,0.0047554303891956,0.8563446225809437
hazelnut,0.8604651162790697,0.5285714285714286,0.0047647007741034,0.8563446225809437
hazelnut,0.8571428571428571,0.5142857142857142,0.0047684763558208,0.8563446225809437
hazelnut,0.8536585365853658,0.5,0.0047711678780615,0.8563446225809437
hazelnut,0.85,0.4857142857142857,0.0048069371841847,0.8563446225809437
hazelnut,0.8717948717948718,0.4857142857142857,0.0048176362179219,0.8563446225809437
hazelnut,0.8947368421052632,0.4857142857142857,0.0048446711152791,0.8563446225809437
hazelnut,0.918918918918919,0.4857142857142857,0.0048675681464374,0.8563446225809437
hazelnut,0.9166666666666666,0.4714285714285714,0.0049019400030374,0.8563446225809437
hazelnut,0.9142857142857144,0.4571428571428571,0.004903616849333,0.8563446225809437
hazelnut,0.9117647058823528,0.4428571428571428,0.0049297208897769,0.8563446225809437
hazelnut,0.9090909090909092,0.4285714285714285,0.0049776132218539,0.8563446225809437
hazelnut,0.90625,0.4142857142857143,0.0050008320249617,0.8563446225809437
hazelnut,0.9032258064516128,0.4,0.0051088607870042,0.8563446225809437
hazelnut,0.9,0.3857142857142857,0.0051092491485178,0.8563446225809437
hazelnut,0.896551724137931,0.3714285714285714,0.0051705883815884,0.8563446225809437
hazelnut,0.8928571428571429,0.3571428571428571,0.0051978747360408,0.8563446225809437
hazelnut,0.925925925925926,0.3571428571428571,0.0052765221334993,0.8563446225809437
hazelnut,0.9615384615384616,0.3571428571428571,0.0053358636796474,0.8563446225809437
hazelnut,0.96,0.3428571428571428,0.0055843442678451,0.8563446225809437
hazelnut,0.9583333333333334,0.3285714285714285,0.0056126043200492,0.8563446225809437
hazelnut,0.9565217391304348,0.3142857142857143,0.0059215151704847,0.8563446225809437
hazelnut,0.9545454545454546,0.3,0.0060882680118083,0.8563446225809437
hazelnut,1.0,0.3,0.0063072703778743,0.8563446225809437
hazelnut,1.0,0.2857142857142857,0.0065035987645387,0.8563446225809437
hazelnut,1.0,0.2714285714285714,0.0068366038613021,0.8563446225809437
hazelnut,1.0,0.2571428571428571,0.0068502016365528,0.8563446225809437
hazelnut,1.0,0.2428571428571428,0.0069521167315542,0.8563446225809437
hazelnut,1.0,0.2285714285714285,0.0069789257831871,0.8563446225809437
hazelnut,1.0,0.2142857142857142,0.007092148065567,0.8563446225809437
hazelnut,1.0,0.2,0.0071005909703671,0.8563446225809437
hazelnut,1.0,0.1857142857142857,0.0072228959761559,0.8563446225809437
hazelnut,1.0,0.1714285714285714,0.0072935870848596,0.8563446225809437
hazelnut,1.0,0.1571428571428571,0.0081573249772191,0.8563446225809437
hazelnut,1.0,0.1428571428571428,0.0083159515634179,0.8563446225809437
hazelnut,1.0,0.1285714285714285,0.0085502369329333,0.8563446225809437
hazelnut,1.0,0.1142857142857142,0.0086906552314758,0.8563446225809437
hazelnut,1.0,0.1,0.0088872471824288,0.8563446225809437
hazelnut,1.0,0.0857142857142857,0.0089185051620006,0.8563446225809437
hazelnut,1.0,0.0714285714285714,0.0091652451083064,0.8563446225809437
hazelnut,1.0,0.0571428571428571,0.0095472605898976,0.8563446225809437
hazelnut,1.0,0.0428571428571428,0.0101477727293968,0.8563446225809437
hazelnut,1.0,0.0285714285714285,0.0102185672149062,0.8563446225809437
hazelnut,1.0,0.0142857142857142,0.0109366066753864,0.8563446225809437
hazelnut,1.0,0.0,,0.8563446225809437
metal_nut,0.808695652173913,1.0,0.0113842822611331,0.6795449082363729
metal_nut,0.8070175438596491,0.989247311827957,0.0120465522632002,0.6795449082363729
metal_nut,0.8053097345132744,0.978494623655914,0.0125970691442489,0.6795449082363729
metal_nut,0.8035714285714286,0.967741935483871,0.0128746284171938,0.6795449082363729
metal_nut,0.8018018018018018,0.956989247311828,0.0132812364026904,0.6795449082363729
metal_nut,0.8,0.946236559139785,0.0134408548474311,0.6795449082363729
metal_nut,0.7981651376146789,0.935483870967742,0.0135867968201637,0.6795449082363729
metal_nut,0.7962962962962963,0.9247311827956988,0.0141422143206,0.6795449082363729
metal_nut,0.8037383177570093,0.9247311827956988,0.0145609704777598,0.6795449082363729
metal_nut,0.8018867924528302,0.913978494623656,0.0145933302119374,0.6795449082363729
metal_nut,0.8,0.9032258064516128,0.0145956026390194,0.6795449082363729
metal_nut,0.7980769230769231,0.8924731182795699,0.0146086020395159,0.6795449082363729
metal_nut,0.7961165048543689,0.8817204301075269,0.0147371254861354,0.6795449082363729
metal_nut,0.7941176470588235,0.8709677419354839,0.0147389573976397,0.6795449082363729
metal_nut,0.7920792079207921,0.8602150537634409,0.0148057835176587,0.6795449082363729
metal_nut,0.79,0.8494623655913979,0.0148247219622135,0.6795449082363729
metal_nut,0.7878787878787878,0.8387096774193549,0.0150070572271943,0.6795449082363729
metal_nut,0.7857142857142857,0.8279569892473119,0.0151124522089958,0.6795449082363729
metal_nut,0.7835051546391752,0.8172043010752689,0.0151184322312474,0.6795449082363729
metal_nut,0.78125,0.8064516129032258,0.0151270227506756,0.6795449082363729
metal_nut,0.7789473684210526,0.7956989247311828,0.0151757718995213,0.6795449082363729
metal_nut,0.776595744680851,0.7849462365591398,0.0152049558237195,0.6795449082363729
metal_nut,0.7741935483870968,0.7741935483870968,0.0152058871462941,0.6795449082363729
metal_nut,0.7717391304347826,0.7634408602150538,0.0152755985036492,0.6795449082363729
metal_nut,0.7692307692307693,0.7526881720430108,0.0153698176145553,0.6795449082363729
metal_nut,0.7666666666666667,0.7419354838709677,0.0154385296627879,0.6795449082363729
metal_nut,0.7640449438202247,0.7311827956989247,0.015440434217453,0.6795449082363729
metal_nut,0.7613636363636364,0.7204301075268817,0.0154623612761497,0.6795449082363729
metal_nut,0.7586206896551724,0.7096774193548387,0.0154879568144679,0.6795449082363729
metal_nut,0.7558139534883721,0.6989247311827957,0.0154988365247845,0.6795449082363729
metal_nut,0.7529411764705882,0.6881720430107527,0.0155231235548853,0.6795449082363729
metal_nut,0.75,0.6774193548387096,0.0155383227393031,0.6795449082363729
metal_nut,0.7469879518072289,0.6666666666666666,0.015598714351654,0.6795449082363729
metal_nut,0.7439024390243902,0.6559139784946236,0.0156028876081109,0.6795449082363729
metal_nut,0.7407407407407407,0.6451612903225806,0.0156342964619398,0.6795449082363729
metal_nut,0.7375,0.6344086021505376,0.0156935192644596,0.6795449082363729
metal_nut,0.7341772151898734,0.6236559139784946,0.015717726200819,0.6795449082363729
metal_nut,0.7435897435897436,0.6236559139784946,0.0157215241342782,0.6795449082363729
metal_nut,0.7402597402597403,0.6129032258064516,0.0157303120940923,0.6795449082363729
metal_nut,0.75,0.6129032258064516,0.0157421734184026,0.6795449082363729
metal_nut,0.7466666666666667,0.6021505376344086,0.0157641377300024,0.6795449082363729
metal_nut,0.7432432432432432,0.5913978494623656,0.0157700572162866,0.6795449082363729
metal_nut,0.7397260273972602,0.5806451612903226,0.0158424377441406,0.6795449082363729
metal_nut,0.7361111111111112,0.5698924731182796,0.0158600006252527,0.6795449082363729
metal_nut,0.7323943661971831,0.5591397849462365,0.0159016363322734,0.6795449082363729
metal_nut,0.7285714285714285,0.5483870967741935,0.0159105900675058,0.6795449082363729
metal_nut,0.7246376811594203,0.5376344086021505,0.0159217081964015,0.6795449082363729
metal_nut,0.7205882352941176,0.5268817204301075,0.0159462336450815,0.6795449082363729
metal_nut,0.7313432835820896,0.5268817204301075,0.0159464813768863,0.6795449082363729
metal_nut,0.7424242424242424,0.5268817204301075,0.015946777537465,0.6795449082363729
metal_nut,0.7384615384615385,0.5161290322580645,0.0160032417625188,0.6795449082363729
metal_nut,0.734375,0.5053763440860215,0.0160182267427444,0.6795449082363729
metal_nut,0.7301587301587301,0.4946236559139785,0.0160210002213716,0.6795449082363729
metal_nut,0.7258064516129032,0.4838709677419355,0.0160418879240751,0.6795449082363729
metal_nut,0.7213114754098361,0.4731182795698925,0.0160670932382345,0.6795449082363729
metal_nut,0.7166666666666667,0.4623655913978494,0.0161049403250217,0.6795449082363729
metal_nut,0.711864406779661,0.4516129032258064,0.0161805786192417,0.6795449082363729
metal_nut,0.7068965517241379,0.4408602150537634,0.0162088070064783,0.6795449082363729
metal_nut,0.7017543859649122,0.4301075268817204,0.0162368956953287,0.6795449082363729
metal_nut,0.6964285714285714,0.4193548387096774,0.0162411928176879,0.6795449082363729
metal_nut,0.6909090909090909,0.4086021505376344,0.0162623208016157,0.6795449082363729
metal_nut,0.6851851851851852,0.3978494623655914,0.0163062643259763,0.6795449082363729
metal_nut,0.6792452830188679,0.3870967741935484,0.0163565520197153,0.6795449082363729
metal_nut,0.6730769230769231,0.3763440860215054,0.016418233513832,0.6795449082363729
metal_nut,0.6666666666666666,0.3655913978494624,0.0164586994796991,0.6795449082363729
metal_nut,0.66,0.3548387096774194,0.0164734609425067,0.6795449082363729
metal_nut,0.6530612244897959,0.3440860215053763,0.016479367390275,0.6795449082363729
metal_nut,0.6458333333333334,0.3333333333333333,0.0165015999227762,0.6795449082363729
metal_nut,0.6382978723404256,0.3225806451612903,0.0165132377296686,0.6795449082363729
metal_nut,0.6304347826086957,0.3118279569892473,0.0165503341704607,0.6795449082363729
metal_nut,0.6222222222222222,0.3010752688172043,0.0165518820285797,0.6795449082363729
metal_nut,0.6136363636363636,0.2903225806451613,0.0166390594094991,0.6795449082363729
metal_nut,0.6046511627906976,0.2795698924731182,0.0166624076664447,0.6795449082363729
metal_nut,0.5952380952380952,0.2688172043010752,0.0167300216853618,0.6795449082363729
metal_nut,0.6097560975609756,0.2688172043010752,0.0168162304908037,0.6795449082363729
metal_nut,0.625,0.2688172043010752,0.0168784018605947,0.6795449082363729
metal_nut,0.6153846153846154,0.2580645161290322,0.0169078540056943,0.6795449082363729
metal_nut,0.631578947368421,0.2580645161290322,0.0170012675225734,0.6795449082363729
metal_nut,0.6486486486486487,0.2580645161290322,0.0170112531632184,0.6795449082363729
metal_nut,0.6388888888888888,0.2473118279569892,0.0170619636774063,0.6795449082363729
metal_nut,0.6285714285714286,0.2365591397849462,0.0170845184475183,0.6795449082363729
metal_nut,0.6176470588235294,0.2258064516129032,0.0171066019684076,0.6795449082363729
metal_nut,0.6363636363636364,0.2258064516129032,0.0171309951692819,0.6795449082363729
metal_nut,0.625,0.2150537634408602,0.0171662326902151,0.6795449082363729
metal_nut,0.6129032258064516,0.2043010752688172,0.017183082178235,0.6795449082363729
metal_nut,0.6,0.1935483870967742,0.0172296073287725,0.6795449082363729
metal_nut,0.5862068965517241,0.1827956989247312,0.0172639209777116,0.6795449082363729
metal_nut,0.5714285714285714,0.1720430107526881,0.0172660816460847,0.6795449082363729
metal_nut,0.5555555555555556,0.1612903225806451,0.0172907467931509,0.6795449082363729
metal_nut,0.5384615384615384,0.1505376344086021,0.0174048040062189,0.6795449082363729
metal_nut,0.52,0.1397849462365591,0.0174445360898971,0.6795449082363729
metal_nut,0.5416666666666666,0.1397849462365591,0.0175026450306177,0.6795449082363729
metal_nut,0.5217391304347826,0.1290322580645161,0.0175723005086183,0.6795449082363729
metal_nut,0.5,0.1182795698924731,0.0177037138491868,0.6795449082363729
metal_nut,0.4761904761904761,0.1075268817204301,0.017760083079338,0.6795449082363729
metal_nut,0.45,0.0967741935483871,0.017961248755455,0.6795449082363729
metal_nut,0.4736842105263157,0.0967741935483871,0.0180362965911626,0.6795449082363729
metal_nut,0.4444444444444444,0.086021505376344,0.0182858053594827,0.6795449082363729
metal_nut,0.4117647058823529,0.075268817204301,0.0184480119496583,0.6795449082363729
metal_nut,0.375,0.064516129032258,0.0186176840215921,0.6795449082363729
metal_nut,0.3333333333333333,0.053763440860215,0.019020702689886,0.6795449082363729
metal_nut,0.2857142857142857,0.043010752688172,0.0190573036670684,0.6795449082363729
metal_nut,0.3076923076923077,0.043010752688172,0.0191173702478408,0.6795449082363729
metal_nut,0.3333333333333333,0.043010752688172,0.0192138645797967,0.6795449082363729
metal_nut,0.3636363636363636,0.043010752688172,0.0195101387798786,0.6795449082363729
metal_nut,0.3,0.032258064516129,0.0196419283747673,0.6795449082363729
metal_nut,0.3333333333333333,0.032258064516129,0.0197281185537576,0.6795449082363729
metal_nut,0.25,0.021505376344086,0.0198919717222452,0.6795449082363729
metal_nut,0.2857142857142857,0.021505376344086,0.0204766262322664,0.6795449082363729
metal_nut,0.3333333333333333,0.021505376344086,0.0207624342292547,0.6795449082363729
metal_nut,0.2,0.010752688172043,0.0214009657502174,0.6795449082363729
metal_nut,0.25,0.010752688172043,0.0216822829097509,0.6795449082363729
metal_nut,0.3333333333333333,0.010752688172043,0.0225451868027448,0.6795449082363729
metal_nut,0.5,0.010752688172043,0.0229517817497253,0.6795449082363729
metal_nut,0.0,0.0,0.0236482229083776,0.6795449082363729
metal_nut,1.0,0.0,,0.6795449082363729
screw,0.74375,1.0,0.0174447186291217,0.5423006738946738
screw,0.7421383647798742,0.9915966386554622,0.0177173521369695,0.5423006738946738
screw,0.740506329113924,0.9831932773109244,0.0178553946316242,0.5423006738946738
screw,0.7388535031847133,0.9747899159663864,0.0179093107581138,0.5423006738946738
screw,0.7371794871794872,0.9663865546218487,0.0180289931595325,0.5423006738946738
screw,0.7354838709677419,0.957983193277311,0.0181889329105615,0.5423006738946738
screw,0.7337662337662337,0.9495798319327732,0.0187384355813264,0.5423006738946738
screw,0.7320261437908496,0.9411764705882352,0.0187827292829751,0.5423006738946738
screw,0.7302631578947368,0.9327731092436976,0.0188590157777071,0.5423006738946738
screw,0.7284768211920529,0.9243697478991596,0.0188625082373619,0.5423006738946738
screw,0.7266666666666667,0.9159663865546218,0.0188974905759096,0.5423006738946738
screw,0.7248322147651006,0.907563025210084,0.0189389195293188,0.5423006738946738
screw,0.722972972972973,0.8991596638655462,0.0190414506942033,0.5423006738946738
screw,0.7210884353741497,0.8907563025210085,0.0191145483404397,0.5423006738946738
screw,0.7191780821917808,0.8823529411764706,0.0191237479448318,0.5423006738946738
screw,0.7172413793103448,0.8739495798319328,0.0191275067627429,0.5423006738946738
screw,0.7152777777777778,0.865546218487395,0.0191925633698701,0.5423006738946738
screw,0.7132867132867133,0.8571428571428571,0.0192351285368204,0.5423006738946738
screw,0.7112676056338029,0.8487394957983193,0.0192640349268913,0.5423006738946738
screw,0.7092198581560284,0.8403361344537815,0.0192817542701959,0.5423006738946738
screw,0.7071428571428572,0.8319327731092437,0.0192884914577007,0.5423006738946738
screw,0.7050359712230215,0.8235294117647058,0.0192911345511674,0.5423006738946738
screw,0.7028985507246377,0.8151260504201681,0.0193015430122613,0.5423006738946738
screw,0.7007299270072993,0.8067226890756303,0.0193726774305105,0.5423006738946738
screw,0.6985294117647058,0.7983193277310925,0.0194868426769971,0.5423006738946738
screw,0.6962962962962963,0.7899159663865546,0.0194936748594045,0.5423006738946738
screw,0.6940298507462687,0.7815126050420168,0.0195301212370395,0.5423006738946738
screw,0.6917293233082706,0.773109243697479,0.0195748526602983,0.5423006738946738
screw,0.6893939393939394,0.7647058823529411,0.0195812731981277,0.5423006738946738
screw,0.6870229007633588,0.7563025210084033,0.0196429714560508,0.5423006738946738
screw,0.6846153846153846,0.7478991596638656,0.0196918193250894,0.5423006738946738
screw,0.6821705426356589,0.7394957983193278,0.0198242608457803,0.5423006738946738
screw,0.6796875,0.7310924369747899,0.0198430698364973,0.5423006738946738
screw,0.6771653543307087,0.7226890756302521,0.019950671121478,0.5423006738946738
screw,0.6746031746031746,0.7142857142857143,0.0199693217873573,0.5423006738946738
screw,0.672,0.7058823529411765,0.0200008153915405,0.5423006738946738
screw,0.6693548387096774,0.6974789915966386,0.0200399532914161,0.5423006738946738
screw,0.6666666666666666,0.6890756302521008,0.0201246719807386,0.5423006738946738
screw,0.6639344262295082,0.680672268907563,0.0201393570750951,0.5423006738946738
screw,0.6611570247933884,0.6722689075630253,0.0201625060290098,0.5423006738946738
screw,0.6583333333333333,0.6638655462184874,0.0201636720448732,0.5423006738946738
screw,0.6554621848739496,0.6554621848739496,0.0201713778078556,0.5423006738946738
screw,0.652542372881356,0.6470588235294118,0.020241767168045,0.5423006738946738
screw,0.6495726495726496,0.6386554621848739,0.0202503055334091,0.5423006738946738
screw,0.646551724137931,0.6302521008403361,0.0202554296702146,0.5423006738946738
screw,0.6434782608695652,0.6218487394957983,0.0202863812446594,0.5423006738946738
screw,0.6403508771929824,0.6134453781512605,0.0203187726438045,0.5423006738946738
screw,0.6371681415929203,0.6050420168067226,0.0204564407467842,0.5423006738946738
screw,0.6339285714285714,0.5966386554621849,0.0204614736139774,0.5423006738946738
screw,0.6306306306306306,0.5882352941176471,0.0204749461263418,0.5423006738946738
screw,0.6272727272727273,0.5798319327731093,0.0205022916197776,0.5423006738946738
screw,0.6238532110091743,0.5714285714285714,0.0205070227384567,0.5423006738946738
screw,0.6203703703703703,0.5630252100840336,0.020672284066677,0.5423006738946738
screw,0.616822429906542,0.5546218487394958,0.0207756925374269,0.5423006738946738
screw,0.6132075471698113,0.5462184873949579,0.0207813829183578,0.5423006738946738
screw,0.6095238095238096,0.5378151260504201,0.0208916123956441,0.5423006738946738
screw,0.6057692307692307,0.5294117647058824,0.0208964850753545,0.5423006738946738
screw,0.6019417475728155,0.5210084033613446,0.020955666899681,0.5423006738946738
screw,0.5980392156862745,0.5126050420168067,0.0209672953933477,0.5423006738946738
screw,0.594059405940594,0.5042016806722689,0.0210150796920061,0.5423006738946738
screw,0.59,0.4957983193277311,0.021066652610898,0.5423006738946738
screw,0.5858585858585859,0.4873949579831932,0.0211088303476572,0.5423006738946738
screw,0.5816326530612245,0.4789915966386555,0.0211213026195764,0.5423006738946738
screw,0.5773195876288659,0.4705882352941176,0.0211299154907464,0.5423006738946738
screw,0.5729166666666666,0.4621848739495798,0.0212217327207326,0.5423006738946738
screw,0.5789473684210527,0.4621848739495798,0.0212242249399423,0.5423006738946738
screw,0.574468085106383,0.453781512605042,0.0213118139654397,0.5423006738946738
screw,0.5698924731182796,0.4453781512605042,0.0213230717927217,0.5423006738946738
screw,0.5652173913043478,0.4369747899159664,0.0213428940623998,0.5423006738946738
screw,0.5604395604395604,0.4285714285714285,0.0213675294071435,0.5423006738946738
screw,0.5555555555555556,0.4201680672268907,0.021370006725192,0.5423006738946738
screw,0.550561797752809,0.4117647058823529,0.0213805977255105,0.5423006738946738
screw,0.5454545454545454,0.4033613445378151,0.0214455481618642,0.5423006738946738
screw,0.5402298850574713,0.3949579831932773,0.0214500278234481,0.5423006738946738
screw,0.5348837209302325,0.3865546218487395,0.0214579459279775,0.5423006738946738
screw,0.5294117647058824,0.3781512605042016,0.0214783102273941,0.5423006738946738
screw,0.5238095238095238,0.3697478991596639,0.0214912686496973,0.5423006738946738
screw,0.5180722891566265,0.361344537815126,0.0215049907565116,0.5423006738946738
screw,0.5121951219512195,0.3529411764705882,0.0215555224567651,0.5423006738946738
screw,0.5061728395061729,0.3445378151260504,0.021608492359519,0.5423006738946738
screw,0.5,0.3361344537815126,0.0216085165739059,0.5423006738946738
screw,0.4936708860759494,0.3277310924369748,0.0216688588261604,0.5423006738946738
screw,0.4871794871794871,0.3193277310924369,0.0218626912683248,0.5423006738946738
screw,0.4805194805194805,0.3109243697478991,0.0219336133450269,0.5423006738946738
screw,0.4736842105263157,0.3025210084033613,0.0219787061214447,0.5423006738946738
screw,0.4666666666666667,0.2941176470588235,0.0219895783811807,0.5423006738946738
screw,0.4594594594594595,0.2857142857142857,0.0220578406006097,0.5423006738946738
screw,0.4520547945205479,0.2773109243697479,0.0220897328108549,0.5423006738946738
screw,0.4444444444444444,0.2689075630252101,0.0221238750964403,0.5423006738946738
screw,0.4366197183098591,0.2605042016806723,0.0221690703183412,0.5423006738946738
screw,0.4285714285714285,0.2521008403361344,0.0222038868814706,0.5423006738946738
screw,0.4202898550724637,0.2436974789915966,0.0222203284502029,0.5423006738946738
screw,0.4117647058823529,0.2352941176470588,0.0222441796213388,0.5423006738946738
screw,0.4029850746268656,0.226890756302521,0.0223212391138076,0.5423006738946738
screw,0.3939393939393939,0.2184873949579832,0.0223256107419729,0.5423006738946738
screw,0.3846153846153846,0.2100840336134453,0.0223406124860048,0.5423006738946738
screw,0.375,0.2016806722689075,0.0223862621933221,0.5423006738946738
screw,0.365079365079365,0.1932773109243697,0.0224251206964254,0.5423006738946738
screw,0.3548387096774194,0.1848739495798319,0.0224426742643117,0.5423006738946738
screw,0.3442622950819672,0.1764705882352941,0.0224434416741132,0.5423006738946738
screw,0.35,0.1764705882352941,0.0225527938455343,0.5423006738946738
screw,0.3389830508474576,0.1680672268907563,0.0225544143468141,0.5423006738946738
screw,0.3275862068965517,0.1596638655462184,0.022601718083024,0.5423006738946738
screw,0.3157894736842105,0.1512605042016806,0.0227604657411575,0.5423006738946738
screw,0.3035714285714285,0.1428571428571428,0.0228470582515001,0.5423006738946738
screw,0.3090909090909091,0.1428571428571428,0.0228824019432067,0.5423006738946738
screw,0.2962962962962963,0.134453781512605,0.0229087602347135,0.5423006738946738
screw,0.3018867924528302,0.134453781512605,0.0229410100728273,0.5423006738946738
screw,0.2884615384615384,0.1260504201680672,0.02303247153759,0.5423006738946738
screw,0.2745098039215686,0.1176470588235294,0.0230485443025827,0.5423006738946738
screw,0.26,0.1092436974789916,0.0231870133429765,0.5423006738946738
screw,0.2653061224489796,0.1092436974789916,0.0231979321688413,0.5423006738946738
screw,0.2708333333333333,0.1092436974789916,0.0233303513377904,0.5423006738946738
screw,0.2765957446808511,0.1092436974789916,0.0237382408231496,0.5423006738946738
screw,0.2608695652173913,0.1008403361344537,0.023751251399517,0.5423006738946738
screw,0.2444444444444444,0.0924369747899159,0.0238452237099409,0.5423006738946738
screw,0.2272727272727272,0.0840336134453781,0.0239290092140436,0.5423006738946738
screw,0.2325581395348837,0.0840336134453781,0.0239528026431798,0.5423006738946738
screw,0.238095238095238,0.0840336134453781,0.0239584241062402,0.5423006738946738
screw,0.2195121951219512,0.0756302521008403,0.0243463888764381,0.5423006738946738
screw,0.2,0.0672268907563025,0.0244032237678766,0.5423006738946738
screw,0.1794871794871795,0.0588235294117647,0.0244630370289087,0.5423006738946738
screw,0.1842105263157894,0.0588235294117647,0.0244664903730154,0.5423006738946738
screw,0.1621621621621621,0.0504201680672268,0.0247141141444444,0.5423006738946738
screw,0.1666666666666666,0.0504201680672268,0.0247270762920379,0.5423006738946738
screw,0.1714285714285714,0.0504201680672268,0.0247588846832513,0.5423006738946738
screw,0.1764705882352941,0.0504201680672268,0.0247746799141168,0.5423006738946738
screw,0.1818181818181818,0.0504201680672268,0.0248155798763036,0.5423006738946738
screw,0.1875,0.0504201680672268,0.0249435473233461,0.5423006738946738
screw,0.1612903225806451,0.042016806722689,0.0250250715762376,0.5423006738946738
screw,0.1666666666666666,0.042016806722689,0.0251630488783121,0.5423006738946738
screw,0.1379310344827586,0.0336134453781512,0.0252348035573959,0.5423006738946738
screw,0.1071428571428571,0.0252100840336134,0.0252753738313913,0.5423006738946738
screw,0.1111111111111111,0.0252100840336134,0.0252882987260818,0.5423006738946738
screw,0.1153846153846153,0.0252100840336134,0.025332624092698,0.5423006738946738
screw,0.12,0.0252100840336134,0.0253569930791854,0.5423006738946738
screw,0.0833333333333333,0.0168067226890756,0.0254094209522008,0.5423006738946738
screw,0.0869565217391304,0.0168067226890756,0.0254744458943605,0.5423006738946738
screw,0.0454545454545454,0.0084033613445378,0.0255352314561605,0.5423006738946738
screw,0.0476190476190476,0.0084033613445378,0.0255455616861581,0.5423006738946738
screw,0.05,0.0084033613445378,0.025595786049962,0.5423006738946738
screw,0.0526315789473684,0.0084033613445378,0.0256082490086555,0.5423006738946738
screw,0.0555555555555555,0.0084033613445378,0.02586998231709,0.5423006738946738
screw,0.0588235294117647,0.0084033613445378,0.0260382741689682,0.5423006738946738
screw,0.0625,0.0084033613445378,0.026196951046586,0.5423006738946738
screw,0.0666666666666666,0.0084033613445378,0.0263315513730049,0.5423006738946738
screw,0.0714285714285714,0.0084033613445378,0.0263924431055784,0.5423006738946738
screw,0.0769230769230769,0.0084033613445378,0.0265355706214904,0.5423006738946738
screw,0.0833333333333333,0.0084033613445378,0.0267472360283136,0.5423006738946738
screw,0.0909090909090909,0.0084033613445378,0.0269052181392908,0.5423006738946738
screw,0.1,0.0084033613445378,0.026949068531394,0.5423006738946738
screw,0.1111111111111111,0.0084033613445378,0.0269563850015401,0.5423006738946738
screw,0.125,0.0084033613445378,0.0271080788224935,0.5423006738946738
screw,0.1428571428571428,0.0084033613445378,0.0273306518793106,0.5423006738946738
screw,0.1666666666666666,0.0084033613445378,0.0274445805698633,0.5423006738946738
screw,0.0,0.0,0.0276107247918844,0.5423006738946738
screw,0.0,0.0,0.0286119133234024,0.5423006738946738
screw,0.0,0.0,0.0286548193544149,0.5423006738946738
screw,0.0,0.0,0.0292348843067884,0.5423006738946738
screw,0.0,0.0,0.030047707259655,0.5423006738946738
screw,1.0,0.0,,0.5423006738946738
