Category,Recall,Precision,PR-AUC
screw,1.0,0.74375,0.5420723793101189
screw,0.9915966386554622,0.7421383647798742,0.5420723793101189
screw,0.9831932773109244,0.740506329113924,0.5420723793101189
screw,0.9747899159663864,0.7388535031847133,0.5420723793101189
screw,0.9663865546218487,0.7371794871794872,0.5420723793101189
screw,0.957983193277311,0.7354838709677419,0.5420723793101189
screw,0.9495798319327732,0.7337662337662337,0.5420723793101189
screw,0.9411764705882352,0.7320261437908496,0.5420723793101189
screw,0.9327731092436976,0.7302631578947368,0.5420723793101189
screw,0.9243697478991596,0.7284768211920529,0.5420723793101189
screw,0.9159663865546218,0.7266666666666667,0.5420723793101189
screw,0.907563025210084,0.7248322147651006,0.5420723793101189
screw,0.8991596638655462,0.722972972972973,0.5420723793101189
screw,0.8907563025210085,0.7210884353741497,0.5420723793101189
screw,0.8823529411764706,0.7191780821917808,0.5420723793101189
screw,0.8739495798319328,0.7172413793103448,0.5420723793101189
screw,0.865546218487395,0.7152777777777778,0.5420723793101189
screw,0.8571428571428571,0.7132867132867133,0.5420723793101189
screw,0.8487394957983193,0.7112676056338029,0.5420723793101189
screw,0.8403361344537815,0.7092198581560284,0.5420723793101189
screw,0.8319327731092437,0.7071428571428572,0.5420723793101189
screw,0.8235294117647058,0.7050359712230215,0.5420723793101189
screw,0.8151260504201681,0.7028985507246377,0.5420723793101189
screw,0.8067226890756303,0.7007299270072993,0.5420723793101189
screw,0.7983193277310925,0.6985294117647058,0.5420723793101189
screw,0.7899159663865546,0.6962962962962963,0.5420723793101189
screw,0.7815126050420168,0.6940298507462687,0.5420723793101189
screw,0.773109243697479,0.6917293233082706,0.5420723793101189
screw,0.7647058823529411,0.6893939393939394,0.5420723793101189
screw,0.7563025210084033,0.6870229007633588,0.5420723793101189
screw,0.7478991596638656,0.6846153846153846,0.5420723793101189
screw,0.7394957983193278,0.6821705426356589,0.5420723793101189
screw,0.7310924369747899,0.6796875,0.5420723793101189
screw,0.7226890756302521,0.6771653543307087,0.5420723793101189
screw,0.7142857142857143,0.6746031746031746,0.5420723793101189
screw,0.7058823529411765,0.672,0.5420723793101189
screw,0.6974789915966386,0.6693548387096774,0.5420723793101189
screw,0.6890756302521008,0.6666666666666666,0.5420723793101189
screw,0.680672268907563,0.6639344262295082,0.5420723793101189
screw,0.6722689075630253,0.6611570247933884,0.5420723793101189
screw,0.6638655462184874,0.6583333333333333,0.5420723793101189
screw,0.6554621848739496,0.6554621848739496,0.5420723793101189
screw,0.6470588235294118,0.652542372881356,0.5420723793101189
screw,0.6386554621848739,0.6495726495726496,0.5420723793101189
screw,0.6302521008403361,0.646551724137931,0.5420723793101189
screw,0.6218487394957983,0.6434782608695652,0.5420723793101189
screw,0.6134453781512605,0.6403508771929824,0.5420723793101189
screw,0.6050420168067226,0.6371681415929203,0.5420723793101189
screw,0.5966386554621849,0.6339285714285714,0.5420723793101189
screw,0.5882352941176471,0.6306306306306306,0.5420723793101189
screw,0.5798319327731093,0.6272727272727273,0.5420723793101189
screw,0.5714285714285714,0.6238532110091743,0.5420723793101189
screw,0.5630252100840336,0.6203703703703703,0.5420723793101189
screw,0.5546218487394958,0.616822429906542,0.5420723793101189
screw,0.5462184873949579,0.6132075471698113,0.5420723793101189
screw,0.5378151260504201,0.6095238095238096,0.5420723793101189
screw,0.5294117647058824,0.6057692307692307,0.5420723793101189
screw,0.5210084033613446,0.6019417475728155,0.5420723793101189
screw,0.5126050420168067,0.5980392156862745,0.5420723793101189
screw,0.5042016806722689,0.594059405940594,0.5420723793101189
screw,0.4957983193277311,0.59,0.5420723793101189
screw,0.4873949579831932,0.5858585858585859,0.5420723793101189
screw,0.4789915966386555,0.5816326530612245,0.5420723793101189
screw,0.4705882352941176,0.5773195876288659,0.5420723793101189
screw,0.4621848739495798,0.5729166666666666,0.5420723793101189
screw,0.453781512605042,0.5684210526315789,0.5420723793101189
screw,0.453781512605042,0.574468085106383,0.5420723793101189
screw,0.4453781512605042,0.5698924731182796,0.5420723793101189
screw,0.4369747899159664,0.5652173913043478,0.5420723793101189
screw,0.4285714285714285,0.5604395604395604,0.5420723793101189
screw,0.4201680672268907,0.5555555555555556,0.5420723793101189
screw,0.4117647058823529,0.550561797752809,0.5420723793101189
screw,0.4033613445378151,0.5454545454545454,0.5420723793101189
screw,0.3949579831932773,0.5402298850574713,0.5420723793101189
screw,0.3865546218487395,0.5348837209302325,0.5420723793101189
screw,0.3781512605042016,0.5294117647058824,0.5420723793101189
screw,0.3697478991596639,0.5238095238095238,0.5420723793101189
screw,0.361344537815126,0.5180722891566265,0.5420723793101189
screw,0.3529411764705882,0.5121951219512195,0.5420723793101189
screw,0.3445378151260504,0.5061728395061729,0.5420723793101189
screw,0.3361344537815126,0.5,0.5420723793101189
screw,0.3277310924369748,0.4936708860759494,0.5420723793101189
screw,0.3193277310924369,0.4871794871794871,0.5420723793101189
screw,0.3109243697478991,0.4805194805194805,0.5420723793101189
screw,0.3025210084033613,0.4736842105263157,0.5420723793101189
screw,0.2941176470588235,0.4666666666666667,0.5420723793101189
screw,0.2857142857142857,0.4594594594594595,0.5420723793101189
screw,0.2773109243697479,0.4520547945205479,0.5420723793101189
screw,0.2689075630252101,0.4444444444444444,0.5420723793101189
screw,0.2605042016806723,0.4366197183098591,0.5420723793101189
screw,0.2521008403361344,0.4285714285714285,0.5420723793101189
screw,0.2436974789915966,0.4202898550724637,0.5420723793101189
screw,0.2352941176470588,0.4117647058823529,0.5420723793101189
screw,0.226890756302521,0.4029850746268656,0.5420723793101189
screw,0.2184873949579832,0.3939393939393939,0.5420723793101189
screw,0.2100840336134453,0.3846153846153846,0.5420723793101189
screw,0.2016806722689075,0.375,0.5420723793101189
screw,0.1932773109243697,0.365079365079365,0.5420723793101189
screw,0.1848739495798319,0.3548387096774194,0.5420723793101189
screw,0.1764705882352941,0.3442622950819672,0.5420723793101189
screw,0.1764705882352941,0.35,0.5420723793101189
screw,0.1680672268907563,0.3389830508474576,0.5420723793101189
screw,0.1596638655462184,0.3275862068965517,0.5420723793101189
screw,0.1512605042016806,0.3157894736842105,0.5420723793101189
screw,0.1428571428571428,0.3035714285714285,0.5420723793101189
screw,0.1428571428571428,0.3090909090909091,0.5420723793101189
screw,0.134453781512605,0.2962962962962963,0.5420723793101189
screw,0.1260504201680672,0.2830188679245283,0.5420723793101189
screw,0.1260504201680672,0.2884615384615384,0.5420723793101189
screw,0.1176470588235294,0.2745098039215686,0.5420723793101189
screw,0.1092436974789916,0.26,0.5420723793101189
screw,0.1092436974789916,0.2653061224489796,0.5420723793101189
screw,0.1092436974789916,0.2708333333333333,0.5420723793101189
screw,0.1092436974789916,0.2765957446808511,0.5420723793101189
screw,0.1008403361344537,0.2608695652173913,0.5420723793101189
screw,0.0924369747899159,0.2444444444444444,0.5420723793101189
screw,0.0840336134453781,0.2272727272727272,0.5420723793101189
screw,0.0756302521008403,0.2093023255813953,0.5420723793101189
screw,0.0756302521008403,0.2142857142857142,0.5420723793101189
screw,0.0756302521008403,0.2195121951219512,0.5420723793101189
screw,0.0672268907563025,0.2,0.5420723793101189
screw,0.0588235294117647,0.1794871794871795,0.5420723793101189
screw,0.0504201680672268,0.1578947368421052,0.5420723793101189
screw,0.0504201680672268,0.1621621621621621,0.5420723793101189
screw,0.0504201680672268,0.1666666666666666,0.5420723793101189
screw,0.0504201680672268,0.1714285714285714,0.5420723793101189
screw,0.0504201680672268,0.1764705882352941,0.5420723793101189
screw,0.0504201680672268,0.1818181818181818,0.5420723793101189
screw,0.0504201680672268,0.1875,0.5420723793101189
screw,0.042016806722689,0.1612903225806451,0.5420723793101189
screw,0.042016806722689,0.1666666666666666,0.5420723793101189
screw,0.0336134453781512,0.1379310344827586,0.5420723793101189
screw,0.0252100840336134,0.1071428571428571,0.5420723793101189
screw,0.0252100840336134,0.1111111111111111,0.5420723793101189
screw,0.0252100840336134,0.1153846153846153,0.5420723793101189
screw,0.0252100840336134,0.12,0.5420723793101189
screw,0.0168067226890756,0.0833333333333333,0.5420723793101189
screw,0.0168067226890756,0.0869565217391304,0.5420723793101189
screw,0.0084033613445378,0.0454545454545454,0.5420723793101189
screw,0.0084033613445378,0.0476190476190476,0.5420723793101189
screw,0.0084033613445378,0.05,0.5420723793101189
screw,0.0084033613445378,0.0526315789473684,0.5420723793101189
screw,0.0084033613445378,0.0555555555555555,0.5420723793101189
screw,0.0084033613445378,0.0588235294117647,0.5420723793101189
screw,0.0084033613445378,0.0625,0.5420723793101189
screw,0.0084033613445378,0.0666666666666666,0.5420723793101189
screw,0.0084033613445378,0.0714285714285714,0.5420723793101189
screw,0.0084033613445378,0.0769230769230769,0.5420723793101189
screw,0.0084033613445378,0.0833333333333333,0.5420723793101189
screw,0.0084033613445378,0.0909090909090909,0.5420723793101189
screw,0.0084033613445378,0.1,0.5420723793101189
screw,0.0084033613445378,0.1111111111111111,0.5420723793101189
screw,0.0084033613445378,0.125,0.5420723793101189
screw,0.0084033613445378,0.1428571428571428,0.5420723793101189
screw,0.0084033613445378,0.1666666666666666,0.5420723793101189
screw,0.0,0.0,0.5420723793101189
screw,0.0,0.0,0.5420723793101189
screw,0.0,0.0,0.5420723793101189
screw,0.0,0.0,0.5420723793101189
screw,0.0,0.0,0.5420723793101189
screw,0.0,1.0,0.5420723793101189
bottle,1.0,0.7590361445783133,0.7923033497493417
bottle,0.984126984126984,0.7560975609756098,0.7923033497493417
bottle,0.9682539682539684,0.7530864197530864,0.7923033497493417
bottle,0.9523809523809524,0.75,0.7923033497493417
bottle,0.9365079365079364,0.7468354430379747,0.7923033497493417
bottle,0.9206349206349206,0.7435897435897436,0.7923033497493417
bottle,0.9047619047619048,0.7402597402597403,0.7923033497493417
bottle,0.8888888888888888,0.7368421052631579,0.7923033497493417
bottle,0.8888888888888888,0.7466666666666667,0.7923033497493417
bottle,0.873015873015873,0.7432432432432432,0.7923033497493417
bottle,0.8571428571428571,0.7397260273972602,0.7923033497493417
bottle,0.8412698412698413,0.7361111111111112,0.7923033497493417
bottle,0.8253968253968254,0.7323943661971831,0.7923033497493417
bottle,0.8095238095238095,0.7285714285714285,0.7923033497493417
bottle,0.7936507936507936,0.7246376811594203,0.7923033497493417
bottle,0.7777777777777778,0.7205882352941176,0.7923033497493417
bottle,0.7619047619047619,0.7164179104477612,0.7923033497493417
bottle,0.746031746031746,0.7121212121212122,0.7923033497493417
bottle,0.7301587301587301,0.7076923076923077,0.7923033497493417
bottle,0.7142857142857143,0.703125,0.7923033497493417
bottle,0.6984126984126984,0.6984126984126984,0.7923033497493417
bottle,0.6984126984126984,0.7096774193548387,0.7923033497493417
bottle,0.6984126984126984,0.7213114754098361,0.7923033497493417
bottle,0.6825396825396826,0.7166666666666667,0.7923033497493417
bottle,0.6666666666666666,0.711864406779661,0.7923033497493417
bottle,0.6507936507936508,0.7068965517241379,0.7923033497493417
bottle,0.6507936507936508,0.7192982456140351,0.7923033497493417
bottle,0.6507936507936508,0.7321428571428571,0.7923033497493417
bottle,0.6507936507936508,0.7454545454545455,0.7923033497493417
bottle,0.6349206349206349,0.7407407407407407,0.7923033497493417
bottle,0.6349206349206349,0.7547169811320755,0.7923033497493417
bottle,0.6349206349206349,0.7692307692307693,0.7923033497493417
bottle,0.6190476190476191,0.7647058823529411,0.7923033497493417
bottle,0.6031746031746031,0.76,0.7923033497493417
bottle,0.6031746031746031,0.7755102040816326,0.7923033497493417
bottle,0.5873015873015873,0.7708333333333334,0.7923033497493417
bottle,0.5714285714285714,0.7659574468085106,0.7923033497493417
bottle,0.5714285714285714,0.782608695652174,0.7923033497493417
bottle,0.5555555555555556,0.7777777777777778,0.7923033497493417
bottle,0.5396825396825397,0.7727272727272727,0.7923033497493417
bottle,0.5396825396825397,0.7906976744186046,0.7923033497493417
bottle,0.5396825396825397,0.8095238095238095,0.7923033497493417
bottle,0.5238095238095238,0.8048780487804879,0.7923033497493417
bottle,0.5079365079365079,0.8,0.7923033497493417
bottle,0.492063492063492,0.7948717948717948,0.7923033497493417
bottle,0.4761904761904761,0.7894736842105263,0.7923033497493417
bottle,0.4603174603174603,0.7837837837837838,0.7923033497493417
bottle,0.4444444444444444,0.7777777777777778,0.7923033497493417
bottle,0.4444444444444444,0.8,0.7923033497493417
bottle,0.4444444444444444,0.8235294117647058,0.7923033497493417
bottle,0.4285714285714285,0.8181818181818182,0.7923033497493417
bottle,0.4126984126984127,0.8125,0.7923033497493417
bottle,0.3968253968253968,0.8064516129032258,0.7923033497493417
bottle,0.3809523809523809,0.8,0.7923033497493417
bottle,0.365079365079365,0.7931034482758621,0.7923033497493417
bottle,0.3492063492063492,0.7857142857142857,0.7923033497493417
bottle,0.3333333333333333,0.7777777777777778,0.7923033497493417
bottle,0.3174603174603174,0.7692307692307693,0.7923033497493417
bottle,0.3015873015873015,0.76,0.7923033497493417
bottle,0.2857142857142857,0.75,0.7923033497493417
bottle,0.2857142857142857,0.782608695652174,0.7923033497493417
bottle,0.2698412698412698,0.7727272727272727,0.7923033497493417
bottle,0.2698412698412698,0.8095238095238095,0.7923033497493417
bottle,0.2539682539682539,0.8,0.7923033497493417
bottle,0.238095238095238,0.7894736842105263,0.7923033497493417
bottle,0.2222222222222222,0.7777777777777778,0.7923033497493417
bottle,0.2063492063492063,0.7647058823529411,0.7923033497493417
bottle,0.1904761904761904,0.75,0.7923033497493417
bottle,0.1746031746031746,0.7333333333333333,0.7923033497493417
bottle,0.1746031746031746,0.7857142857142857,0.7923033497493417
bottle,0.1587301587301587,0.7692307692307693,0.7923033497493417
bottle,0.1587301587301587,0.8333333333333334,0.7923033497493417
bottle,0.1587301587301587,0.9090909090909092,0.7923033497493417
bottle,0.1428571428571428,0.9,0.7923033497493417
bottle,0.1269841269841269,0.8888888888888888,0.7923033497493417
bottle,0.1111111111111111,0.875,0.7923033497493417
bottle,0.0952380952380952,0.8571428571428571,0.7923033497493417
bottle,0.0793650793650793,0.8333333333333334,0.7923033497493417
bottle,0.0793650793650793,1.0,0.7923033497493417
bottle,0.0634920634920634,1.0,0.7923033497493417
bottle,0.0476190476190476,1.0,0.7923033497493417
bottle,0.0317460317460317,1.0,0.7923033497493417
bottle,0.0158730158730158,1.0,0.7923033497493417
bottle,0.0,1.0,0.7923033497493417
capsule,1.0,0.8257575757575758,0.8285591979051835
capsule,0.9908256880733946,0.8244274809160306,0.8285591979051835
capsule,0.981651376146789,0.823076923076923,0.8285591979051835
capsule,0.9724770642201837,0.8217054263565892,0.8285591979051835
capsule,0.963302752293578,0.8203125,0.8285591979051835
capsule,0.9541284403669724,0.8188976377952756,0.8285591979051835
capsule,0.944954128440367,0.8174603174603174,0.8285591979051835
capsule,0.9357798165137616,0.816,0.8285591979051835
capsule,0.9357798165137616,0.8225806451612904,0.8285591979051835
capsule,0.926605504587156,0.8211382113821138,0.8285591979051835
capsule,0.9174311926605504,0.819672131147541,0.8285591979051835
capsule,0.9174311926605504,0.8264462809917356,0.8285591979051835
capsule,0.908256880733945,0.825,0.8285591979051835
capsule,0.8990825688073395,0.8235294117647058,0.8285591979051835
capsule,0.8899082568807339,0.8220338983050848,0.8285591979051835
capsule,0.8807339449541285,0.8205128205128205,0.8285591979051835
capsule,0.8715596330275229,0.8189655172413793,0.8285591979051835
capsule,0.8623853211009175,0.8173913043478261,0.8285591979051835
capsule,0.8532110091743119,0.8157894736842105,0.8285591979051835
capsule,0.8440366972477065,0.8141592920353983,0.8285591979051835
capsule,0.8348623853211009,0.8125,0.8285591979051835
capsule,0.8256880733944955,0.8108108108108109,0.8285591979051835
capsule,0.8165137614678899,0.8090909090909091,0.8285591979051835
capsule,0.8073394495412844,0.8073394495412844,0.8285591979051835
capsule,0.8073394495412844,0.8148148148148148,0.8285591979051835
capsule,0.8073394495412844,0.822429906542056,0.8285591979051835
capsule,0.7981651376146789,0.8207547169811321,0.8285591979051835
capsule,0.7889908256880734,0.819047619047619,0.8285591979051835
capsule,0.7798165137614679,0.8173076923076923,0.8285591979051835
capsule,0.7706422018348624,0.8155339805825242,0.8285591979051835
capsule,0.7614678899082569,0.8137254901960784,0.8285591979051835
capsule,0.7614678899082569,0.8217821782178217,0.8285591979051835
capsule,0.7522935779816514,0.82,0.8285591979051835
capsule,0.7431192660550459,0.8181818181818182,0.8285591979051835
capsule,0.7339449541284404,0.8163265306122449,0.8285591979051835
capsule,0.7247706422018348,0.8144329896907216,0.8285591979051835
capsule,0.7155963302752294,0.8125,0.8285591979051835
capsule,0.7155963302752294,0.8210526315789474,0.8285591979051835
capsule,0.7064220183486238,0.8191489361702128,0.8285591979051835
capsule,0.6972477064220184,0.8172043010752689,0.8285591979051835
capsule,0.6880733944954128,0.8152173913043478,0.8285591979051835
capsule,0.6788990825688074,0.8131868131868132,0.8285591979051835
capsule,0.6697247706422018,0.8111111111111111,0.8285591979051835
capsule,0.6605504587155964,0.8089887640449438,0.8285591979051835
capsule,0.6513761467889908,0.8068181818181818,0.8285591979051835
capsule,0.6422018348623854,0.8045977011494253,0.8285591979051835
capsule,0.6330275229357798,0.8023255813953488,0.8285591979051835
capsule,0.6238532110091743,0.8,0.8285591979051835
capsule,0.6146788990825688,0.7976190476190477,0.8285591979051835
capsule,0.6055045871559633,0.7951807228915663,0.8285591979051835
capsule,0.5963302752293578,0.7926829268292683,0.8285591979051835
capsule,0.5871559633027523,0.7901234567901234,0.8285591979051835
capsule,0.5779816513761468,0.7875,0.8285591979051835
capsule,0.5688073394495413,0.7848101265822784,0.8285591979051835
capsule,0.5596330275229358,0.782051282051282,0.8285591979051835
capsule,0.5504587155963303,0.7792207792207793,0.8285591979051835
capsule,0.5412844036697247,0.7763157894736842,0.8285591979051835
capsule,0.5412844036697247,0.7866666666666666,0.8285591979051835
capsule,0.5321100917431193,0.7837837837837838,0.8285591979051835
capsule,0.5229357798165137,0.7808219178082192,0.8285591979051835
capsule,0.5137614678899083,0.7777777777777778,0.8285591979051835
capsule,0.5137614678899083,0.7887323943661971,0.8285591979051835
capsule,0.5137614678899083,0.8,0.8285591979051835
capsule,0.5137614678899083,0.8115942028985508,0.8285591979051835
capsule,0.5045871559633027,0.8088235294117647,0.8285591979051835
capsule,0.4954128440366973,0.8059701492537313,0.8285591979051835
capsule,0.4954128440366973,0.8181818181818182,0.8285591979051835
capsule,0.4862385321100917,0.8153846153846154,0.8285591979051835
capsule,0.4862385321100917,0.828125,0.8285591979051835
capsule,0.4862385321100917,0.8412698412698413,0.8285591979051835
capsule,0.4862385321100917,0.8548387096774194,0.8285591979051835
capsule,0.4770642201834862,0.8524590163934426,0.8285591979051835
capsule,0.4678899082568807,0.85,0.8285591979051835
capsule,0.4587155963302752,0.847457627118644,0.8285591979051835
capsule,0.4495412844036697,0.8448275862068966,0.8285591979051835
capsule,0.4403669724770642,0.8421052631578947,0.8285591979051835
capsule,0.4311926605504587,0.8392857142857143,0.8285591979051835
capsule,0.4220183486238532,0.8363636363636363,0.8285591979051835
capsule,0.4128440366972477,0.8333333333333334,0.8285591979051835
capsule,0.4128440366972477,0.8490566037735849,0.8285591979051835
capsule,0.4128440366972477,0.8653846153846154,0.8285591979051835
capsule,0.4036697247706422,0.8627450980392157,0.8285591979051835
capsule,0.3944954128440367,0.86,0.8285591979051835
capsule,0.3944954128440367,0.8775510204081632,0.8285591979051835
capsule,0.3853211009174312,0.875,0.8285591979051835
capsule,0.3853211009174312,0.8936170212765957,0.8285591979051835
capsule,0.3761467889908257,0.8913043478260869,0.8285591979051835
capsule,0.3669724770642202,0.8888888888888888,0.8285591979051835
capsule,0.3577981651376147,0.8863636363636364,0.8285591979051835
capsule,0.3486238532110092,0.8837209302325582,0.8285591979051835
capsule,0.3394495412844037,0.8809523809523809,0.8285591979051835
capsule,0.3302752293577982,0.8780487804878049,0.8285591979051835
capsule,0.3211009174311927,0.875,0.8285591979051835
capsule,0.3119266055045872,0.8717948717948718,0.8285591979051835
capsule,0.3027522935779816,0.868421052631579,0.8285591979051835
capsule,0.2935779816513761,0.8648648648648649,0.8285591979051835
capsule,0.2844036697247706,0.8611111111111112,0.8285591979051835
capsule,0.2752293577981651,0.8571428571428571,0.8285591979051835
capsule,0.2752293577981651,0.8823529411764706,0.8285591979051835
capsule,0.2660550458715596,0.8787878787878788,0.8285591979051835
capsule,0.2568807339449541,0.875,0.8285591979051835
capsule,0.2477064220183486,0.8709677419354839,0.8285591979051835
capsule,0.2477064220183486,0.9,0.8285591979051835
capsule,0.2385321100917431,0.896551724137931,0.8285591979051835
capsule,0.2293577981651376,0.8928571428571429,0.8285591979051835
capsule,0.2201834862385321,0.8888888888888888,0.8285591979051835
capsule,0.2110091743119266,0.8846153846153846,0.8285591979051835
capsule,0.2018348623853211,0.88,0.8285591979051835
capsule,0.1926605504587156,0.875,0.8285591979051835
capsule,0.1834862385321101,0.8695652173913043,0.8285591979051835
capsule,0.1743119266055046,0.8636363636363636,0.8285591979051835
capsule,0.1651376146788991,0.8571428571428571,0.8285591979051835
capsule,0.1559633027522936,0.85,0.8285591979051835
capsule,0.146788990825688,0.8421052631578947,0.8285591979051835
capsule,0.1376146788990825,0.8333333333333334,0.8285591979051835
capsule,0.128440366972477,0.8235294117647058,0.8285591979051835
capsule,0.1192660550458715,0.8125,0.8285591979051835
capsule,0.110091743119266,0.8,0.8285591979051835
capsule,0.1009174311926605,0.7857142857142857,0.8285591979051835
capsule,0.091743119266055,0.7692307692307693,0.8285591979051835
capsule,0.0825688073394495,0.75,0.8285591979051835
capsule,0.073394495412844,0.7272727272727273,0.8285591979051835
capsule,0.0642201834862385,0.7,0.8285591979051835
capsule,0.055045871559633,0.6666666666666666,0.8285591979051835
capsule,0.0458715596330275,0.625,0.8285591979051835
capsule,0.036697247706422,0.5714285714285714,0.8285591979051835
capsule,0.036697247706422,0.6666666666666666,0.8285591979051835
capsule,0.036697247706422,0.8,0.8285591979051835
capsule,0.0275229357798165,0.75,0.8285591979051835
capsule,0.018348623853211,0.6666666666666666,0.8285591979051835
capsule,0.018348623853211,1.0,0.8285591979051835
capsule,0.0091743119266055,1.0,0.8285591979051835
capsule,0.0,1.0,0.8285591979051835
metal_nut,1.0,0.808695652173913,0.6805726957207622
metal_nut,0.989247311827957,0.8070175438596491,0.6805726957207622
metal_nut,0.978494623655914,0.8053097345132744,0.6805726957207622
metal_nut,0.967741935483871,0.8035714285714286,0.6805726957207622
metal_nut,0.956989247311828,0.8018018018018018,0.6805726957207622
metal_nut,0.946236559139785,0.8,0.6805726957207622
metal_nut,0.935483870967742,0.7981651376146789,0.6805726957207622
metal_nut,0.9247311827956988,0.7962962962962963,0.6805726957207622
metal_nut,0.9247311827956988,0.8037383177570093,0.6805726957207622
metal_nut,0.913978494623656,0.8018867924528302,0.6805726957207622
metal_nut,0.9032258064516128,0.8,0.6805726957207622
metal_nut,0.8924731182795699,0.7980769230769231,0.6805726957207622
metal_nut,0.8817204301075269,0.7961165048543689,0.6805726957207622
metal_nut,0.8709677419354839,0.7941176470588235,0.6805726957207622
metal_nut,0.8602150537634409,0.7920792079207921,0.6805726957207622
metal_nut,0.8494623655913979,0.79,0.6805726957207622
metal_nut,0.8387096774193549,0.7878787878787878,0.6805726957207622
metal_nut,0.8279569892473119,0.7857142857142857,0.6805726957207622
metal_nut,0.8172043010752689,0.7835051546391752,0.6805726957207622
metal_nut,0.8064516129032258,0.78125,0.6805726957207622
metal_nut,0.7956989247311828,0.7789473684210526,0.6805726957207622
metal_nut,0.7849462365591398,0.776595744680851,0.6805726957207622
metal_nut,0.7741935483870968,0.7741935483870968,0.6805726957207622
metal_nut,0.7634408602150538,0.7717391304347826,0.6805726957207622
metal_nut,0.7526881720430108,0.7692307692307693,0.6805726957207622
metal_nut,0.7419354838709677,0.7666666666666667,0.6805726957207622
metal_nut,0.7311827956989247,0.7640449438202247,0.6805726957207622
metal_nut,0.7204301075268817,0.7613636363636364,0.6805726957207622
metal_nut,0.7096774193548387,0.7586206896551724,0.6805726957207622
metal_nut,0.6989247311827957,0.7558139534883721,0.6805726957207622
metal_nut,0.6881720430107527,0.7529411764705882,0.6805726957207622
metal_nut,0.6774193548387096,0.75,0.6805726957207622
metal_nut,0.6666666666666666,0.7469879518072289,0.6805726957207622
metal_nut,0.6559139784946236,0.7439024390243902,0.6805726957207622
metal_nut,0.6451612903225806,0.7407407407407407,0.6805726957207622
metal_nut,0.6344086021505376,0.7375,0.6805726957207622
metal_nut,0.6344086021505376,0.7468354430379747,0.6805726957207622
metal_nut,0.6236559139784946,0.7435897435897436,0.6805726957207622
metal_nut,0.6129032258064516,0.7402597402597403,0.6805726957207622
metal_nut,0.6021505376344086,0.7368421052631579,0.6805726957207622
metal_nut,0.5913978494623656,0.7333333333333333,0.6805726957207622
metal_nut,0.5806451612903226,0.7297297297297297,0.6805726957207622
metal_nut,0.5698924731182796,0.726027397260274,0.6805726957207622
metal_nut,0.5698924731182796,0.7361111111111112,0.6805726957207622
metal_nut,0.5591397849462365,0.7323943661971831,0.6805726957207622
metal_nut,0.5591397849462365,0.7428571428571429,0.6805726957207622
metal_nut,0.5483870967741935,0.7391304347826086,0.6805726957207622
metal_nut,0.5376344086021505,0.7352941176470589,0.6805726957207622
metal_nut,0.5268817204301075,0.7313432835820896,0.6805726957207622
metal_nut,0.5268817204301075,0.7424242424242424,0.6805726957207622
metal_nut,0.5161290322580645,0.7384615384615385,0.6805726957207622
metal_nut,0.5053763440860215,0.734375,0.6805726957207622
metal_nut,0.4946236559139785,0.7301587301587301,0.6805726957207622
metal_nut,0.4838709677419355,0.7258064516129032,0.6805726957207622
metal_nut,0.4731182795698925,0.7213114754098361,0.6805726957207622
metal_nut,0.4623655913978494,0.7166666666666667,0.6805726957207622
metal_nut,0.4516129032258064,0.711864406779661,0.6805726957207622
metal_nut,0.4408602150537634,0.7068965517241379,0.6805726957207622
metal_nut,0.4301075268817204,0.7017543859649122,0.6805726957207622
metal_nut,0.4193548387096774,0.6964285714285714,0.6805726957207622
metal_nut,0.4086021505376344,0.6909090909090909,0.6805726957207622
metal_nut,0.3978494623655914,0.6851851851851852,0.6805726957207622
metal_nut,0.3870967741935484,0.6792452830188679,0.6805726957207622
metal_nut,0.3763440860215054,0.6730769230769231,0.6805726957207622
metal_nut,0.3655913978494624,0.6666666666666666,0.6805726957207622
metal_nut,0.3548387096774194,0.66,0.6805726957207622
metal_nut,0.3440860215053763,0.6530612244897959,0.6805726957207622
metal_nut,0.3333333333333333,0.6458333333333334,0.6805726957207622
metal_nut,0.3225806451612903,0.6382978723404256,0.6805726957207622
metal_nut,0.3118279569892473,0.6304347826086957,0.6805726957207622
metal_nut,0.3010752688172043,0.6222222222222222,0.6805726957207622
metal_nut,0.2903225806451613,0.6136363636363636,0.6805726957207622
metal_nut,0.2795698924731182,0.6046511627906976,0.6805726957207622
metal_nut,0.2795698924731182,0.6190476190476191,0.6805726957207622
metal_nut,0.2688172043010752,0.6097560975609756,0.6805726957207622
metal_nut,0.2688172043010752,0.625,0.6805726957207622
metal_nut,0.2580645161290322,0.6153846153846154,0.6805726957207622
metal_nut,0.2473118279569892,0.6052631578947368,0.6805726957207622
metal_nut,0.2473118279569892,0.6216216216216216,0.6805726957207622
metal_nut,0.2365591397849462,0.6111111111111112,0.6805726957207622
metal_nut,0.2365591397849462,0.6285714285714286,0.6805726957207622
metal_nut,0.2365591397849462,0.6470588235294118,0.6805726957207622
metal_nut,0.2258064516129032,0.6363636363636364,0.6805726957207622
metal_nut,0.2150537634408602,0.625,0.6805726957207622
metal_nut,0.2043010752688172,0.6129032258064516,0.6805726957207622
metal_nut,0.1935483870967742,0.6,0.6805726957207622
metal_nut,0.1827956989247312,0.5862068965517241,0.6805726957207622
metal_nut,0.1720430107526881,0.5714285714285714,0.6805726957207622
metal_nut,0.1720430107526881,0.5925925925925926,0.6805726957207622
metal_nut,0.1612903225806451,0.5769230769230769,0.6805726957207622
metal_nut,0.1505376344086021,0.56,0.6805726957207622
metal_nut,0.1397849462365591,0.5416666666666666,0.6805726957207622
metal_nut,0.1290322580645161,0.5217391304347826,0.6805726957207622
metal_nut,0.1182795698924731,0.5,0.6805726957207622
metal_nut,0.1075268817204301,0.4761904761904761,0.6805726957207622
metal_nut,0.1075268817204301,0.5,0.6805726957207622
metal_nut,0.0967741935483871,0.4736842105263157,0.6805726957207622
metal_nut,0.086021505376344,0.4444444444444444,0.6805726957207622
metal_nut,0.075268817204301,0.4117647058823529,0.6805726957207622
metal_nut,0.064516129032258,0.375,0.6805726957207622
metal_nut,0.053763440860215,0.3333333333333333,0.6805726957207622
metal_nut,0.053763440860215,0.3571428571428571,0.6805726957207622
metal_nut,0.043010752688172,0.3076923076923077,0.6805726957207622
metal_nut,0.043010752688172,0.3333333333333333,0.6805726957207622
metal_nut,0.043010752688172,0.3636363636363636,0.6805726957207622
metal_nut,0.032258064516129,0.3,0.6805726957207622
metal_nut,0.032258064516129,0.3333333333333333,0.6805726957207622
metal_nut,0.021505376344086,0.25,0.6805726957207622
metal_nut,0.021505376344086,0.2857142857142857,0.6805726957207622
metal_nut,0.021505376344086,0.3333333333333333,0.6805726957207622
metal_nut,0.010752688172043,0.2,0.6805726957207622
metal_nut,0.010752688172043,0.25,0.6805726957207622
metal_nut,0.010752688172043,0.3333333333333333,0.6805726957207622
metal_nut,0.010752688172043,0.5,0.6805726957207622
metal_nut,0.0,0.0,0.6805726957207622
metal_nut,0.0,1.0,0.6805726957207622
hazelnut,1.0,0.6363636363636364,0.8464323354478389
hazelnut,1.0,0.6422018348623854,0.8464323354478389
hazelnut,0.9857142857142858,0.6388888888888888,0.8464323354478389
hazelnut,0.9857142857142858,0.6448598130841121,0.8464323354478389
hazelnut,0.9857142857142858,0.6509433962264151,0.8464323354478389
hazelnut,0.9857142857142858,0.6571428571428571,0.8464323354478389
hazelnut,0.9857142857142858,0.6634615384615384,0.8464323354478389
hazelnut,0.9714285714285714,0.6601941747572816,0.8464323354478389
hazelnut,0.9714285714285714,0.6666666666666666,0.8464323354478389
hazelnut,0.9571428571428572,0.6633663366336634,0.8464323354478389
hazelnut,0.9428571428571428,0.66,0.8464323354478389
hazelnut,0.9428571428571428,0.6666666666666666,0.8464323354478389
hazelnut,0.9285714285714286,0.6632653061224489,0.8464323354478389
hazelnut,0.9285714285714286,0.6701030927835051,0.8464323354478389
hazelnut,0.9142857142857144,0.6666666666666666,0.8464323354478389
hazelnut,0.9142857142857144,0.6736842105263158,0.8464323354478389
hazelnut,0.9142857142857144,0.6808510638297872,0.8464323354478389
hazelnut,0.9,0.6774193548387096,0.8464323354478389
hazelnut,0.8857142857142857,0.6739130434782609,0.8464323354478389
hazelnut,0.8857142857142857,0.6813186813186813,0.8464323354478389
hazelnut,0.8714285714285714,0.6777777777777778,0.8464323354478389
hazelnut,0.8571428571428571,0.6741573033707865,0.8464323354478389
hazelnut,0.8571428571428571,0.6818181818181818,0.8464323354478389
hazelnut,0.8428571428571429,0.6781609195402298,0.8464323354478389
hazelnut,0.8285714285714286,0.6744186046511628,0.8464323354478389
hazelnut,0.8285714285714286,0.6823529411764706,0.8464323354478389
hazelnut,0.8285714285714286,0.6904761904761905,0.8464323354478389
hazelnut,0.8285714285714286,0.6987951807228916,0.8464323354478389
hazelnut,0.8285714285714286,0.7073170731707317,0.8464323354478389
hazelnut,0.8285714285714286,0.7160493827160493,0.8464323354478389
hazelnut,0.8285714285714286,0.725,0.8464323354478389
hazelnut,0.8142857142857143,0.7215189873417721,0.8464323354478389
hazelnut,0.8142857142857143,0.7307692307692307,0.8464323354478389
hazelnut,0.8,0.7272727272727273,0.8464323354478389
hazelnut,0.7857142857142857,0.7236842105263158,0.8464323354478389
hazelnut,0.7714285714285715,0.72,0.8464323354478389
hazelnut,0.7714285714285715,0.7297297297297297,0.8464323354478389
hazelnut,0.7571428571428571,0.726027397260274,0.8464323354478389
hazelnut,0.7571428571428571,0.7361111111111112,0.8464323354478389
hazelnut,0.7428571428571429,0.7323943661971831,0.8464323354478389
hazelnut,0.7428571428571429,0.7428571428571429,0.8464323354478389
hazelnut,0.7285714285714285,0.7391304347826086,0.8464323354478389
hazelnut,0.7142857142857143,0.7352941176470589,0.8464323354478389
hazelnut,0.7,0.7313432835820896,0.8464323354478389
hazelnut,0.7,0.7424242424242424,0.8464323354478389
hazelnut,0.6857142857142857,0.7384615384615385,0.8464323354478389
hazelnut,0.6714285714285714,0.734375,0.8464323354478389
hazelnut,0.6714285714285714,0.746031746031746,0.8464323354478389
hazelnut,0.6714285714285714,0.7580645161290323,0.8464323354478389
hazelnut,0.6714285714285714,0.7704918032786885,0.8464323354478389
hazelnut,0.6714285714285714,0.7833333333333333,0.8464323354478389
hazelnut,0.6571428571428571,0.7796610169491526,0.8464323354478389
hazelnut,0.6428571428571429,0.7758620689655172,0.8464323354478389
hazelnut,0.6285714285714286,0.7719298245614035,0.8464323354478389
hazelnut,0.6142857142857143,0.7678571428571429,0.8464323354478389
hazelnut,0.6142857142857143,0.7818181818181819,0.8464323354478389
hazelnut,0.6142857142857143,0.7962962962962963,0.8464323354478389
hazelnut,0.6,0.7924528301886793,0.8464323354478389
hazelnut,0.6,0.8076923076923077,0.8464323354478389
hazelnut,0.5857142857142857,0.803921568627451,0.8464323354478389
hazelnut,0.5714285714285714,0.8,0.8464323354478389
hazelnut,0.5571428571428572,0.7959183673469388,0.8464323354478389
hazelnut,0.5428571428571428,0.7916666666666666,0.8464323354478389
hazelnut,0.5285714285714286,0.7872340425531915,0.8464323354478389
hazelnut,0.5142857142857142,0.782608695652174,0.8464323354478389
hazelnut,0.5,0.7777777777777778,0.8464323354478389
hazelnut,0.5,0.7954545454545454,0.8464323354478389
hazelnut,0.5,0.813953488372093,0.8464323354478389
hazelnut,0.4857142857142857,0.8095238095238095,0.8464323354478389
hazelnut,0.4857142857142857,0.8292682926829268,0.8464323354478389
hazelnut,0.4714285714285714,0.825,0.8464323354478389
hazelnut,0.4714285714285714,0.8461538461538461,0.8464323354478389
hazelnut,0.4714285714285714,0.868421052631579,0.8464323354478389
hazelnut,0.4571428571428571,0.8648648648648649,0.8464323354478389
hazelnut,0.4571428571428571,0.8888888888888888,0.8464323354478389
hazelnut,0.4571428571428571,0.9142857142857144,0.8464323354478389
hazelnut,0.4428571428571428,0.9117647058823528,0.8464323354478389
hazelnut,0.4285714285714285,0.9090909090909092,0.8464323354478389
hazelnut,0.4142857142857143,0.90625,0.8464323354478389
hazelnut,0.4,0.9032258064516128,0.8464323354478389
hazelnut,0.3857142857142857,0.9,0.8464323354478389
hazelnut,0.3714285714285714,0.896551724137931,0.8464323354478389
hazelnut,0.3571428571428571,0.8928571428571429,0.8464323354478389
hazelnut,0.3571428571428571,0.925925925925926,0.8464323354478389
hazelnut,0.3428571428571428,0.9230769230769232,0.8464323354478389
hazelnut,0.3428571428571428,0.96,0.8464323354478389
hazelnut,0.3285714285714285,0.9583333333333334,0.8464323354478389
hazelnut,0.3142857142857143,0.9565217391304348,0.8464323354478389
hazelnut,0.3,0.9545454545454546,0.8464323354478389
hazelnut,0.3,1.0,0.8464323354478389
hazelnut,0.2857142857142857,1.0,0.8464323354478389
hazelnut,0.2714285714285714,1.0,0.8464323354478389
hazelnut,0.2571428571428571,1.0,0.8464323354478389
hazelnut,0.2428571428571428,1.0,0.8464323354478389
hazelnut,0.2285714285714285,1.0,0.8464323354478389
hazelnut,0.2142857142857142,1.0,0.8464323354478389
hazelnut,0.2,1.0,0.8464323354478389
hazelnut,0.1857142857142857,1.0,0.8464323354478389
hazelnut,0.1714285714285714,1.0,0.8464323354478389
hazelnut,0.1571428571428571,1.0,0.8464323354478389
hazelnut,0.1428571428571428,1.0,0.8464323354478389
hazelnut,0.1285714285714285,1.0,0.8464323354478389
hazelnut,0.1142857142857142,1.0,0.8464323354478389
hazelnut,0.1,1.0,0.8464323354478389
hazelnut,0.0857142857142857,1.0,0.8464323354478389
hazelnut,0.0714285714285714,1.0,0.8464323354478389
hazelnut,0.0571428571428571,1.0,0.8464323354478389
hazelnut,0.0428571428571428,1.0,0.8464323354478389
hazelnut,0.0285714285714285,1.0,0.8464323354478389
hazelnut,0.0142857142857142,1.0,0.8464323354478389
hazelnut,0.0,1.0,0.8464323354478389
