Category,Split,Label,Status,File Name,Relative File Name
bottle,train,0,Normal,000.png,000.png
bottle,train,0,Normal,001.png,001.png
bottle,train,0,Normal,002.png,002.png
bottle,train,0,Normal,003.png,003.png
bottle,train,0,Normal,005.png,005.png
bottle,train,0,Normal,006.png,006.png
bottle,train,0,Normal,008.png,008.png
bottle,train,0,Normal,010.png,010.png
bottle,train,0,Normal,011.png,011.png
bottle,train,0,Normal,012.png,012.png
bottle,train,0,Normal,013.png,013.png
bottle,train,0,Normal,014.png,014.png
bottle,train,0,Normal,015.png,015.png
bottle,train,0,Normal,016.png,016.png
bottle,train,0,Normal,017.png,017.png
bottle,train,0,Normal,018.png,018.png
bottle,train,0,Normal,019.png,019.png
bottle,train,0,Normal,021.png,021.png
bottle,train,0,Normal,022.png,022.png
bottle,train,0,Normal,023.png,023.png
bottle,train,0,Normal,027.png,027.png
bottle,train,0,Normal,028.png,028.png
bottle,train,0,Normal,029.png,029.png
bottle,train,0,Normal,030.png,030.png
bottle,train,0,Normal,031.png,031.png
bottle,train,0,Normal,032.png,032.png
bottle,train,0,Normal,033.png,033.png
bottle,train,0,Normal,034.png,034.png
bottle,train,0,Normal,035.png,035.png
bottle,train,0,Normal,036.png,036.png
bottle,train,0,Normal,039.png,039.png
bottle,train,0,Normal,040.png,040.png
bottle,train,0,Normal,041.png,041.png
bottle,train,0,Normal,042.png,042.png
bottle,train,0,Normal,043.png,043.png
bottle,train,0,Normal,044.png,044.png
bottle,train,0,Normal,045.png,045.png
bottle,train,0,Normal,047.png,047.png
bottle,train,0,Normal,048.png,048.png
bottle,train,0,Normal,049.png,049.png
bottle,train,0,Normal,052.png,052.png
bottle,train,0,Normal,053.png,053.png
bottle,train,0,Normal,055.png,055.png
bottle,train,0,Normal,056.png,056.png
bottle,train,0,Normal,057.png,057.png
bottle,train,0,Normal,058.png,058.png
bottle,train,0,Normal,059.png,059.png
bottle,train,0,Normal,060.png,060.png
bottle,train,0,Normal,061.png,061.png
bottle,train,0,Normal,062.png,062.png
bottle,train,0,Normal,063.png,063.png
bottle,train,0,Normal,064.png,064.png
bottle,train,0,Normal,065.png,065.png
bottle,train,0,Normal,066.png,066.png
bottle,train,0,Normal,067.png,067.png
bottle,train,0,Normal,068.png,068.png
bottle,train,0,Normal,069.png,069.png
bottle,train,0,Normal,070.png,070.png
bottle,train,0,Normal,071.png,071.png
bottle,train,0,Normal,072.png,072.png
bottle,train,0,Normal,073.png,073.png
bottle,train,0,Normal,074.png,074.png
bottle,train,0,Normal,076.png,076.png
bottle,train,0,Normal,077.png,077.png
bottle,train,0,Normal,078.png,078.png
bottle,train,0,Normal,079.png,079.png
bottle,train,0,Normal,080.png,080.png
bottle,train,0,Normal,082.png,082.png
bottle,train,0,Normal,083.png,083.png
bottle,train,0,Normal,085.png,085.png
bottle,train,0,Normal,086.png,086.png
bottle,train,0,Normal,087.png,087.png
bottle,train,0,Normal,088.png,088.png
bottle,train,0,Normal,089.png,089.png
bottle,train,0,Normal,090.png,090.png
bottle,train,0,Normal,091.png,091.png
bottle,train,0,Normal,093.png,093.png
bottle,train,0,Normal,094.png,094.png
bottle,train,0,Normal,095.png,095.png
bottle,train,0,Normal,097.png,097.png
bottle,train,0,Normal,098.png,098.png
bottle,train,0,Normal,099.png,099.png
bottle,train,0,Normal,100.png,100.png
bottle,train,0,Normal,102.png,102.png
bottle,train,0,Normal,103.png,103.png
bottle,train,0,Normal,105.png,105.png
bottle,train,0,Normal,107.png,107.png
bottle,train,0,Normal,108.png,108.png
bottle,train,0,Normal,109.png,109.png
bottle,train,0,Normal,110.png,110.png
bottle,train,0,Normal,111.png,111.png
bottle,train,0,Normal,112.png,112.png
bottle,train,0,Normal,113.png,113.png
bottle,train,0,Normal,114.png,114.png
bottle,train,0,Normal,116.png,116.png
bottle,train,0,Normal,117.png,117.png
bottle,train,0,Normal,118.png,118.png
bottle,train,0,Normal,119.png,119.png
bottle,train,0,Normal,120.png,120.png
bottle,train,0,Normal,121.png,121.png
bottle,train,0,Normal,122.png,122.png
bottle,train,0,Normal,123.png,123.png
bottle,train,0,Normal,124.png,124.png
bottle,train,0,Normal,125.png,125.png
bottle,train,0,Normal,126.png,126.png
bottle,train,0,Normal,127.png,127.png
bottle,train,0,Normal,129.png,129.png
bottle,train,0,Normal,130.png,130.png
bottle,train,0,Normal,132.png,132.png
bottle,train,0,Normal,133.png,133.png
bottle,train,0,Normal,135.png,135.png
bottle,train,0,Normal,136.png,136.png
bottle,train,0,Normal,137.png,137.png
bottle,train,0,Normal,139.png,139.png
bottle,train,0,Normal,140.png,140.png
bottle,train,0,Normal,141.png,141.png
bottle,train,0,Normal,142.png,142.png
bottle,train,0,Normal,143.png,143.png
bottle,train,0,Normal,144.png,144.png
bottle,train,0,Normal,145.png,145.png
bottle,train,0,Normal,149.png,149.png
bottle,train,0,Normal,150.png,150.png
bottle,train,0,Normal,151.png,151.png
bottle,train,0,Normal,153.png,153.png
bottle,train,0,Normal,155.png,155.png
bottle,train,0,Normal,157.png,157.png
bottle,train,0,Normal,158.png,158.png
bottle,train,0,Normal,159.png,159.png
bottle,train,0,Normal,160.png,160.png
bottle,train,0,Normal,162.png,162.png
bottle,train,0,Normal,163.png,163.png
bottle,train,0,Normal,164.png,164.png
bottle,train,0,Normal,165.png,165.png
bottle,train,0,Normal,166.png,166.png
bottle,train,0,Normal,167.png,167.png
bottle,train,0,Normal,168.png,168.png
bottle,train,0,Normal,171.png,171.png
bottle,train,0,Normal,172.png,172.png
bottle,train,0,Normal,173.png,173.png
bottle,train,0,Normal,174.png,174.png
bottle,train,0,Normal,175.png,175.png
bottle,train,0,Normal,176.png,176.png
bottle,train,0,Normal,178.png,178.png
bottle,train,0,Normal,179.png,179.png
bottle,train,0,Normal,180.png,180.png
bottle,train,0,Normal,181.png,181.png
bottle,train,0,Normal,182.png,182.png
bottle,train,0,Normal,184.png,184.png
bottle,train,0,Normal,185.png,185.png
bottle,train,0,Normal,187.png,187.png
bottle,train,0,Normal,188.png,188.png
bottle,train,0,Normal,190.png,190.png
bottle,train,0,Normal,191.png,191.png
bottle,train,0,Normal,192.png,192.png
bottle,train,0,Normal,193.png,193.png
bottle,train,0,Normal,194.png,194.png
bottle,train,0,Normal,196.png,196.png
bottle,train,0,Normal,198.png,198.png
bottle,train,0,Normal,199.png,199.png
bottle,train,0,Normal,200.png,200.png
bottle,train,0,Normal,201.png,201.png
bottle,train,0,Normal,202.png,202.png
bottle,train,0,Normal,203.png,203.png
bottle,train,0,Normal,205.png,205.png
bottle,train,0,Normal,206.png,206.png
bottle,train,0,Normal,207.png,207.png
bottle,train,0,Normal,208.png,208.png
capsule,train,0,Normal,000.png,000.png
capsule,train,0,Normal,001.png,001.png
capsule,train,0,Normal,002.png,002.png
capsule,train,0,Normal,003.png,003.png
capsule,train,0,Normal,004.png,004.png
capsule,train,0,Normal,005.png,005.png
capsule,train,0,Normal,006.png,006.png
capsule,train,0,Normal,008.png,008.png
capsule,train,0,Normal,010.png,010.png
capsule,train,0,Normal,011.png,011.png
capsule,train,0,Normal,012.png,012.png
capsule,train,0,Normal,013.png,013.png
capsule,train,0,Normal,014.png,014.png
capsule,train,0,Normal,015.png,015.png
capsule,train,0,Normal,016.png,016.png
capsule,train,0,Normal,017.png,017.png
capsule,train,0,Normal,018.png,018.png
capsule,train,0,Normal,019.png,019.png
capsule,train,0,Normal,021.png,021.png
capsule,train,0,Normal,022.png,022.png
capsule,train,0,Normal,023.png,023.png
capsule,train,0,Normal,027.png,027.png
capsule,train,0,Normal,028.png,028.png
capsule,train,0,Normal,029.png,029.png
capsule,train,0,Normal,030.png,030.png
capsule,train,0,Normal,031.png,031.png
capsule,train,0,Normal,032.png,032.png
capsule,train,0,Normal,033.png,033.png
capsule,train,0,Normal,034.png,034.png
capsule,train,0,Normal,035.png,035.png
capsule,train,0,Normal,036.png,036.png
capsule,train,0,Normal,039.png,039.png
capsule,train,0,Normal,040.png,040.png
capsule,train,0,Normal,041.png,041.png
capsule,train,0,Normal,042.png,042.png
capsule,train,0,Normal,043.png,043.png
capsule,train,0,Normal,044.png,044.png
capsule,train,0,Normal,045.png,045.png
capsule,train,0,Normal,047.png,047.png
capsule,train,0,Normal,048.png,048.png
capsule,train,0,Normal,049.png,049.png
capsule,train,0,Normal,051.png,051.png
capsule,train,0,Normal,052.png,052.png
capsule,train,0,Normal,053.png,053.png
capsule,train,0,Normal,055.png,055.png
capsule,train,0,Normal,056.png,056.png
capsule,train,0,Normal,057.png,057.png
capsule,train,0,Normal,058.png,058.png
capsule,train,0,Normal,059.png,059.png
capsule,train,0,Normal,060.png,060.png
capsule,train,0,Normal,061.png,061.png
capsule,train,0,Normal,062.png,062.png
capsule,train,0,Normal,063.png,063.png
capsule,train,0,Normal,064.png,064.png
capsule,train,0,Normal,065.png,065.png
capsule,train,0,Normal,066.png,066.png
capsule,train,0,Normal,068.png,068.png
capsule,train,0,Normal,069.png,069.png
capsule,train,0,Normal,071.png,071.png
capsule,train,0,Normal,072.png,072.png
capsule,train,0,Normal,073.png,073.png
capsule,train,0,Normal,074.png,074.png
capsule,train,0,Normal,075.png,075.png
capsule,train,0,Normal,076.png,076.png
capsule,train,0,Normal,077.png,077.png
capsule,train,0,Normal,078.png,078.png
capsule,train,0,Normal,080.png,080.png
capsule,train,0,Normal,081.png,081.png
capsule,train,0,Normal,082.png,082.png
capsule,train,0,Normal,083.png,083.png
capsule,train,0,Normal,085.png,085.png
capsule,train,0,Normal,087.png,087.png
capsule,train,0,Normal,088.png,088.png
capsule,train,0,Normal,090.png,090.png
capsule,train,0,Normal,092.png,092.png
capsule,train,0,Normal,093.png,093.png
capsule,train,0,Normal,095.png,095.png
capsule,train,0,Normal,097.png,097.png
capsule,train,0,Normal,098.png,098.png
capsule,train,0,Normal,099.png,099.png
capsule,train,0,Normal,100.png,100.png
capsule,train,0,Normal,101.png,101.png
capsule,train,0,Normal,102.png,102.png
capsule,train,0,Normal,103.png,103.png
capsule,train,0,Normal,105.png,105.png
capsule,train,0,Normal,106.png,106.png
capsule,train,0,Normal,108.png,108.png
capsule,train,0,Normal,109.png,109.png
capsule,train,0,Normal,110.png,110.png
capsule,train,0,Normal,111.png,111.png
capsule,train,0,Normal,113.png,113.png
capsule,train,0,Normal,114.png,114.png
capsule,train,0,Normal,115.png,115.png
capsule,train,0,Normal,116.png,116.png
capsule,train,0,Normal,117.png,117.png
capsule,train,0,Normal,119.png,119.png
capsule,train,0,Normal,120.png,120.png
capsule,train,0,Normal,121.png,121.png
capsule,train,0,Normal,122.png,122.png
capsule,train,0,Normal,123.png,123.png
capsule,train,0,Normal,124.png,124.png
capsule,train,0,Normal,125.png,125.png
capsule,train,0,Normal,127.png,127.png
capsule,train,0,Normal,129.png,129.png
capsule,train,0,Normal,131.png,131.png
capsule,train,0,Normal,132.png,132.png
capsule,train,0,Normal,133.png,133.png
capsule,train,0,Normal,134.png,134.png
capsule,train,0,Normal,135.png,135.png
capsule,train,0,Normal,136.png,136.png
capsule,train,0,Normal,137.png,137.png
capsule,train,0,Normal,138.png,138.png
capsule,train,0,Normal,139.png,139.png
capsule,train,0,Normal,140.png,140.png
capsule,train,0,Normal,141.png,141.png
capsule,train,0,Normal,142.png,142.png
capsule,train,0,Normal,143.png,143.png
capsule,train,0,Normal,144.png,144.png
capsule,train,0,Normal,145.png,145.png
capsule,train,0,Normal,146.png,146.png
capsule,train,0,Normal,147.png,147.png
capsule,train,0,Normal,149.png,149.png
capsule,train,0,Normal,150.png,150.png
capsule,train,0,Normal,152.png,152.png
capsule,train,0,Normal,153.png,153.png
capsule,train,0,Normal,154.png,154.png
capsule,train,0,Normal,156.png,156.png
capsule,train,0,Normal,157.png,157.png
capsule,train,0,Normal,158.png,158.png
capsule,train,0,Normal,159.png,159.png
capsule,train,0,Normal,160.png,160.png
capsule,train,0,Normal,162.png,162.png
capsule,train,0,Normal,163.png,163.png
capsule,train,0,Normal,164.png,164.png
capsule,train,0,Normal,166.png,166.png
capsule,train,0,Normal,167.png,167.png
capsule,train,0,Normal,168.png,168.png
capsule,train,0,Normal,169.png,169.png
capsule,train,0,Normal,171.png,171.png
capsule,train,0,Normal,172.png,172.png
capsule,train,0,Normal,173.png,173.png
capsule,train,0,Normal,174.png,174.png
capsule,train,0,Normal,175.png,175.png
capsule,train,0,Normal,176.png,176.png
capsule,train,0,Normal,180.png,180.png
capsule,train,0,Normal,181.png,181.png
capsule,train,0,Normal,182.png,182.png
capsule,train,0,Normal,183.png,183.png
capsule,train,0,Normal,184.png,184.png
capsule,train,0,Normal,185.png,185.png
capsule,train,0,Normal,186.png,186.png
capsule,train,0,Normal,187.png,187.png
capsule,train,0,Normal,188.png,188.png
capsule,train,0,Normal,189.png,189.png
capsule,train,0,Normal,190.png,190.png
capsule,train,0,Normal,191.png,191.png
capsule,train,0,Normal,193.png,193.png
capsule,train,0,Normal,194.png,194.png
capsule,train,0,Normal,195.png,195.png
capsule,train,0,Normal,198.png,198.png
capsule,train,0,Normal,199.png,199.png
capsule,train,0,Normal,200.png,200.png
capsule,train,0,Normal,201.png,201.png
capsule,train,0,Normal,202.png,202.png
capsule,train,0,Normal,203.png,203.png
capsule,train,0,Normal,204.png,204.png
capsule,train,0,Normal,205.png,205.png
capsule,train,0,Normal,209.png,209.png
capsule,train,0,Normal,210.png,210.png
capsule,train,0,Normal,211.png,211.png
capsule,train,0,Normal,212.png,212.png
capsule,train,0,Normal,213.png,213.png
capsule,train,0,Normal,216.png,216.png
capsule,train,0,Normal,217.png,217.png
capsule,train,0,Normal,218.png,218.png
hazelnut,train,0,Normal,001.png,001.png
hazelnut,train,0,Normal,003.png,003.png
hazelnut,train,0,Normal,004.png,004.png
hazelnut,train,0,Normal,005.png,005.png
hazelnut,train,0,Normal,006.png,006.png
hazelnut,train,0,Normal,007.png,007.png
hazelnut,train,0,Normal,009.png,009.png
hazelnut,train,0,Normal,010.png,010.png
hazelnut,train,0,Normal,011.png,011.png
hazelnut,train,0,Normal,012.png,012.png
hazelnut,train,0,Normal,013.png,013.png
hazelnut,train,0,Normal,014.png,014.png
hazelnut,train,0,Normal,015.png,015.png
hazelnut,train,0,Normal,016.png,016.png
hazelnut,train,0,Normal,017.png,017.png
hazelnut,train,0,Normal,018.png,018.png
hazelnut,train,0,Normal,019.png,019.png
hazelnut,train,0,Normal,020.png,020.png
hazelnut,train,0,Normal,021.png,021.png
hazelnut,train,0,Normal,022.png,022.png
hazelnut,train,0,Normal,023.png,023.png
hazelnut,train,0,Normal,025.png,025.png
hazelnut,train,0,Normal,027.png,027.png
hazelnut,train,0,Normal,028.png,028.png
hazelnut,train,0,Normal,029.png,029.png
hazelnut,train,0,Normal,030.png,030.png
hazelnut,train,0,Normal,031.png,031.png
hazelnut,train,0,Normal,032.png,032.png
hazelnut,train,0,Normal,033.png,033.png
hazelnut,train,0,Normal,034.png,034.png
hazelnut,train,0,Normal,035.png,035.png
hazelnut,train,0,Normal,036.png,036.png
hazelnut,train,0,Normal,037.png,037.png
hazelnut,train,0,Normal,038.png,038.png
hazelnut,train,0,Normal,039.png,039.png
hazelnut,train,0,Normal,040.png,040.png
hazelnut,train,0,Normal,041.png,041.png
hazelnut,train,0,Normal,042.png,042.png
hazelnut,train,0,Normal,043.png,043.png
hazelnut,train,0,Normal,044.png,044.png
hazelnut,train,0,Normal,047.png,047.png
hazelnut,train,0,Normal,048.png,048.png
hazelnut,train,0,Normal,049.png,049.png
hazelnut,train,0,Normal,052.png,052.png
hazelnut,train,0,Normal,054.png,054.png
hazelnut,train,0,Normal,056.png,056.png
hazelnut,train,0,Normal,057.png,057.png
hazelnut,train,0,Normal,059.png,059.png
hazelnut,train,0,Normal,060.png,060.png
hazelnut,train,0,Normal,062.png,062.png
hazelnut,train,0,Normal,063.png,063.png
hazelnut,train,0,Normal,065.png,065.png
hazelnut,train,0,Normal,066.png,066.png
hazelnut,train,0,Normal,067.png,067.png
hazelnut,train,0,Normal,069.png,069.png
hazelnut,train,0,Normal,070.png,070.png
hazelnut,train,0,Normal,071.png,071.png
hazelnut,train,0,Normal,072.png,072.png
hazelnut,train,0,Normal,073.png,073.png
hazelnut,train,0,Normal,074.png,074.png
hazelnut,train,0,Normal,075.png,075.png
hazelnut,train,0,Normal,076.png,076.png
hazelnut,train,0,Normal,078.png,078.png
hazelnut,train,0,Normal,079.png,079.png
hazelnut,train,0,Normal,081.png,081.png
hazelnut,train,0,Normal,082.png,082.png
hazelnut,train,0,Normal,083.png,083.png
hazelnut,train,0,Normal,084.png,084.png
hazelnut,train,0,Normal,085.png,085.png
hazelnut,train,0,Normal,087.png,087.png
hazelnut,train,0,Normal,088.png,088.png
hazelnut,train,0,Normal,089.png,089.png
hazelnut,train,0,Normal,090.png,090.png
hazelnut,train,0,Normal,091.png,091.png
hazelnut,train,0,Normal,092.png,092.png
hazelnut,train,0,Normal,093.png,093.png
hazelnut,train,0,Normal,094.png,094.png
hazelnut,train,0,Normal,095.png,095.png
hazelnut,train,0,Normal,096.png,096.png
hazelnut,train,0,Normal,097.png,097.png
hazelnut,train,0,Normal,098.png,098.png
hazelnut,train,0,Normal,099.png,099.png
hazelnut,train,0,Normal,100.png,100.png
hazelnut,train,0,Normal,101.png,101.png
hazelnut,train,0,Normal,102.png,102.png
hazelnut,train,0,Normal,103.png,103.png
hazelnut,train,0,Normal,104.png,104.png
hazelnut,train,0,Normal,105.png,105.png
hazelnut,train,0,Normal,106.png,106.png
hazelnut,train,0,Normal,108.png,108.png
hazelnut,train,0,Normal,109.png,109.png
hazelnut,train,0,Normal,110.png,110.png
hazelnut,train,0,Normal,111.png,111.png
hazelnut,train,0,Normal,112.png,112.png
hazelnut,train,0,Normal,113.png,113.png
hazelnut,train,0,Normal,114.png,114.png
hazelnut,train,0,Normal,116.png,116.png
hazelnut,train,0,Normal,117.png,117.png
hazelnut,train,0,Normal,119.png,119.png
hazelnut,train,0,Normal,120.png,120.png
hazelnut,train,0,Normal,121.png,121.png
hazelnut,train,0,Normal,122.png,122.png
hazelnut,train,0,Normal,123.png,123.png
hazelnut,train,0,Normal,124.png,124.png
hazelnut,train,0,Normal,125.png,125.png
hazelnut,train,0,Normal,126.png,126.png
hazelnut,train,0,Normal,128.png,128.png
hazelnut,train,0,Normal,129.png,129.png
hazelnut,train,0,Normal,130.png,130.png
hazelnut,train,0,Normal,134.png,134.png
hazelnut,train,0,Normal,135.png,135.png
hazelnut,train,0,Normal,136.png,136.png
hazelnut,train,0,Normal,137.png,137.png
hazelnut,train,0,Normal,139.png,139.png
hazelnut,train,0,Normal,141.png,141.png
hazelnut,train,0,Normal,142.png,142.png
hazelnut,train,0,Normal,144.png,144.png
hazelnut,train,0,Normal,145.png,145.png
hazelnut,train,0,Normal,146.png,146.png
hazelnut,train,0,Normal,149.png,149.png
hazelnut,train,0,Normal,151.png,151.png
hazelnut,train,0,Normal,153.png,153.png
hazelnut,train,0,Normal,154.png,154.png
hazelnut,train,0,Normal,155.png,155.png
hazelnut,train,0,Normal,156.png,156.png
hazelnut,train,0,Normal,157.png,157.png
hazelnut,train,0,Normal,158.png,158.png
hazelnut,train,0,Normal,159.png,159.png
hazelnut,train,0,Normal,160.png,160.png
hazelnut,train,0,Normal,161.png,161.png
hazelnut,train,0,Normal,162.png,162.png
hazelnut,train,0,Normal,163.png,163.png
hazelnut,train,0,Normal,165.png,165.png
hazelnut,train,0,Normal,167.png,167.png
hazelnut,train,0,Normal,168.png,168.png
hazelnut,train,0,Normal,169.png,169.png
hazelnut,train,0,Normal,170.png,170.png
hazelnut,train,0,Normal,172.png,172.png
hazelnut,train,0,Normal,173.png,173.png
hazelnut,train,0,Normal,175.png,175.png
hazelnut,train,0,Normal,177.png,177.png
hazelnut,train,0,Normal,178.png,178.png
hazelnut,train,0,Normal,179.png,179.png
hazelnut,train,0,Normal,180.png,180.png
hazelnut,train,0,Normal,181.png,181.png
hazelnut,train,0,Normal,182.png,182.png
hazelnut,train,0,Normal,183.png,183.png
hazelnut,train,0,Normal,184.png,184.png
hazelnut,train,0,Normal,186.png,186.png
hazelnut,train,0,Normal,187.png,187.png
hazelnut,train,0,Normal,188.png,188.png
hazelnut,train,0,Normal,189.png,189.png
hazelnut,train,0,Normal,190.png,190.png
hazelnut,train,0,Normal,192.png,192.png
hazelnut,train,0,Normal,194.png,194.png
hazelnut,train,0,Normal,195.png,195.png
hazelnut,train,0,Normal,197.png,197.png
hazelnut,train,0,Normal,199.png,199.png
hazelnut,train,0,Normal,200.png,200.png
hazelnut,train,0,Normal,201.png,201.png
hazelnut,train,0,Normal,202.png,202.png
hazelnut,train,0,Normal,203.png,203.png
hazelnut,train,0,Normal,204.png,204.png
hazelnut,train,0,Normal,205.png,205.png
hazelnut,train,0,Normal,206.png,206.png
hazelnut,train,0,Normal,207.png,207.png
hazelnut,train,0,Normal,208.png,208.png
hazelnut,train,0,Normal,209.png,209.png
hazelnut,train,0,Normal,210.png,210.png
hazelnut,train,0,Normal,212.png,212.png
hazelnut,train,0,Normal,213.png,213.png
hazelnut,train,0,Normal,214.png,214.png
hazelnut,train,0,Normal,215.png,215.png
hazelnut,train,0,Normal,216.png,216.png
hazelnut,train,0,Normal,217.png,217.png
hazelnut,train,0,Normal,218.png,218.png
hazelnut,train,0,Normal,220.png,220.png
hazelnut,train,0,Normal,221.png,221.png
hazelnut,train,0,Normal,222.png,222.png
hazelnut,train,0,Normal,223.png,223.png
hazelnut,train,0,Normal,224.png,224.png
hazelnut,train,0,Normal,225.png,225.png
hazelnut,train,0,Normal,227.png,227.png
hazelnut,train,0,Normal,229.png,229.png
hazelnut,train,0,Normal,232.png,232.png
hazelnut,train,0,Normal,233.png,233.png
hazelnut,train,0,Normal,234.png,234.png
hazelnut,train,0,Normal,235.png,235.png
hazelnut,train,0,Normal,237.png,237.png
hazelnut,train,0,Normal,239.png,239.png
hazelnut,train,0,Normal,240.png,240.png
hazelnut,train,0,Normal,241.png,241.png
hazelnut,train,0,Normal,242.png,242.png
hazelnut,train,0,Normal,243.png,243.png
hazelnut,train,0,Normal,245.png,245.png
hazelnut,train,0,Normal,246.png,246.png
hazelnut,train,0,Normal,247.png,247.png
hazelnut,train,0,Normal,249.png,249.png
hazelnut,train,0,Normal,250.png,250.png
hazelnut,train,0,Normal,251.png,251.png
hazelnut,train,0,Normal,254.png,254.png
hazelnut,train,0,Normal,255.png,255.png
hazelnut,train,0,Normal,256.png,256.png
hazelnut,train,0,Normal,257.png,257.png
hazelnut,train,0,Normal,258.png,258.png
hazelnut,train,0,Normal,259.png,259.png
hazelnut,train,0,Normal,260.png,260.png
hazelnut,train,0,Normal,262.png,262.png
hazelnut,train,0,Normal,264.png,264.png
hazelnut,train,0,Normal,265.png,265.png
hazelnut,train,0,Normal,266.png,266.png
hazelnut,train,0,Normal,267.png,267.png
hazelnut,train,0,Normal,269.png,269.png
hazelnut,train,0,Normal,270.png,270.png
hazelnut,train,0,Normal,271.png,271.png
hazelnut,train,0,Normal,272.png,272.png
hazelnut,train,0,Normal,273.png,273.png
hazelnut,train,0,Normal,274.png,274.png
hazelnut,train,0,Normal,275.png,275.png
hazelnut,train,0,Normal,276.png,276.png
hazelnut,train,0,Normal,277.png,277.png
hazelnut,train,0,Normal,278.png,278.png
hazelnut,train,0,Normal,279.png,279.png
hazelnut,train,0,Normal,281.png,281.png
hazelnut,train,0,Normal,282.png,282.png
hazelnut,train,0,Normal,283.png,283.png
hazelnut,train,0,Normal,284.png,284.png
hazelnut,train,0,Normal,286.png,286.png
hazelnut,train,0,Normal,287.png,287.png
hazelnut,train,0,Normal,289.png,289.png
hazelnut,train,0,Normal,290.png,290.png
hazelnut,train,0,Normal,291.png,291.png
hazelnut,train,0,Normal,294.png,294.png
hazelnut,train,0,Normal,295.png,295.png
hazelnut,train,0,Normal,296.png,296.png
hazelnut,train,0,Normal,297.png,297.png
hazelnut,train,0,Normal,299.png,299.png
hazelnut,train,0,Normal,300.png,300.png
hazelnut,train,0,Normal,301.png,301.png
hazelnut,train,0,Normal,303.png,303.png
hazelnut,train,0,Normal,304.png,304.png
hazelnut,train,0,Normal,305.png,305.png
hazelnut,train,0,Normal,306.png,306.png
hazelnut,train,0,Normal,307.png,307.png
hazelnut,train,0,Normal,309.png,309.png
hazelnut,train,0,Normal,311.png,311.png
hazelnut,train,0,Normal,312.png,312.png
hazelnut,train,0,Normal,313.png,313.png
hazelnut,train,0,Normal,314.png,314.png
hazelnut,train,0,Normal,315.png,315.png
hazelnut,train,0,Normal,316.png,316.png
hazelnut,train,0,Normal,317.png,317.png
hazelnut,train,0,Normal,319.png,319.png
hazelnut,train,0,Normal,320.png,320.png
hazelnut,train,0,Normal,321.png,321.png
hazelnut,train,0,Normal,322.png,322.png
hazelnut,train,0,Normal,323.png,323.png
hazelnut,train,0,Normal,324.png,324.png
hazelnut,train,0,Normal,325.png,325.png
hazelnut,train,0,Normal,326.png,326.png
hazelnut,train,0,Normal,327.png,327.png
hazelnut,train,0,Normal,328.png,328.png
hazelnut,train,0,Normal,330.png,330.png
hazelnut,train,0,Normal,331.png,331.png
hazelnut,train,0,Normal,332.png,332.png
hazelnut,train,0,Normal,333.png,333.png
hazelnut,train,0,Normal,335.png,335.png
hazelnut,train,0,Normal,336.png,336.png
hazelnut,train,0,Normal,337.png,337.png
hazelnut,train,0,Normal,338.png,338.png
hazelnut,train,0,Normal,340.png,340.png
hazelnut,train,0,Normal,341.png,341.png
hazelnut,train,0,Normal,342.png,342.png
hazelnut,train,0,Normal,343.png,343.png
hazelnut,train,0,Normal,345.png,345.png
hazelnut,train,0,Normal,346.png,346.png
hazelnut,train,0,Normal,348.png,348.png
hazelnut,train,0,Normal,350.png,350.png
hazelnut,train,0,Normal,351.png,351.png
hazelnut,train,0,Normal,352.png,352.png
hazelnut,train,0,Normal,353.png,353.png
hazelnut,train,0,Normal,354.png,354.png
hazelnut,train,0,Normal,355.png,355.png
hazelnut,train,0,Normal,356.png,356.png
hazelnut,train,0,Normal,357.png,357.png
hazelnut,train,0,Normal,359.png,359.png
hazelnut,train,0,Normal,360.png,360.png
hazelnut,train,0,Normal,361.png,361.png
hazelnut,train,0,Normal,362.png,362.png
hazelnut,train,0,Normal,363.png,363.png
hazelnut,train,0,Normal,364.png,364.png
hazelnut,train,0,Normal,365.png,365.png
hazelnut,train,0,Normal,366.png,366.png
hazelnut,train,0,Normal,367.png,367.png
hazelnut,train,0,Normal,368.png,368.png
hazelnut,train,0,Normal,370.png,370.png
hazelnut,train,0,Normal,372.png,372.png
hazelnut,train,0,Normal,373.png,373.png
hazelnut,train,0,Normal,375.png,375.png
hazelnut,train,0,Normal,376.png,376.png
hazelnut,train,0,Normal,377.png,377.png
hazelnut,train,0,Normal,378.png,378.png
hazelnut,train,0,Normal,379.png,379.png
hazelnut,train,0,Normal,381.png,381.png
hazelnut,train,0,Normal,382.png,382.png
hazelnut,train,0,Normal,383.png,383.png
hazelnut,train,0,Normal,384.png,384.png
hazelnut,train,0,Normal,385.png,385.png
hazelnut,train,0,Normal,386.png,386.png
hazelnut,train,0,Normal,387.png,387.png
hazelnut,train,0,Normal,388.png,388.png
hazelnut,train,0,Normal,389.png,389.png
hazelnut,train,0,Normal,390.png,390.png
metal_nut,train,0,Normal,000.png,000.png
metal_nut,train,0,Normal,001.png,001.png
metal_nut,train,0,Normal,002.png,002.png
metal_nut,train,0,Normal,003.png,003.png
metal_nut,train,0,Normal,004.png,004.png
metal_nut,train,0,Normal,005.png,005.png
metal_nut,train,0,Normal,006.png,006.png
metal_nut,train,0,Normal,008.png,008.png
metal_nut,train,0,Normal,010.png,010.png
metal_nut,train,0,Normal,011.png,011.png
metal_nut,train,0,Normal,012.png,012.png
metal_nut,train,0,Normal,013.png,013.png
metal_nut,train,0,Normal,014.png,014.png
metal_nut,train,0,Normal,015.png,015.png
metal_nut,train,0,Normal,016.png,016.png
metal_nut,train,0,Normal,017.png,017.png
metal_nut,train,0,Normal,018.png,018.png
metal_nut,train,0,Normal,019.png,019.png
metal_nut,train,0,Normal,021.png,021.png
metal_nut,train,0,Normal,022.png,022.png
metal_nut,train,0,Normal,023.png,023.png
metal_nut,train,0,Normal,027.png,027.png
metal_nut,train,0,Normal,028.png,028.png
metal_nut,train,0,Normal,029.png,029.png
metal_nut,train,0,Normal,030.png,030.png
metal_nut,train,0,Normal,031.png,031.png
metal_nut,train,0,Normal,032.png,032.png
metal_nut,train,0,Normal,033.png,033.png
metal_nut,train,0,Normal,034.png,034.png
metal_nut,train,0,Normal,035.png,035.png
metal_nut,train,0,Normal,036.png,036.png
metal_nut,train,0,Normal,039.png,039.png
metal_nut,train,0,Normal,040.png,040.png
metal_nut,train,0,Normal,041.png,041.png
metal_nut,train,0,Normal,042.png,042.png
metal_nut,train,0,Normal,043.png,043.png
metal_nut,train,0,Normal,044.png,044.png
metal_nut,train,0,Normal,045.png,045.png
metal_nut,train,0,Normal,047.png,047.png
metal_nut,train,0,Normal,048.png,048.png
metal_nut,train,0,Normal,049.png,049.png
metal_nut,train,0,Normal,051.png,051.png
metal_nut,train,0,Normal,052.png,052.png
metal_nut,train,0,Normal,053.png,053.png
metal_nut,train,0,Normal,055.png,055.png
metal_nut,train,0,Normal,056.png,056.png
metal_nut,train,0,Normal,057.png,057.png
metal_nut,train,0,Normal,058.png,058.png
metal_nut,train,0,Normal,059.png,059.png
metal_nut,train,0,Normal,060.png,060.png
metal_nut,train,0,Normal,061.png,061.png
metal_nut,train,0,Normal,062.png,062.png
metal_nut,train,0,Normal,063.png,063.png
metal_nut,train,0,Normal,064.png,064.png
metal_nut,train,0,Normal,065.png,065.png
metal_nut,train,0,Normal,066.png,066.png
metal_nut,train,0,Normal,068.png,068.png
metal_nut,train,0,Normal,069.png,069.png
metal_nut,train,0,Normal,071.png,071.png
metal_nut,train,0,Normal,072.png,072.png
metal_nut,train,0,Normal,073.png,073.png
metal_nut,train,0,Normal,074.png,074.png
metal_nut,train,0,Normal,076.png,076.png
metal_nut,train,0,Normal,077.png,077.png
metal_nut,train,0,Normal,078.png,078.png
metal_nut,train,0,Normal,081.png,081.png
metal_nut,train,0,Normal,082.png,082.png
metal_nut,train,0,Normal,083.png,083.png
metal_nut,train,0,Normal,085.png,085.png
metal_nut,train,0,Normal,087.png,087.png
metal_nut,train,0,Normal,088.png,088.png
metal_nut,train,0,Normal,089.png,089.png
metal_nut,train,0,Normal,090.png,090.png
metal_nut,train,0,Normal,092.png,092.png
metal_nut,train,0,Normal,093.png,093.png
metal_nut,train,0,Normal,094.png,094.png
metal_nut,train,0,Normal,096.png,096.png
metal_nut,train,0,Normal,097.png,097.png
metal_nut,train,0,Normal,099.png,099.png
metal_nut,train,0,Normal,100.png,100.png
metal_nut,train,0,Normal,101.png,101.png
metal_nut,train,0,Normal,102.png,102.png
metal_nut,train,0,Normal,103.png,103.png
metal_nut,train,0,Normal,105.png,105.png
metal_nut,train,0,Normal,106.png,106.png
metal_nut,train,0,Normal,107.png,107.png
metal_nut,train,0,Normal,108.png,108.png
metal_nut,train,0,Normal,109.png,109.png
metal_nut,train,0,Normal,110.png,110.png
metal_nut,train,0,Normal,111.png,111.png
metal_nut,train,0,Normal,112.png,112.png
metal_nut,train,0,Normal,113.png,113.png
metal_nut,train,0,Normal,114.png,114.png
metal_nut,train,0,Normal,116.png,116.png
metal_nut,train,0,Normal,117.png,117.png
metal_nut,train,0,Normal,119.png,119.png
metal_nut,train,0,Normal,120.png,120.png
metal_nut,train,0,Normal,121.png,121.png
metal_nut,train,0,Normal,122.png,122.png
metal_nut,train,0,Normal,123.png,123.png
metal_nut,train,0,Normal,124.png,124.png
metal_nut,train,0,Normal,125.png,125.png
metal_nut,train,0,Normal,126.png,126.png
metal_nut,train,0,Normal,128.png,128.png
metal_nut,train,0,Normal,129.png,129.png
metal_nut,train,0,Normal,132.png,132.png
metal_nut,train,0,Normal,133.png,133.png
metal_nut,train,0,Normal,134.png,134.png
metal_nut,train,0,Normal,135.png,135.png
metal_nut,train,0,Normal,136.png,136.png
metal_nut,train,0,Normal,137.png,137.png
metal_nut,train,0,Normal,138.png,138.png
metal_nut,train,0,Normal,139.png,139.png
metal_nut,train,0,Normal,140.png,140.png
metal_nut,train,0,Normal,141.png,141.png
metal_nut,train,0,Normal,142.png,142.png
metal_nut,train,0,Normal,143.png,143.png
metal_nut,train,0,Normal,144.png,144.png
metal_nut,train,0,Normal,145.png,145.png
metal_nut,train,0,Normal,146.png,146.png
metal_nut,train,0,Normal,148.png,148.png
metal_nut,train,0,Normal,149.png,149.png
metal_nut,train,0,Normal,150.png,150.png
metal_nut,train,0,Normal,151.png,151.png
metal_nut,train,0,Normal,153.png,153.png
metal_nut,train,0,Normal,154.png,154.png
metal_nut,train,0,Normal,155.png,155.png
metal_nut,train,0,Normal,156.png,156.png
metal_nut,train,0,Normal,157.png,157.png
metal_nut,train,0,Normal,158.png,158.png
metal_nut,train,0,Normal,159.png,159.png
metal_nut,train,0,Normal,160.png,160.png
metal_nut,train,0,Normal,163.png,163.png
metal_nut,train,0,Normal,164.png,164.png
metal_nut,train,0,Normal,168.png,168.png
metal_nut,train,0,Normal,169.png,169.png
metal_nut,train,0,Normal,172.png,172.png
metal_nut,train,0,Normal,173.png,173.png
metal_nut,train,0,Normal,174.png,174.png
metal_nut,train,0,Normal,175.png,175.png
metal_nut,train,0,Normal,176.png,176.png
metal_nut,train,0,Normal,177.png,177.png
metal_nut,train,0,Normal,178.png,178.png
metal_nut,train,0,Normal,181.png,181.png
metal_nut,train,0,Normal,182.png,182.png
metal_nut,train,0,Normal,183.png,183.png
metal_nut,train,0,Normal,184.png,184.png
metal_nut,train,0,Normal,185.png,185.png
metal_nut,train,0,Normal,186.png,186.png
metal_nut,train,0,Normal,187.png,187.png
metal_nut,train,0,Normal,188.png,188.png
metal_nut,train,0,Normal,189.png,189.png
metal_nut,train,0,Normal,190.png,190.png
metal_nut,train,0,Normal,191.png,191.png
metal_nut,train,0,Normal,192.png,192.png
metal_nut,train,0,Normal,193.png,193.png
metal_nut,train,0,Normal,194.png,194.png
metal_nut,train,0,Normal,195.png,195.png
metal_nut,train,0,Normal,196.png,196.png
metal_nut,train,0,Normal,198.png,198.png
metal_nut,train,0,Normal,199.png,199.png
metal_nut,train,0,Normal,200.png,200.png
metal_nut,train,0,Normal,201.png,201.png
metal_nut,train,0,Normal,202.png,202.png
metal_nut,train,0,Normal,203.png,203.png
metal_nut,train,0,Normal,204.png,204.png
metal_nut,train,0,Normal,205.png,205.png
metal_nut,train,0,Normal,206.png,206.png
metal_nut,train,0,Normal,209.png,209.png
metal_nut,train,0,Normal,210.png,210.png
metal_nut,train,0,Normal,211.png,211.png
metal_nut,train,0,Normal,212.png,212.png
metal_nut,train,0,Normal,213.png,213.png
metal_nut,train,0,Normal,214.png,214.png
metal_nut,train,0,Normal,218.png,218.png
metal_nut,train,0,Normal,219.png,219.png
screw,train,0,Normal,001.png,001.png
screw,train,0,Normal,004.png,004.png
screw,train,0,Normal,005.png,005.png
screw,train,0,Normal,006.png,006.png
screw,train,0,Normal,007.png,007.png
screw,train,0,Normal,008.png,008.png
screw,train,0,Normal,009.png,009.png
screw,train,0,Normal,010.png,010.png
screw,train,0,Normal,011.png,011.png
screw,train,0,Normal,013.png,013.png
screw,train,0,Normal,014.png,014.png
screw,train,0,Normal,015.png,015.png
screw,train,0,Normal,016.png,016.png
screw,train,0,Normal,017.png,017.png
screw,train,0,Normal,018.png,018.png
screw,train,0,Normal,020.png,020.png
screw,train,0,Normal,021.png,021.png
screw,train,0,Normal,022.png,022.png
screw,train,0,Normal,023.png,023.png
screw,train,0,Normal,025.png,025.png
screw,train,0,Normal,027.png,027.png
screw,train,0,Normal,028.png,028.png
screw,train,0,Normal,030.png,030.png
screw,train,0,Normal,031.png,031.png
screw,train,0,Normal,032.png,032.png
screw,train,0,Normal,034.png,034.png
screw,train,0,Normal,035.png,035.png
screw,train,0,Normal,036.png,036.png
screw,train,0,Normal,037.png,037.png
screw,train,0,Normal,039.png,039.png
screw,train,0,Normal,040.png,040.png
screw,train,0,Normal,041.png,041.png
screw,train,0,Normal,042.png,042.png
screw,train,0,Normal,043.png,043.png
screw,train,0,Normal,044.png,044.png
screw,train,0,Normal,045.png,045.png
screw,train,0,Normal,047.png,047.png
screw,train,0,Normal,048.png,048.png
screw,train,0,Normal,049.png,049.png
screw,train,0,Normal,052.png,052.png
screw,train,0,Normal,053.png,053.png
screw,train,0,Normal,054.png,054.png
screw,train,0,Normal,055.png,055.png
screw,train,0,Normal,057.png,057.png
screw,train,0,Normal,058.png,058.png
screw,train,0,Normal,059.png,059.png
screw,train,0,Normal,060.png,060.png
screw,train,0,Normal,062.png,062.png
screw,train,0,Normal,063.png,063.png
screw,train,0,Normal,065.png,065.png
screw,train,0,Normal,066.png,066.png
screw,train,0,Normal,067.png,067.png
screw,train,0,Normal,069.png,069.png
screw,train,0,Normal,070.png,070.png
screw,train,0,Normal,071.png,071.png
screw,train,0,Normal,072.png,072.png
screw,train,0,Normal,073.png,073.png
screw,train,0,Normal,074.png,074.png
screw,train,0,Normal,076.png,076.png
screw,train,0,Normal,077.png,077.png
screw,train,0,Normal,078.png,078.png
screw,train,0,Normal,079.png,079.png
screw,train,0,Normal,081.png,081.png
screw,train,0,Normal,083.png,083.png
screw,train,0,Normal,084.png,084.png
screw,train,0,Normal,085.png,085.png
screw,train,0,Normal,086.png,086.png
screw,train,0,Normal,087.png,087.png
screw,train,0,Normal,088.png,088.png
screw,train,0,Normal,090.png,090.png
screw,train,0,Normal,091.png,091.png
screw,train,0,Normal,092.png,092.png
screw,train,0,Normal,093.png,093.png
screw,train,0,Normal,094.png,094.png
screw,train,0,Normal,095.png,095.png
screw,train,0,Normal,096.png,096.png
screw,train,0,Normal,097.png,097.png
screw,train,0,Normal,098.png,098.png
screw,train,0,Normal,099.png,099.png
screw,train,0,Normal,101.png,101.png
screw,train,0,Normal,102.png,102.png
screw,train,0,Normal,103.png,103.png
screw,train,0,Normal,104.png,104.png
screw,train,0,Normal,105.png,105.png
screw,train,0,Normal,106.png,106.png
screw,train,0,Normal,107.png,107.png
screw,train,0,Normal,108.png,108.png
screw,train,0,Normal,109.png,109.png
screw,train,0,Normal,110.png,110.png
screw,train,0,Normal,111.png,111.png
screw,train,0,Normal,112.png,112.png
screw,train,0,Normal,113.png,113.png
screw,train,0,Normal,114.png,114.png
screw,train,0,Normal,115.png,115.png
screw,train,0,Normal,116.png,116.png
screw,train,0,Normal,117.png,117.png
screw,train,0,Normal,118.png,118.png
screw,train,0,Normal,119.png,119.png
screw,train,0,Normal,120.png,120.png
screw,train,0,Normal,121.png,121.png
screw,train,0,Normal,122.png,122.png
screw,train,0,Normal,123.png,123.png
screw,train,0,Normal,124.png,124.png
screw,train,0,Normal,125.png,125.png
screw,train,0,Normal,126.png,126.png
screw,train,0,Normal,127.png,127.png
screw,train,0,Normal,128.png,128.png
screw,train,0,Normal,129.png,129.png
screw,train,0,Normal,130.png,130.png
screw,train,0,Normal,131.png,131.png
screw,train,0,Normal,133.png,133.png
screw,train,0,Normal,134.png,134.png
screw,train,0,Normal,135.png,135.png
screw,train,0,Normal,136.png,136.png
screw,train,0,Normal,137.png,137.png
screw,train,0,Normal,139.png,139.png
screw,train,0,Normal,140.png,140.png
screw,train,0,Normal,141.png,141.png
screw,train,0,Normal,142.png,142.png
screw,train,0,Normal,143.png,143.png
screw,train,0,Normal,144.png,144.png
screw,train,0,Normal,145.png,145.png
screw,train,0,Normal,146.png,146.png
screw,train,0,Normal,147.png,147.png
screw,train,0,Normal,148.png,148.png
screw,train,0,Normal,149.png,149.png
screw,train,0,Normal,151.png,151.png
screw,train,0,Normal,152.png,152.png
screw,train,0,Normal,154.png,154.png
screw,train,0,Normal,155.png,155.png
screw,train,0,Normal,157.png,157.png
screw,train,0,Normal,158.png,158.png
screw,train,0,Normal,160.png,160.png
screw,train,0,Normal,162.png,162.png
screw,train,0,Normal,163.png,163.png
screw,train,0,Normal,164.png,164.png
screw,train,0,Normal,165.png,165.png
screw,train,0,Normal,166.png,166.png
screw,train,0,Normal,167.png,167.png
screw,train,0,Normal,168.png,168.png
screw,train,0,Normal,170.png,170.png
screw,train,0,Normal,171.png,171.png
screw,train,0,Normal,172.png,172.png
screw,train,0,Normal,174.png,174.png
screw,train,0,Normal,175.png,175.png
screw,train,0,Normal,176.png,176.png
screw,train,0,Normal,177.png,177.png
screw,train,0,Normal,179.png,179.png
screw,train,0,Normal,182.png,182.png
screw,train,0,Normal,183.png,183.png
screw,train,0,Normal,184.png,184.png
screw,train,0,Normal,185.png,185.png
screw,train,0,Normal,186.png,186.png
screw,train,0,Normal,187.png,187.png
screw,train,0,Normal,188.png,188.png
screw,train,0,Normal,189.png,189.png
screw,train,0,Normal,190.png,190.png
screw,train,0,Normal,191.png,191.png
screw,train,0,Normal,193.png,193.png
screw,train,0,Normal,194.png,194.png
screw,train,0,Normal,195.png,195.png
screw,train,0,Normal,196.png,196.png
screw,train,0,Normal,198.png,198.png
screw,train,0,Normal,199.png,199.png
screw,train,0,Normal,200.png,200.png
screw,train,0,Normal,201.png,201.png
screw,train,0,Normal,203.png,203.png
screw,train,0,Normal,204.png,204.png
screw,train,0,Normal,205.png,205.png
screw,train,0,Normal,206.png,206.png
screw,train,0,Normal,208.png,208.png
screw,train,0,Normal,209.png,209.png
screw,train,0,Normal,210.png,210.png
screw,train,0,Normal,211.png,211.png
screw,train,0,Normal,212.png,212.png
screw,train,0,Normal,213.png,213.png
screw,train,0,Normal,215.png,215.png
screw,train,0,Normal,216.png,216.png
screw,train,0,Normal,218.png,218.png
screw,train,0,Normal,219.png,219.png
screw,train,0,Normal,220.png,220.png
screw,train,0,Normal,221.png,221.png
screw,train,0,Normal,223.png,223.png
screw,train,0,Normal,224.png,224.png
screw,train,0,Normal,225.png,225.png
screw,train,0,Normal,228.png,228.png
screw,train,0,Normal,230.png,230.png
screw,train,0,Normal,231.png,231.png
screw,train,0,Normal,232.png,232.png
screw,train,0,Normal,233.png,233.png
screw,train,0,Normal,234.png,234.png
screw,train,0,Normal,236.png,236.png
screw,train,0,Normal,237.png,237.png
screw,train,0,Normal,238.png,238.png
screw,train,0,Normal,239.png,239.png
screw,train,0,Normal,240.png,240.png
screw,train,0,Normal,241.png,241.png
screw,train,0,Normal,242.png,242.png
screw,train,0,Normal,243.png,243.png
screw,train,0,Normal,244.png,244.png
screw,train,0,Normal,245.png,245.png
screw,train,0,Normal,246.png,246.png
screw,train,0,Normal,247.png,247.png
screw,train,0,Normal,250.png,250.png
screw,train,0,Normal,251.png,251.png
screw,train,0,Normal,252.png,252.png
screw,train,0,Normal,255.png,255.png
screw,train,0,Normal,257.png,257.png
screw,train,0,Normal,258.png,258.png
screw,train,0,Normal,259.png,259.png
screw,train,0,Normal,260.png,260.png
screw,train,0,Normal,261.png,261.png
screw,train,0,Normal,263.png,263.png
screw,train,0,Normal,264.png,264.png
screw,train,0,Normal,265.png,265.png
screw,train,0,Normal,267.png,267.png
screw,train,0,Normal,268.png,268.png
screw,train,0,Normal,269.png,269.png
screw,train,0,Normal,271.png,271.png
screw,train,0,Normal,272.png,272.png
screw,train,0,Normal,273.png,273.png
screw,train,0,Normal,274.png,274.png
screw,train,0,Normal,275.png,275.png
screw,train,0,Normal,276.png,276.png
screw,train,0,Normal,277.png,277.png
screw,train,0,Normal,278.png,278.png
screw,train,0,Normal,279.png,279.png
screw,train,0,Normal,281.png,281.png
screw,train,0,Normal,283.png,283.png
screw,train,0,Normal,285.png,285.png
screw,train,0,Normal,286.png,286.png
screw,train,0,Normal,287.png,287.png
screw,train,0,Normal,289.png,289.png
screw,train,0,Normal,290.png,290.png
screw,train,0,Normal,291.png,291.png
screw,train,0,Normal,292.png,292.png
screw,train,0,Normal,294.png,294.png
screw,train,0,Normal,295.png,295.png
screw,train,0,Normal,296.png,296.png
screw,train,0,Normal,297.png,297.png
screw,train,0,Normal,298.png,298.png
screw,train,0,Normal,299.png,299.png
screw,train,0,Normal,300.png,300.png
screw,train,0,Normal,301.png,301.png
screw,train,0,Normal,303.png,303.png
screw,train,0,Normal,304.png,304.png
screw,train,0,Normal,306.png,306.png
screw,train,0,Normal,307.png,307.png
screw,train,0,Normal,308.png,308.png
screw,train,0,Normal,309.png,309.png
screw,train,0,Normal,310.png,310.png
screw,train,0,Normal,312.png,312.png
screw,train,0,Normal,313.png,313.png
screw,train,0,Normal,314.png,314.png
screw,train,0,Normal,315.png,315.png
screw,train,0,Normal,316.png,316.png
