Category,True Class,Mean MSE,Mean MAE,Mean Maximum Absolute Error
bottle,Defective,0.1044537919381308,0.303953755942602,0.6602296072339254
bottle,Normal,0.1050008539110422,0.3046235248446464,0.6681476414203644
capsule,Defective,0.0598385677151723,0.1871819829722063,0.61049555802564
capsule,Normal,0.060341206419727,0.1860815746628719,0.6185456799424213
hazelnut,Defective,0.0055802536596144,0.0542744201208863,0.5469068101474217
hazelnut,Normal,0.0042520833783783,0.0491763718426227,0.3369320154190063
metal_nut,Defective,0.0161262596006034,0.111683024514106,0.6540630200216847
metal_nut,Normal,0.0183693841523067,0.1184052936732769,0.6757125529375944
screw,Defective,0.0210890064814261,0.0925203394614347,0.6537783711898226
screw,Normal,0.0255465500238465,0.1011790008079714,0.67399804621208
