Category,Case,File,Defect Type,True Class,Prediction,Reconstruction Error,Threshold,Normalized Anomaly Score
screw,normal_low,034.png,good,Normal,Normal,0.0212217327207326,0.0247877840138971,0.8561367449722331
screw,normal_high,007.png,good,Normal,Defective,0.030047707259655,0.0247877840138971,1.2121982038736847
screw,defective_low,015.png,thread_top,Defective,Normal,0.0174447186291217,0.0247877840138971,0.7037627332617333
screw,defective_high,020.png,manipulated_front,Defective,Defective,0.0274445805698633,0.0247877840138971,1.107181688951163
screw,false_positive,000.png,good,Normal,Defective,0.0260382741689682,0.0247877840138971,1.0504478397250006
screw,false_negative,001.png,manipulated_front,Defective,Normal,0.0237382408231496,0.0247877840138971,0.9576588536450424
bottle,normal_low,013.png,good,Normal,Normal,0.1017068997025489,0.1075413331389427,0.9457470605385216
bottle,normal_high,009.png,good,Normal,Normal,0.1068608239293098,0.1075413331389427,0.9936721148067444
bottle,defective_low,012.png,contamination,Defective,Normal,0.0932576283812522,0.1075413331389427,0.8671793966024581
bottle,defective_high,003.png,broken_large,Defective,Defective,0.108396828174591,0.1075413331389427,1.0079550346892487
bottle,false_negative,000.png,broken_large,Defective,Normal,0.1037416458129882,0.1075413331389427,0.9646676564717188
capsule,normal_low,014.png,good,Normal,Normal,0.0548539161682128,0.0663820374011993,0.8263367367995522
capsule,normal_high,007.png,good,Normal,Normal,0.0657417699694633,0.0663820374011993,0.9903548089693852
capsule,defective_low,009.png,squeeze,Defective,Normal,0.0522468574345111,0.0663820374011993,0.7870631797385481
capsule,defective_high,001.png,squeeze,Defective,Defective,0.0679777860641479,0.0663820374011993,1.0240388624004448
capsule,false_negative,000.png,crack,Defective,Normal,0.0613975040614604,0.0663820374011993,0.924911413766749
metal_nut,normal_low,016.png,good,Normal,Normal,0.0141422143206,0.0263522500544786,0.5366605998107749
metal_nut,normal_high,012.png,good,Normal,Normal,0.0236482229083776,0.0263522500544786,0.8973891360126405
metal_nut,defective_low,017.png,flip,Defective,Normal,0.0113842822611331,0.0263522500544786,0.4320041832328621
metal_nut,defective_high,010.png,color,Defective,Normal,0.0229517817497253,0.0263522500544786,0.8709609882373068
metal_nut,false_negative,000.png,bent,Defective,Normal,0.0157421734184026,0.0263522500544786,0.5973749257030613
hazelnut,normal_low,027.png,good,Normal,Normal,0.0033021413255482,0.0084260333608835,0.391897490090404
hazelnut,normal_high,028.png,good,Normal,Normal,0.0060882680118083,0.0084260333608835,0.7225544631798076
hazelnut,defective_low,007.png,cut,Defective,Normal,0.0033108042553067,0.0084260333608835,0.3929256049087769
hazelnut,defective_high,008.png,print,Defective,Defective,0.0109366066753864,0.0084260333608835,1.297954352537665
hazelnut,false_negative,000.png,crack,Defective,Normal,0.0072228959761559,0.0084260333608835,0.8572118892487472
