Category,False Positive Rate,True Positive Rate,Threshold,ROC-AUC
bottle,0.0,0.0,inf,0.4833333333333333
bottle,0.0,0.0158730158730158,0.108396828174591,0.4833333333333333
bottle,0.0,0.1111111111111111,0.1069827899336814,0.4833333333333333
bottle,0.05,0.1111111111111111,0.1068608239293098,0.4833333333333333
bottle,0.05,0.1587301587301587,0.106489360332489,0.4833333333333333
bottle,0.1,0.1587301587301587,0.1063109040260315,0.4833333333333333
bottle,0.1,0.1904761904761904,0.1062150225043296,0.4833333333333333
bottle,0.15,0.1904761904761904,0.1061995849013328,0.4833333333333333
bottle,0.15,0.2857142857142857,0.1059778705239296,0.4833333333333333
bottle,0.25,0.2857142857142857,0.1059653759002685,0.4833333333333333
bottle,0.25,0.3174603174603174,0.1058927550911903,0.4833333333333333
bottle,0.35,0.3174603174603174,0.1058493256568908,0.4833333333333333
bottle,0.35,0.4285714285714285,0.1056230291724205,0.4833333333333333
bottle,0.4,0.4285714285714285,0.1055391803383827,0.4833333333333333
bottle,0.4,0.5238095238095238,0.1050690412521362,0.4833333333333333
bottle,0.5,0.5238095238095238,0.1050322875380516,0.4833333333333333
bottle,0.5,0.5555555555555556,0.1049798429012298,0.4833333333333333
bottle,0.55,0.5555555555555556,0.1049776449799537,0.4833333333333333
bottle,0.55,0.6031746031746031,0.1048275530338287,0.4833333333333333
bottle,0.7,0.6031746031746031,0.1045421957969665,0.4833333333333333
bottle,0.7,0.6349206349206349,0.104475200176239,0.4833333333333333
bottle,0.85,0.6349206349206349,0.1042448654770851,0.4833333333333333
bottle,0.85,0.6825396825396826,0.1039214208722114,0.4833333333333333
bottle,0.95,0.6825396825396826,0.1038835644721984,0.4833333333333333
bottle,0.95,0.8888888888888888,0.1024527624249458,0.4833333333333333
bottle,1.0,0.8888888888888888,0.1017068997025489,0.4833333333333333
bottle,1.0,1.0,0.0932576283812522,0.4833333333333333
capsule,0.0,0.0,inf,0.4878340646190666
capsule,0.0,0.0091743119266055,0.0679777860641479,0.4878340646190666
capsule,0.0,0.018348623853211,0.0674816593527793,0.4878340646190666
capsule,0.0434782608695652,0.018348623853211,0.0657417699694633,0.4878340646190666
capsule,0.0434782608695652,0.036697247706422,0.0649253204464912,0.4878340646190666
capsule,0.1304347826086956,0.036697247706422,0.0639889016747474,0.4878340646190666
capsule,0.1304347826086956,0.2477064220183486,0.0622632354497909,0.4878340646190666
capsule,0.1739130434782608,0.2477064220183486,0.0622065551578998,0.4878340646190666
capsule,0.1739130434782608,0.2660550458715596,0.0621724985539913,0.4878340646190666
capsule,0.217391304347826,0.2660550458715596,0.0621513612568378,0.4878340646190666
capsule,0.217391304347826,0.3853211009174312,0.0617759339511394,0.4878340646190666
capsule,0.2608695652173913,0.3853211009174312,0.0617629848420619,0.4878340646190666
capsule,0.2608695652173913,0.3944954128440367,0.0617550909519195,0.4878340646190666
capsule,0.3043478260869565,0.3944954128440367,0.0617193579673767,0.4878340646190666
capsule,0.3043478260869565,0.4128440366972477,0.0616148822009563,0.4878340646190666
capsule,0.3478260869565217,0.4128440366972477,0.0615608394145965,0.4878340646190666
capsule,0.3478260869565217,0.4220183486238532,0.0615528039634227,0.4878340646190666
capsule,0.391304347826087,0.4220183486238532,0.0615422539412975,0.4878340646190666
capsule,0.391304347826087,0.4862385321100917,0.0613106489181518,0.4878340646190666
capsule,0.5217391304347826,0.4862385321100917,0.0611072294414043,0.4878340646190666
capsule,0.5217391304347826,0.4954128440366973,0.0610633492469787,0.4878340646190666
capsule,0.5652173913043478,0.4954128440366973,0.0610476732254028,0.4878340646190666
capsule,0.5652173913043478,0.5137614678899083,0.0606933832168579,0.4878340646190666
capsule,0.6956521739130435,0.5137614678899083,0.0598185695707798,0.4878340646190666
capsule,0.6956521739130435,0.5504587155963303,0.0594522394239902,0.4878340646190666
capsule,0.7391304347826086,0.5504587155963303,0.0593847930431366,0.4878340646190666
capsule,0.7391304347826086,0.7155963302752294,0.0579368472099304,0.4878340646190666
capsule,0.782608695652174,0.7155963302752294,0.0579050667583942,0.4878340646190666
capsule,0.782608695652174,0.7614678899082569,0.057380486279726,0.4878340646190666
capsule,0.8260869565217391,0.7614678899082569,0.0573217011988163,0.4878340646190666
capsule,0.8260869565217391,0.8073394495412844,0.0569046027958393,0.4878340646190666
capsule,0.8695652173913043,0.8073394495412844,0.0568358302116394,0.4878340646190666
capsule,0.8695652173913043,0.8165137614678899,0.0568061135709285,0.4878340646190666
capsule,0.9130434782608696,0.8165137614678899,0.0568055659532547,0.4878340646190666
capsule,0.9130434782608696,0.9174311926605504,0.0556187517940998,0.4878340646190666
capsule,0.9565217391304348,0.9174311926605504,0.0555394180119037,0.4878340646190666
capsule,0.9565217391304348,0.9357798165137616,0.0549254827201366,0.4878340646190666
capsule,1.0,0.9357798165137616,0.0548539161682128,0.4878340646190666
capsule,1.0,1.0,0.0522468574345111,0.4878340646190666
hazelnut,0.0,0.0,inf,0.7407142857142858
hazelnut,0.0,0.0142857142857142,0.0109366066753864,0.7407142857142858
hazelnut,0.0,0.3,0.0063072703778743,0.7407142857142858
hazelnut,0.025,0.3,0.0060882680118083,0.7407142857142858
hazelnut,0.025,0.3571428571428571,0.0053358636796474,0.7407142857142858
hazelnut,0.075,0.3571428571428571,0.0051978747360408,0.7407142857142858
hazelnut,0.075,0.4857142857142857,0.0048675681464374,0.7407142857142858
hazelnut,0.15,0.4857142857142857,0.0048069371841847,0.7407142857142858
hazelnut,0.15,0.5285714285714286,0.0047647007741034,0.7407142857142858
hazelnut,0.225,0.5285714285714286,0.0046960157342255,0.7407142857142858
hazelnut,0.225,0.5428571428571428,0.0046837166883051,0.7407142857142858
hazelnut,0.25,0.5428571428571428,0.004669967573136,0.7407142857142858
hazelnut,0.25,0.6428571428571429,0.0045119640417397,0.7407142857142858
hazelnut,0.3,0.6428571428571429,0.0044763605110347,0.7407142857142858
hazelnut,0.3,0.6714285714285714,0.004460132215172,0.7407142857142858
hazelnut,0.325,0.6714285714285714,0.0044573647901415,0.7407142857142858
hazelnut,0.325,0.6857142857142857,0.0044564618729054,0.7407142857142858
hazelnut,0.425,0.6857142857142857,0.0043884585611522,0.7407142857142858
hazelnut,0.425,0.7714285714285715,0.0043232305906713,0.7407142857142858
hazelnut,0.5,0.7714285714285715,0.0042932396754622,0.7407142857142858
hazelnut,0.5,0.8,0.0042679379694163,0.7407142857142858
hazelnut,0.525,0.8,0.0042618415318429,0.7407142857142858
hazelnut,0.525,0.8142857142857143,0.0042588552460074,0.7407142857142858
hazelnut,0.55,0.8142857142857143,0.0042059035040438,0.7407142857142858
hazelnut,0.55,0.8285714285714286,0.0041609848849475,0.7407142857142858
hazelnut,0.675,0.8285714285714286,0.0040627936832606,0.7407142857142858
hazelnut,0.675,0.8571428571428571,0.0040187765844166,0.7407142857142858
hazelnut,0.7,0.8571428571428571,0.0040123420767486,0.7407142857142858
hazelnut,0.7,0.8714285714285714,0.0039984174072742,0.7407142857142858
hazelnut,0.725,0.8714285714285714,0.0039822021499276,0.7407142857142858
hazelnut,0.725,0.9,0.0039480030536651,0.7407142857142858
hazelnut,0.775,0.9,0.0037827279884368,0.7407142857142858
hazelnut,0.775,0.9142857142857144,0.0037626114208251,0.7407142857142858
hazelnut,0.8,0.9142857142857144,0.0037472520489245,0.7407142857142858
hazelnut,0.8,0.9428571428571428,0.0037285170983523,0.7407142857142858
hazelnut,0.825,0.9428571428571428,0.0037055716384202,0.7407142857142858
hazelnut,0.825,0.9571428571428572,0.0036320660728961,0.7407142857142858
hazelnut,0.85,0.9571428571428572,0.0036166987847536,0.7407142857142858
hazelnut,0.85,0.9714285714285714,0.0036098056007176,0.7407142857142858
hazelnut,0.875,0.9714285714285714,0.003578996984288,0.7407142857142858
hazelnut,0.875,0.9857142857142858,0.0035115331411361,0.7407142857142858
hazelnut,0.975,0.9857142857142858,0.0033263789955526,0.7407142857142858
hazelnut,0.975,1.0,0.0033108042553067,0.7407142857142858
hazelnut,1.0,1.0,0.0033021413255482,0.7407142857142858
metal_nut,0.0,0.0,inf,0.2258064516129032
metal_nut,0.0454545454545454,0.0,0.0236482229083776,0.2258064516129032
metal_nut,0.0454545454545454,0.010752688172043,0.0229517817497253,0.2258064516129032
metal_nut,0.1818181818181818,0.010752688172043,0.0214009657502174,0.2258064516129032
metal_nut,0.1818181818181818,0.021505376344086,0.0207624342292547,0.2258064516129032
metal_nut,0.2727272727272727,0.021505376344086,0.0198919717222452,0.2258064516129032
metal_nut,0.2727272727272727,0.032258064516129,0.0197281185537576,0.2258064516129032
metal_nut,0.3181818181818182,0.032258064516129,0.0196419283747673,0.2258064516129032
metal_nut,0.3181818181818182,0.043010752688172,0.0195101387798786,0.2258064516129032
metal_nut,0.4545454545454545,0.043010752688172,0.0190573036670684,0.2258064516129032
metal_nut,0.4545454545454545,0.0967741935483871,0.0180362965911626,0.2258064516129032
metal_nut,0.5,0.0967741935483871,0.017961248755455,0.2258064516129032
metal_nut,0.5,0.1397849462365591,0.0175026450306177,0.2258064516129032
metal_nut,0.5454545454545454,0.1397849462365591,0.0174445360898971,0.2258064516129032
metal_nut,0.5454545454545454,0.2258064516129032,0.0171309951692819,0.2258064516129032
metal_nut,0.5909090909090909,0.2258064516129032,0.0171066019684076,0.2258064516129032
metal_nut,0.5909090909090909,0.2580645161290322,0.0170112531632184,0.2258064516129032
metal_nut,0.6818181818181818,0.2580645161290322,0.0169078540056943,0.2258064516129032
metal_nut,0.6818181818181818,0.2688172043010752,0.0168784018605947,0.2258064516129032
metal_nut,0.7727272727272727,0.2688172043010752,0.0167300216853618,0.2258064516129032
metal_nut,0.7727272727272727,0.5268817204301075,0.015946777537465,0.2258064516129032
metal_nut,0.8636363636363636,0.5268817204301075,0.0159462336450815,0.2258064516129032
metal_nut,0.8636363636363636,0.6129032258064516,0.0157421734184026,0.2258064516129032
metal_nut,0.9090909090909092,0.6129032258064516,0.0157303120940923,0.2258064516129032
metal_nut,0.9090909090909092,0.6236559139784946,0.0157215241342782,0.2258064516129032
metal_nut,0.9545454545454546,0.6236559139784946,0.015717726200819,0.2258064516129032
metal_nut,0.9545454545454546,0.9247311827956988,0.0145609704777598,0.2258064516129032
metal_nut,1.0,0.9247311827956988,0.0141422143206,0.2258064516129032
metal_nut,1.0,1.0,0.0113842822611331,0.2258064516129032
screw,0.0,0.0,inf,0.0485755277720844
screw,0.024390243902439,0.0,0.030047707259655,0.0485755277720844
screw,0.1219512195121951,0.0,0.0276107247918844,0.0485755277720844
screw,0.1219512195121951,0.0084033613445378,0.0274445805698633,0.0485755277720844
screw,0.5121951219512195,0.0084033613445378,0.0255352314561605,0.0485755277720844
screw,0.5121951219512195,0.0168067226890756,0.0254744458943605,0.0485755277720844
screw,0.5365853658536586,0.0168067226890756,0.0254094209522008,0.0485755277720844
screw,0.5365853658536586,0.0252100840336134,0.0253569930791854,0.0485755277720844
screw,0.6097560975609756,0.0252100840336134,0.0252753738313913,0.0485755277720844
screw,0.6097560975609756,0.042016806722689,0.0251630488783121,0.0485755277720844
screw,0.6341463414634146,0.042016806722689,0.0250250715762376,0.0485755277720844
screw,0.6341463414634146,0.0504201680672268,0.0249435473233461,0.0485755277720844
screw,0.7560975609756098,0.0504201680672268,0.0247141141444444,0.0485755277720844
screw,0.7560975609756098,0.0588235294117647,0.0244664903730154,0.0485755277720844
screw,0.7804878048780488,0.0588235294117647,0.0244630370289087,0.0485755277720844
screw,0.7804878048780488,0.0840336134453781,0.0239584241062402,0.0485755277720844
screw,0.8292682926829268,0.0840336134453781,0.0239290092140436,0.0485755277720844
screw,0.8292682926829268,0.1092436974789916,0.0237382408231496,0.0485755277720844
screw,0.902439024390244,0.1092436974789916,0.0231870133429765,0.0485755277720844
screw,0.902439024390244,0.134453781512605,0.0229410100728273,0.0485755277720844
screw,0.926829268292683,0.134453781512605,0.0229087602347135,0.0485755277720844
screw,0.926829268292683,0.1428571428571428,0.0228824019432067,0.0485755277720844
screw,0.951219512195122,0.1428571428571428,0.0228470582515001,0.0485755277720844
screw,0.951219512195122,0.1764705882352941,0.0225527938455343,0.0485755277720844
screw,0.975609756097561,0.1764705882352941,0.0224434416741132,0.0485755277720844
screw,0.975609756097561,0.4621848739495798,0.0212242249399423,0.0485755277720844
screw,1.0,0.4621848739495798,0.0212217327207326,0.0485755277720844
screw,1.0,1.0,0.0174447186291217,0.0485755277720844
