Category,Class,Mean Margin,Median Margin,Minimum Margin,Maximum Margin
bottle,Defective,-0.0030875412008119,-0.0024409100413322,-0.0142837047576904,0.0008554950356483
bottle,Normal,-0.0025404792279005,-0.00253636687994,-0.0058344334363937,-0.0006805092096328
capsule,Defective,-0.0065434696860269,-0.005551563501358,-0.0141351799666881,0.0015957486629486
capsule,Normal,-0.0060408309814722,-0.005274807959795,-0.0115281212329864,-0.0006402674317359
hazelnut,Defective,-0.002845779701269,-0.0036562112439423,-0.0051152291055768,0.0025105733145028
hazelnut,Normal,-0.0041739499825052,-0.0041484927572309,-0.0051238920353353,-0.0023377653490751
metal_nut,Defective,-0.0102259904538751,-0.0103340233117341,-0.0149679677933454,-0.0034004683047533
metal_nut,Normal,-0.0079828659021718,-0.0086493576318025,-0.0122100357338786,-0.0027040271461009
screw,Defective,-0.003698777532471,-0.003772704321891,-0.0073430653847754,0.0026567965559661
screw,Normal,0.0007587660099493,0.0007474474422633,-0.0035660512931644,0.0052599232457578
