Category,Threshold Method,Threshold,Accuracy,Precision,Recall,F1-Score
bottle,P95,0.1073099598288536,0.2650602409638554,1.0,0.0317460317460317,0.0615384615384615
bottle,P99,0.1075413331389427,0.2650602409638554,1.0,0.0317460317460317,0.0615384615384615
bottle,Mean + 3Std,0.1100063375247046,0.2409638554216867,0.0,0.0,0.0
bottle,IQR Fence,0.1091202050447464,0.2409638554216867,0.0,0.0,0.0
capsule,P95,0.0660164326429367,0.1893939393939394,1.0,0.018348623853211,0.036036036036036
capsule,P99,0.0663820374011993,0.1893939393939394,1.0,0.018348623853211,0.036036036036036
capsule,Mean + 3Std,0.0700805560779898,0.1742424242424242,0.0,0.0,0.0
capsule,IQR Fence,0.0668320683762431,0.1893939393939394,1.0,0.018348623853211,0.036036036036036
hazelnut,P95,0.0074299892410635,0.4636363636363636,1.0,0.1571428571428571,0.2716049382716049
hazelnut,P99,0.0084260333608835,0.4454545454545454,1.0,0.1285714285714285,0.2278481012658227
hazelnut,Mean + 3Std,0.0084285597569648,0.4454545454545454,1.0,0.1285714285714285,0.2278481012658227
hazelnut,IQR Fence,0.0065106816473416,0.5363636363636364,1.0,0.2714285714285714,0.4269662921348314
metal_nut,P95,0.0251411853358149,0.1913043478260869,0.0,0.0,0.0
metal_nut,P99,0.0263522500544786,0.1913043478260869,0.0,0.0,0.0
metal_nut,Mean + 3Std,0.0282790690936043,0.1913043478260869,0.0,0.0,0.0
metal_nut,IQR Fence,0.0227998369373381,0.1913043478260869,0.5,0.010752688172043,0.0210526315789473
screw,P95,0.0247250974178314,0.10625,0.1666666666666666,0.0504201680672268,0.0774193548387096
screw,P99,0.0247877840138971,0.125,0.1818181818181818,0.0504201680672268,0.0789473684210526
screw,Mean + 3Std,0.0281362836908255,0.23125,0.0,0.0,0.0
screw,IQR Fence,0.0283656858373433,0.23125,0.0,0.0,0.0
