Category,Defect Type,Filename,TP,FP,FN,TN,IoU,Dice,Precision,Recall,Pixel Accuracy,Predicted Coverage,Ground Truth Coverage
screw,manipulated_front,000.png,0,0,65,16319,0.0,0.0,0.0,0.0,0.99603271484375,0.0,0.00396728515625
screw,manipulated_front,001.png,0,0,44,16340,0.0,0.0,0.0,0.0,0.997314453125,0.0,0.002685546875
screw,manipulated_front,002.png,0,0,37,16347,0.0,0.0,0.0,0.0,0.99774169921875,0.0,0.00225830078125
screw,manipulated_front,003.png,0,0,78,16306,0.0,0.0,0.0,0.0,0.9952392578125,0.0,0.0047607421875
screw,manipulated_front,004.png,0,0,35,16349,0.0,0.0,0.0,0.0,0.99786376953125,0.0,0.00213623046875
screw,manipulated_front,005.png,0,0,51,16333,0.0,0.0,0.0,0.0,0.99688720703125,0.0,0.00311279296875
screw,manipulated_front,006.png,0,0,56,16328,0.0,0.0,0.0,0.0,0.99658203125,0.0,0.00341796875
screw,manipulated_front,007.png,0,0,79,16305,0.0,0.0,0.0,0.0,0.99517822265625,0.0,0.00482177734375
screw,manipulated_front,008.png,0,0,62,16322,0.0,0.0,0.0,0.0,0.9962158203125,0.0,0.0037841796875
screw,manipulated_front,009.png,0,0,106,16278,0.0,0.0,0.0,0.0,0.9935302734375,0.0,0.0064697265625
screw,manipulated_front,010.png,0,0,58,16326,0.0,0.0,0.0,0.0,0.9964599609375,0.0,0.0035400390625
screw,manipulated_front,011.png,0,0,47,16337,0.0,0.0,0.0,0.0,0.99713134765625,0.0,0.00286865234375
screw,manipulated_front,012.png,0,0,27,16357,0.0,0.0,0.0,0.0,0.99835205078125,0.0,0.00164794921875
screw,manipulated_front,013.png,0,0,48,16336,0.0,0.0,0.0,0.0,0.9970703125,0.0,0.0029296875
screw,manipulated_front,014.png,0,0,50,16334,0.0,0.0,0.0,0.0,0.9969482421875,0.0,0.0030517578125
screw,manipulated_front,015.png,0,0,75,16309,0.0,0.0,0.0,0.0,0.99542236328125,0.0,0.00457763671875
screw,manipulated_front,016.png,0,0,104,16280,0.0,0.0,0.0,0.0,0.99365234375,0.0,0.00634765625
screw,manipulated_front,017.png,0,15,24,16345,0.0,0.0,0.0,0.0,0.99761962890625,0.00091552734375,0.00146484375
screw,manipulated_front,018.png,0,0,42,16342,0.0,0.0,0.0,0.0,0.9974365234375,0.0,0.0025634765625
screw,manipulated_front,019.png,0,0,28,16356,0.0,0.0,0.0,0.0,0.998291015625,0.0,0.001708984375
screw,manipulated_front,020.png,0,0,21,16363,0.0,0.0,0.0,0.0,0.99871826171875,0.0,0.00128173828125
screw,manipulated_front,021.png,0,12,24,16348,0.0,0.0,0.0,0.0,0.997802734375,0.000732421875,0.00146484375
screw,manipulated_front,022.png,0,0,24,16360,0.0,0.0,0.0,0.0,0.99853515625,0.0,0.00146484375
screw,manipulated_front,023.png,0,0,42,16342,0.0,0.0,0.0,0.0,0.9974365234375,0.0,0.0025634765625
screw,scratch_head,000.png,0,0,44,16340,0.0,0.0,0.0,0.0,0.997314453125,0.0,0.002685546875
screw,scratch_head,001.png,0,0,48,16336,0.0,0.0,0.0,0.0,0.9970703125,0.0,0.0029296875
screw,scratch_head,002.png,0,0,46,16338,0.0,0.0,0.0,0.0,0.9971923828125,0.0,0.0028076171875
screw,scratch_head,003.png,0,0,28,16356,0.0,0.0,0.0,0.0,0.998291015625,0.0,0.001708984375
screw,scratch_head,004.png,0,0,46,16338,0.0,0.0,0.0,0.0,0.9971923828125,0.0,0.0028076171875
screw,scratch_head,005.png,0,0,21,16363,0.0,0.0,0.0,0.0,0.99871826171875,0.0,0.00128173828125
screw,scratch_head,006.png,0,0,41,16343,0.0,0.0,0.0,0.0,0.99749755859375,0.0,0.00250244140625
screw,scratch_head,007.png,0,0,44,16340,0.0,0.0,0.0,0.0,0.997314453125,0.0,0.002685546875
screw,scratch_head,008.png,0,0,47,16337,0.0,0.0,0.0,0.0,0.99713134765625,0.0,0.00286865234375
screw,scratch_head,009.png,0,0,53,16331,0.0,0.0,0.0,0.0,0.99676513671875,0.0,0.00323486328125
screw,scratch_head,010.png,0,74,32,16278,0.0,0.0,0.0,0.0,0.9935302734375,0.0045166015625,0.001953125
screw,scratch_head,011.png,0,0,43,16341,0.0,0.0,0.0,0.0,0.99737548828125,0.0,0.00262451171875
screw,scratch_head,012.png,0,0,57,16327,0.0,0.0,0.0,0.0,0.99652099609375,0.0,0.00347900390625
screw,scratch_head,013.png,0,0,32,16352,0.0,0.0,0.0,0.0,0.998046875,0.0,0.001953125
screw,scratch_head,014.png,0,0,39,16345,0.0,0.0,0.0,0.0,0.99761962890625,0.0,0.00238037109375
screw,scratch_head,015.png,0,0,56,16328,0.0,0.0,0.0,0.0,0.99658203125,0.0,0.00341796875
screw,scratch_head,016.png,0,0,33,16351,0.0,0.0,0.0,0.0,0.99798583984375,0.0,0.00201416015625
screw,scratch_head,017.png,0,0,40,16344,0.0,0.0,0.0,0.0,0.99755859375,0.0,0.00244140625
screw,scratch_head,018.png,0,0,60,16324,0.0,0.0,0.0,0.0,0.996337890625,0.0,0.003662109375
screw,scratch_head,019.png,0,0,41,16343,0.0,0.0,0.0,0.0,0.99749755859375,0.0,0.00250244140625
screw,scratch_head,020.png,0,0,39,16345,0.0,0.0,0.0,0.0,0.99761962890625,0.0,0.00238037109375
screw,scratch_head,021.png,0,0,32,16352,0.0,0.0,0.0,0.0,0.998046875,0.0,0.001953125
screw,scratch_head,022.png,0,0,22,16362,0.0,0.0,0.0,0.0,0.9986572265625,0.0,0.0013427734375
screw,scratch_head,023.png,0,0,37,16347,0.0,0.0,0.0,0.0,0.99774169921875,0.0,0.00225830078125
screw,scratch_neck,000.png,0,0,44,16340,0.0,0.0,0.0,0.0,0.997314453125,0.0,0.002685546875
screw,scratch_neck,001.png,0,0,117,16267,0.0,0.0,0.0,0.0,0.99285888671875,0.0,0.00714111328125
screw,scratch_neck,002.png,0,0,46,16338,0.0,0.0,0.0,0.0,0.9971923828125,0.0,0.0028076171875
screw,scratch_neck,003.png,0,0,41,16343,0.0,0.0,0.0,0.0,0.99749755859375,0.0,0.00250244140625
screw,scratch_neck,004.png,0,0,61,16323,0.0,0.0,0.0,0.0,0.99627685546875,0.0,0.00372314453125
screw,scratch_neck,005.png,0,0,34,16350,0.0,0.0,0.0,0.0,0.9979248046875,0.0,0.0020751953125
screw,scratch_neck,006.png,0,0,73,16311,0.0,0.0,0.0,0.0,0.99554443359375,0.0,0.00445556640625
screw,scratch_neck,007.png,0,0,46,16338,0.0,0.0,0.0,0.0,0.9971923828125,0.0,0.0028076171875
screw,scratch_neck,008.png,0,0,72,16312,0.0,0.0,0.0,0.0,0.99560546875,0.0,0.00439453125
screw,scratch_neck,009.png,0,0,39,16345,0.0,0.0,0.0,0.0,0.99761962890625,0.0,0.00238037109375
screw,scratch_neck,010.png,0,0,73,16311,0.0,0.0,0.0,0.0,0.99554443359375,0.0,0.00445556640625
screw,scratch_neck,011.png,0,0,24,16360,0.0,0.0,0.0,0.0,0.99853515625,0.0,0.00146484375
screw,scratch_neck,012.png,0,0,58,16326,0.0,0.0,0.0,0.0,0.9964599609375,0.0,0.0035400390625
screw,scratch_neck,013.png,0,48,49,16287,0.0,0.0,0.0,0.0,0.99407958984375,0.0029296875,0.00299072265625
screw,scratch_neck,014.png,0,0,48,16336,0.0,0.0,0.0,0.0,0.9970703125,0.0,0.0029296875
screw,scratch_neck,015.png,0,0,49,16335,0.0,0.0,0.0,0.0,0.99700927734375,0.0,0.00299072265625
screw,scratch_neck,016.png,0,0,61,16323,0.0,0.0,0.0,0.0,0.99627685546875,0.0,0.00372314453125
screw,scratch_neck,017.png,0,0,63,16321,0.0,0.0,0.0,0.0,0.99615478515625,0.0,0.00384521484375
screw,scratch_neck,018.png,0,0,52,16332,0.0,0.0,0.0,0.0,0.996826171875,0.0,0.003173828125
screw,scratch_neck,019.png,0,0,67,16317,0.0,0.0,0.0,0.0,0.99591064453125,0.0,0.00408935546875
screw,scratch_neck,020.png,0,0,118,16266,0.0,0.0,0.0,0.0,0.9927978515625,0.0,0.0072021484375
screw,scratch_neck,021.png,0,0,44,16340,0.0,0.0,0.0,0.0,0.997314453125,0.0,0.002685546875
screw,scratch_neck,022.png,0,0,15,16369,0.0,0.0,0.0,0.0,0.99908447265625,0.0,0.00091552734375
screw,scratch_neck,023.png,0,0,26,16358,0.0,0.0,0.0,0.0,0.9984130859375,0.0,0.0015869140625
screw,scratch_neck,024.png,0,0,52,16332,0.0,0.0,0.0,0.0,0.996826171875,0.0,0.003173828125
screw,thread_side,000.png,0,0,26,16358,0.0,0.0,0.0,0.0,0.9984130859375,0.0,0.0015869140625
screw,thread_side,001.png,0,0,92,16292,0.0,0.0,0.0,0.0,0.994384765625,0.0,0.005615234375
screw,thread_side,002.png,0,0,36,16348,0.0,0.0,0.0,0.0,0.997802734375,0.0,0.002197265625
screw,thread_side,003.png,0,0,33,16351,0.0,0.0,0.0,0.0,0.99798583984375,0.0,0.00201416015625
screw,thread_side,004.png,0,0,23,16361,0.0,0.0,0.0,0.0,0.99859619140625,0.0,0.00140380859375
screw,thread_side,005.png,0,0,40,16344,0.0,0.0,0.0,0.0,0.99755859375,0.0,0.00244140625
screw,thread_side,006.png,0,0,73,16311,0.0,0.0,0.0,0.0,0.99554443359375,0.0,0.00445556640625
screw,thread_side,007.png,0,0,61,16323,0.0,0.0,0.0,0.0,0.99627685546875,0.0,0.00372314453125
screw,thread_side,008.png,0,0,43,16341,0.0,0.0,0.0,0.0,0.99737548828125,0.0,0.00262451171875
screw,thread_side,009.png,0,0,41,16343,0.0,0.0,0.0,0.0,0.99749755859375,0.0,0.00250244140625
screw,thread_side,010.png,0,0,51,16333,0.0,0.0,0.0,0.0,0.99688720703125,0.0,0.00311279296875
screw,thread_side,011.png,0,0,27,16357,0.0,0.0,0.0,0.0,0.99835205078125,0.0,0.00164794921875
screw,thread_side,012.png,0,0,65,16319,0.0,0.0,0.0,0.0,0.99603271484375,0.0,0.00396728515625
screw,thread_side,013.png,0,0,26,16358,0.0,0.0,0.0,0.0,0.9984130859375,0.0,0.0015869140625
screw,thread_side,014.png,0,0,41,16343,0.0,0.0,0.0,0.0,0.99749755859375,0.0,0.00250244140625
screw,thread_side,015.png,0,0,46,16338,0.0,0.0,0.0,0.0,0.9971923828125,0.0,0.0028076171875
screw,thread_side,016.png,0,0,84,16300,0.0,0.0,0.0,0.0,0.994873046875,0.0,0.005126953125
screw,thread_side,017.png,0,0,44,16340,0.0,0.0,0.0,0.0,0.997314453125,0.0,0.002685546875
screw,thread_side,018.png,0,0,36,16348,0.0,0.0,0.0,0.0,0.997802734375,0.0,0.002197265625
screw,thread_side,019.png,0,0,19,16365,0.0,0.0,0.0,0.0,0.99884033203125,0.0,0.00115966796875
screw,thread_side,020.png,0,0,26,16358,0.0,0.0,0.0,0.0,0.9984130859375,0.0,0.0015869140625
screw,thread_side,021.png,0,0,54,16330,0.0,0.0,0.0,0.0,0.9967041015625,0.0,0.0032958984375
screw,thread_side,022.png,0,0,60,16324,0.0,0.0,0.0,0.0,0.996337890625,0.0,0.003662109375
screw,thread_top,000.png,0,0,108,16276,0.0,0.0,0.0,0.0,0.993408203125,0.0,0.006591796875
screw,thread_top,001.png,0,0,99,16285,0.0,0.0,0.0,0.0,0.99395751953125,0.0,0.00604248046875
screw,thread_top,002.png,0,0,94,16290,0.0,0.0,0.0,0.0,0.9942626953125,0.0,0.0057373046875
screw,thread_top,003.png,0,0,71,16313,0.0,0.0,0.0,0.0,0.99566650390625,0.0,0.00433349609375
screw,thread_top,004.png,0,0,105,16279,0.0,0.0,0.0,0.0,0.99359130859375,0.0,0.00640869140625
screw,thread_top,005.png,0,0,168,16216,0.0,0.0,0.0,0.0,0.98974609375,0.0,0.01025390625
screw,thread_top,006.png,0,0,120,16264,0.0,0.0,0.0,0.0,0.99267578125,0.0,0.00732421875
screw,thread_top,007.png,0,0,109,16275,0.0,0.0,0.0,0.0,0.99334716796875,0.0,0.00665283203125
screw,thread_top,008.png,0,0,90,16294,0.0,0.0,0.0,0.0,0.9945068359375,0.0,0.0054931640625
screw,thread_top,009.png,0,0,59,16325,0.0,0.0,0.0,0.0,0.99639892578125,0.0,0.00360107421875
screw,thread_top,010.png,0,0,86,16298,0.0,0.0,0.0,0.0,0.9947509765625,0.0,0.0052490234375
screw,thread_top,011.png,0,59,80,16245,0.0,0.0,0.0,0.0,0.99151611328125,0.00360107421875,0.0048828125
screw,thread_top,012.png,0,0,20,16364,0.0,0.0,0.0,0.0,0.998779296875,0.0,0.001220703125
screw,thread_top,013.png,0,0,49,16335,0.0,0.0,0.0,0.0,0.99700927734375,0.0,0.00299072265625
screw,thread_top,014.png,0,0,77,16307,0.0,0.0,0.0,0.0,0.99530029296875,0.0,0.00469970703125
screw,thread_top,015.png,0,0,60,16324,0.0,0.0,0.0,0.0,0.996337890625,0.0,0.003662109375
screw,thread_top,016.png,0,0,66,16318,0.0,0.0,0.0,0.0,0.9959716796875,0.0,0.0040283203125
screw,thread_top,017.png,0,0,20,16364,0.0,0.0,0.0,0.0,0.998779296875,0.0,0.001220703125
screw,thread_top,018.png,0,0,88,16296,0.0,0.0,0.0,0.0,0.99462890625,0.0,0.00537109375
screw,thread_top,019.png,0,0,124,16260,0.0,0.0,0.0,0.0,0.992431640625,0.0,0.007568359375
screw,thread_top,020.png,0,0,106,16278,0.0,0.0,0.0,0.0,0.9935302734375,0.0,0.0064697265625
screw,thread_top,021.png,0,0,83,16301,0.0,0.0,0.0,0.0,0.99493408203125,0.0,0.00506591796875
screw,thread_top,022.png,0,0,63,16321,0.0,0.0,0.0,0.0,0.99615478515625,0.0,0.00384521484375
bottle,broken_large,000.png,0,0,1786,14598,0.0,0.0,0.0,0.0,0.8909912109375,0.0,0.1090087890625
bottle,broken_large,001.png,0,0,1553,14831,0.0,0.0,0.0,0.0,0.90521240234375,0.0,0.09478759765625
bottle,broken_large,002.png,0,0,2548,13836,0.0,0.0,0.0,0.0,0.844482421875,0.0,0.155517578125
bottle,broken_large,003.png,0,0,4495,11889,0.0,0.0,0.0,0.0,0.72564697265625,0.0,0.27435302734375
bottle,broken_large,004.png,0,0,676,15708,0.0,0.0,0.0,0.0,0.958740234375,0.0,0.041259765625
bottle,broken_large,005.png,0,0,669,15715,0.0,0.0,0.0,0.0,0.95916748046875,0.0,0.04083251953125
bottle,broken_large,006.png,0,0,2500,13884,0.0,0.0,0.0,0.0,0.847412109375,0.0,0.152587890625
bottle,broken_large,007.png,0,0,2650,13734,0.0,0.0,0.0,0.0,0.8382568359375,0.0,0.1617431640625
bottle,broken_large,008.png,0,0,2144,14240,0.0,0.0,0.0,0.0,0.869140625,0.0,0.130859375
bottle,broken_large,009.png,0,0,1440,14944,0.0,0.0,0.0,0.0,0.912109375,0.0,0.087890625
bottle,broken_large,010.png,0,0,1836,14548,0.0,0.0,0.0,0.0,0.887939453125,0.0,0.112060546875
bottle,broken_large,011.png,0,0,1229,15155,0.0,0.0,0.0,0.0,0.92498779296875,0.0,0.07501220703125
bottle,broken_large,012.png,0,0,1427,14957,0.0,0.0,0.0,0.0,0.91290283203125,0.0,0.08709716796875
bottle,broken_large,013.png,0,0,2211,14173,0.0,0.0,0.0,0.0,0.86505126953125,0.0,0.13494873046875
bottle,broken_large,014.png,0,0,778,15606,0.0,0.0,0.0,0.0,0.9525146484375,0.0,0.0474853515625
bottle,broken_large,015.png,0,0,1535,14849,0.0,0.0,0.0,0.0,0.90631103515625,0.0,0.09368896484375
bottle,broken_large,016.png,0,0,2414,13970,0.0,0.0,0.0,0.0,0.8526611328125,0.0,0.1473388671875
bottle,broken_large,017.png,0,0,2309,14075,0.0,0.0,0.0,0.0,0.85906982421875,0.0,0.14093017578125
bottle,broken_large,018.png,0,0,2156,14228,0.0,0.0,0.0,0.0,0.868408203125,0.0,0.131591796875
bottle,broken_large,019.png,0,0,2074,14310,0.0,0.0,0.0,0.0,0.8734130859375,0.0,0.1265869140625
bottle,broken_small,000.png,0,0,147,16237,0.0,0.0,0.0,0.0,0.99102783203125,0.0,0.00897216796875
bottle,broken_small,001.png,0,0,245,16139,0.0,0.0,0.0,0.0,0.98504638671875,0.0,0.01495361328125
bottle,broken_small,002.png,0,0,596,15788,0.0,0.0,0.0,0.0,0.963623046875,0.0,0.036376953125
bottle,broken_small,003.png,0,0,1317,15067,0.0,0.0,0.0,0.0,0.91961669921875,0.0,0.08038330078125
bottle,broken_small,004.png,0,0,527,15857,0.0,0.0,0.0,0.0,0.96783447265625,0.0,0.03216552734375
bottle,broken_small,005.png,0,0,250,16134,0.0,0.0,0.0,0.0,0.9847412109375,0.0,0.0152587890625
bottle,broken_small,006.png,0,0,446,15938,0.0,0.0,0.0,0.0,0.9727783203125,0.0,0.0272216796875
bottle,broken_small,007.png,0,16,347,16021,0.0,0.0,0.0,0.0,0.97784423828125,0.0009765625,0.02117919921875
bottle,broken_small,008.png,0,0,350,16034,0.0,0.0,0.0,0.0,0.9786376953125,0.0,0.0213623046875
bottle,broken_small,009.png,0,0,384,16000,0.0,0.0,0.0,0.0,0.9765625,0.0,0.0234375
bottle,broken_small,010.png,0,0,756,15628,0.0,0.0,0.0,0.0,0.953857421875,0.0,0.046142578125
bottle,broken_small,011.png,0,0,320,16064,0.0,0.0,0.0,0.0,0.98046875,0.0,0.01953125
bottle,broken_small,012.png,0,0,1285,15099,0.0,0.0,0.0,0.0,0.92156982421875,0.0,0.07843017578125
bottle,broken_small,013.png,0,0,524,15860,0.0,0.0,0.0,0.0,0.968017578125,0.0,0.031982421875
bottle,broken_small,014.png,0,0,294,16090,0.0,0.0,0.0,0.0,0.9820556640625,0.0,0.0179443359375
bottle,broken_small,015.png,0,0,272,16112,0.0,0.0,0.0,0.0,0.9833984375,0.0,0.0166015625
bottle,broken_small,016.png,0,0,335,16049,0.0,0.0,0.0,0.0,0.97955322265625,0.0,0.02044677734375
bottle,broken_small,017.png,0,0,412,15972,0.0,0.0,0.0,0.0,0.974853515625,0.0,0.025146484375
bottle,broken_small,018.png,0,0,938,15446,0.0,0.0,0.0,0.0,0.9427490234375,0.0,0.0572509765625
bottle,broken_small,019.png,0,0,463,15921,0.0,0.0,0.0,0.0,0.97174072265625,0.0,0.02825927734375
bottle,broken_small,020.png,0,0,571,15813,0.0,0.0,0.0,0.0,0.96514892578125,0.0,0.03485107421875
bottle,broken_small,021.png,0,0,304,16080,0.0,0.0,0.0,0.0,0.9814453125,0.0,0.0185546875
bottle,contamination,000.png,0,0,1192,15192,0.0,0.0,0.0,0.0,0.92724609375,0.0,0.07275390625
bottle,contamination,001.png,0,0,1176,15208,0.0,0.0,0.0,0.0,0.92822265625,0.0,0.07177734375
bottle,contamination,002.png,0,0,300,16084,0.0,0.0,0.0,0.0,0.981689453125,0.0,0.018310546875
bottle,contamination,003.png,0,0,434,15950,0.0,0.0,0.0,0.0,0.9735107421875,0.0,0.0264892578125
bottle,contamination,004.png,0,0,340,16044,0.0,0.0,0.0,0.0,0.979248046875,0.0,0.020751953125
bottle,contamination,005.png,0,0,2011,14373,0.0,0.0,0.0,0.0,0.87725830078125,0.0,0.12274169921875
bottle,contamination,006.png,0,0,2499,13885,0.0,0.0,0.0,0.0,0.84747314453125,0.0,0.15252685546875
bottle,contamination,007.png,0,0,905,15479,0.0,0.0,0.0,0.0,0.94476318359375,0.0,0.05523681640625
bottle,contamination,008.png,0,0,2705,13679,0.0,0.0,0.0,0.0,0.83489990234375,0.0,0.16510009765625
bottle,contamination,009.png,0,0,2250,14134,0.0,0.0,0.0,0.0,0.8626708984375,0.0,0.1373291015625
bottle,contamination,010.png,0,0,1879,14505,0.0,0.0,0.0,0.0,0.88531494140625,0.0,0.11468505859375
bottle,contamination,011.png,0,0,2439,13945,0.0,0.0,0.0,0.0,0.85113525390625,0.0,0.14886474609375
bottle,contamination,012.png,0,0,2478,13906,0.0,0.0,0.0,0.0,0.8487548828125,0.0,0.1512451171875
bottle,contamination,013.png,0,0,838,15546,0.0,0.0,0.0,0.0,0.9488525390625,0.0,0.0511474609375
bottle,contamination,014.png,0,0,111,16273,0.0,0.0,0.0,0.0,0.99322509765625,0.0,0.00677490234375
bottle,contamination,015.png,0,0,686,15698,0.0,0.0,0.0,0.0,0.9581298828125,0.0,0.0418701171875
bottle,contamination,016.png,0,0,2479,13905,0.0,0.0,0.0,0.0,0.84869384765625,0.0,0.15130615234375
bottle,contamination,017.png,0,0,1358,15026,0.0,0.0,0.0,0.0,0.9171142578125,0.0,0.0828857421875
bottle,contamination,018.png,0,0,100,16284,0.0,0.0,0.0,0.0,0.993896484375,0.0,0.006103515625
bottle,contamination,019.png,0,0,549,15835,0.0,0.0,0.0,0.0,0.96649169921875,0.0,0.03350830078125
bottle,contamination,020.png,0,0,2449,13935,0.0,0.0,0.0,0.0,0.85052490234375,0.0,0.14947509765625
capsule,crack,000.png,0,12,41,16331,0.0,0.0,0.0,0.0,0.99676513671875,0.000732421875,0.00250244140625
capsule,crack,001.png,0,83,385,15916,0.0,0.0,0.0,0.0,0.971435546875,0.00506591796875,0.02349853515625
capsule,crack,002.png,0,0,34,16350,0.0,0.0,0.0,0.0,0.9979248046875,0.0,0.0020751953125
capsule,crack,003.png,0,0,57,16327,0.0,0.0,0.0,0.0,0.99652099609375,0.0,0.00347900390625
capsule,crack,004.png,0,0,49,16335,0.0,0.0,0.0,0.0,0.99700927734375,0.0,0.00299072265625
capsule,crack,005.png,0,0,71,16313,0.0,0.0,0.0,0.0,0.99566650390625,0.0,0.00433349609375
capsule,crack,006.png,0,26,88,16270,0.0,0.0,0.0,0.0,0.9930419921875,0.0015869140625,0.00537109375
capsule,crack,007.png,0,0,81,16303,0.0,0.0,0.0,0.0,0.99505615234375,0.0,0.00494384765625
capsule,crack,008.png,0,0,45,16339,0.0,0.0,0.0,0.0,0.99725341796875,0.0,0.00274658203125
capsule,crack,009.png,0,12,83,16289,0.0,0.0,0.0,0.0,0.99420166015625,0.000732421875,0.00506591796875
capsule,crack,010.png,0,0,298,16086,0.0,0.0,0.0,0.0,0.9818115234375,0.0,0.0181884765625
capsule,crack,011.png,0,15,88,16281,0.0,0.0,0.0,0.0,0.99371337890625,0.00091552734375,0.00537109375
capsule,crack,012.png,0,0,57,16327,0.0,0.0,0.0,0.0,0.99652099609375,0.0,0.00347900390625
capsule,crack,013.png,0,0,16,16368,0.0,0.0,0.0,0.0,0.9990234375,0.0,0.0009765625
capsule,crack,014.png,0,0,14,16370,0.0,0.0,0.0,0.0,0.9991455078125,0.0,0.0008544921875
capsule,crack,015.png,0,0,191,16193,0.0,0.0,0.0,0.0,0.98834228515625,0.0,0.01165771484375
capsule,crack,016.png,0,0,30,16354,0.0,0.0,0.0,0.0,0.9981689453125,0.0,0.0018310546875
capsule,crack,017.png,0,0,80,16304,0.0,0.0,0.0,0.0,0.9951171875,0.0,0.0048828125
capsule,crack,018.png,0,0,46,16338,0.0,0.0,0.0,0.0,0.9971923828125,0.0,0.0028076171875
capsule,crack,019.png,0,0,44,16340,0.0,0.0,0.0,0.0,0.997314453125,0.0,0.002685546875
capsule,crack,020.png,0,0,11,16373,0.0,0.0,0.0,0.0,0.99932861328125,0.0,0.00067138671875
capsule,crack,021.png,0,0,6,16378,0.0,0.0,0.0,0.0,0.9996337890625,0.0,0.0003662109375
capsule,crack,022.png,0,36,9,16339,0.0,0.0,0.0,0.0,0.99725341796875,0.002197265625,0.00054931640625
capsule,faulty_imprint,000.png,0,0,42,16342,0.0,0.0,0.0,0.0,0.9974365234375,0.0,0.0025634765625
capsule,faulty_imprint,001.png,0,0,37,16347,0.0,0.0,0.0,0.0,0.99774169921875,0.0,0.00225830078125
capsule,faulty_imprint,002.png,0,0,49,16335,0.0,0.0,0.0,0.0,0.99700927734375,0.0,0.00299072265625
capsule,faulty_imprint,003.png,0,0,34,16350,0.0,0.0,0.0,0.0,0.9979248046875,0.0,0.0020751953125
capsule,faulty_imprint,004.png,0,0,676,15708,0.0,0.0,0.0,0.0,0.958740234375,0.0,0.041259765625
capsule,faulty_imprint,005.png,0,0,635,15749,0.0,0.0,0.0,0.0,0.96124267578125,0.0,0.03875732421875
capsule,faulty_imprint,006.png,0,0,46,16338,0.0,0.0,0.0,0.0,0.9971923828125,0.0,0.0028076171875
capsule,faulty_imprint,007.png,0,0,46,16338,0.0,0.0,0.0,0.0,0.9971923828125,0.0,0.0028076171875
capsule,faulty_imprint,008.png,0,0,52,16332,0.0,0.0,0.0,0.0,0.996826171875,0.0,0.003173828125
capsule,faulty_imprint,009.png,0,0,41,16343,0.0,0.0,0.0,0.0,0.99749755859375,0.0,0.00250244140625
capsule,faulty_imprint,010.png,0,0,46,16338,0.0,0.0,0.0,0.0,0.9971923828125,0.0,0.0028076171875
capsule,faulty_imprint,011.png,0,0,24,16360,0.0,0.0,0.0,0.0,0.99853515625,0.0,0.00146484375
capsule,faulty_imprint,012.png,0,0,108,16276,0.0,0.0,0.0,0.0,0.993408203125,0.0,0.006591796875
capsule,faulty_imprint,013.png,0,0,49,16335,0.0,0.0,0.0,0.0,0.99700927734375,0.0,0.00299072265625
capsule,faulty_imprint,014.png,0,0,94,16290,0.0,0.0,0.0,0.0,0.9942626953125,0.0,0.0057373046875
capsule,faulty_imprint,015.png,0,0,33,16351,0.0,0.0,0.0,0.0,0.99798583984375,0.0,0.00201416015625
capsule,faulty_imprint,016.png,0,0,37,16347,0.0,0.0,0.0,0.0,0.99774169921875,0.0,0.00225830078125
capsule,faulty_imprint,017.png,0,0,56,16328,0.0,0.0,0.0,0.0,0.99658203125,0.0,0.00341796875
capsule,faulty_imprint,018.png,0,0,35,16349,0.0,0.0,0.0,0.0,0.99786376953125,0.0,0.00213623046875
capsule,faulty_imprint,019.png,0,0,27,16357,0.0,0.0,0.0,0.0,0.99835205078125,0.0,0.00164794921875
capsule,faulty_imprint,020.png,0,0,55,16329,0.0,0.0,0.0,0.0,0.99664306640625,0.0,0.00335693359375
capsule,faulty_imprint,021.png,0,0,52,16332,0.0,0.0,0.0,0.0,0.996826171875,0.0,0.003173828125
capsule,poke,000.png,0,20,204,16160,0.0,0.0,0.0,0.0,0.986328125,0.001220703125,0.012451171875
capsule,poke,001.png,0,0,32,16352,0.0,0.0,0.0,0.0,0.998046875,0.0,0.001953125
capsule,poke,002.png,0,0,27,16357,0.0,0.0,0.0,0.0,0.99835205078125,0.0,0.00164794921875
capsule,poke,003.png,0,0,32,16352,0.0,0.0,0.0,0.0,0.998046875,0.0,0.001953125
capsule,poke,004.png,0,0,87,16297,0.0,0.0,0.0,0.0,0.99468994140625,0.0,0.00531005859375
capsule,poke,005.png,0,0,19,16365,0.0,0.0,0.0,0.0,0.99884033203125,0.0,0.00115966796875
capsule,poke,006.png,0,0,31,16353,0.0,0.0,0.0,0.0,0.99810791015625,0.0,0.00189208984375
capsule,poke,007.png,0,0,10,16374,0.0,0.0,0.0,0.0,0.9993896484375,0.0,0.0006103515625
capsule,poke,008.png,0,0,84,16300,0.0,0.0,0.0,0.0,0.994873046875,0.0,0.005126953125
capsule,poke,009.png,0,0,36,16348,0.0,0.0,0.0,0.0,0.997802734375,0.0,0.002197265625
capsule,poke,010.png,0,0,34,16350,0.0,0.0,0.0,0.0,0.9979248046875,0.0,0.0020751953125
capsule,poke,011.png,0,0,45,16339,0.0,0.0,0.0,0.0,0.99725341796875,0.0,0.00274658203125
capsule,poke,012.png,0,0,47,16337,0.0,0.0,0.0,0.0,0.99713134765625,0.0,0.00286865234375
capsule,poke,013.png,0,0,41,16343,0.0,0.0,0.0,0.0,0.99749755859375,0.0,0.00250244140625
capsule,poke,014.png,0,0,57,16327,0.0,0.0,0.0,0.0,0.99652099609375,0.0,0.00347900390625
capsule,poke,015.png,0,0,70,16314,0.0,0.0,0.0,0.0,0.9957275390625,0.0,0.0042724609375
capsule,poke,016.png,0,0,23,16361,0.0,0.0,0.0,0.0,0.99859619140625,0.0,0.00140380859375
capsule,poke,017.png,0,0,22,16362,0.0,0.0,0.0,0.0,0.9986572265625,0.0,0.0013427734375
capsule,poke,018.png,0,0,39,16345,0.0,0.0,0.0,0.0,0.99761962890625,0.0,0.00238037109375
capsule,poke,019.png,0,0,34,16350,0.0,0.0,0.0,0.0,0.9979248046875,0.0,0.0020751953125
capsule,poke,020.png,0,0,46,16338,0.0,0.0,0.0,0.0,0.9971923828125,0.0,0.0028076171875
capsule,scratch,000.png,0,0,54,16330,0.0,0.0,0.0,0.0,0.9967041015625,0.0,0.0032958984375
capsule,scratch,001.png,0,0,107,16277,0.0,0.0,0.0,0.0,0.99346923828125,0.0,0.00653076171875
capsule,scratch,002.png,0,0,92,16292,0.0,0.0,0.0,0.0,0.994384765625,0.0,0.005615234375
capsule,scratch,003.png,0,0,133,16251,0.0,0.0,0.0,0.0,0.99188232421875,0.0,0.00811767578125
capsule,scratch,004.png,0,22,177,16185,0.0,0.0,0.0,0.0,0.98785400390625,0.0013427734375,0.01080322265625
capsule,scratch,005.png,0,0,46,16338,0.0,0.0,0.0,0.0,0.9971923828125,0.0,0.0028076171875
capsule,scratch,006.png,0,0,139,16245,0.0,0.0,0.0,0.0,0.99151611328125,0.0,0.00848388671875
capsule,scratch,007.png,0,0,98,16286,0.0,0.0,0.0,0.0,0.9940185546875,0.0,0.0059814453125
capsule,scratch,008.png,0,0,100,16284,0.0,0.0,0.0,0.0,0.993896484375,0.0,0.006103515625
capsule,scratch,009.png,0,0,161,16223,0.0,0.0,0.0,0.0,0.99017333984375,0.0,0.00982666015625
capsule,scratch,010.png,0,0,117,16267,0.0,0.0,0.0,0.0,0.99285888671875,0.0,0.00714111328125
capsule,scratch,011.png,0,0,104,16280,0.0,0.0,0.0,0.0,0.99365234375,0.0,0.00634765625
capsule,scratch,012.png,0,0,71,16313,0.0,0.0,0.0,0.0,0.99566650390625,0.0,0.00433349609375
capsule,scratch,013.png,0,0,48,16336,0.0,0.0,0.0,0.0,0.9970703125,0.0,0.0029296875
capsule,scratch,014.png,0,0,258,16126,0.0,0.0,0.0,0.0,0.9842529296875,0.0,0.0157470703125
capsule,scratch,015.png,0,0,205,16179,0.0,0.0,0.0,0.0,0.98748779296875,0.0,0.01251220703125
capsule,scratch,016.png,0,0,90,16294,0.0,0.0,0.0,0.0,0.9945068359375,0.0,0.0054931640625
capsule,scratch,017.png,0,0,78,16306,0.0,0.0,0.0,0.0,0.9952392578125,0.0,0.0047607421875
capsule,scratch,018.png,0,0,91,16293,0.0,0.0,0.0,0.0,0.99444580078125,0.0,0.00555419921875
capsule,scratch,019.png,0,0,147,16237,0.0,0.0,0.0,0.0,0.99102783203125,0.0,0.00897216796875
capsule,scratch,020.png,0,0,86,16298,0.0,0.0,0.0,0.0,0.9947509765625,0.0,0.0052490234375
capsule,scratch,021.png,0,0,73,16311,0.0,0.0,0.0,0.0,0.99554443359375,0.0,0.00445556640625
capsule,scratch,022.png,0,0,241,16143,0.0,0.0,0.0,0.0,0.98529052734375,0.0,0.01470947265625
capsule,squeeze,000.png,0,0,1265,15119,0.0,0.0,0.0,0.0,0.92279052734375,0.0,0.07720947265625
capsule,squeeze,001.png,5,25,823,15531,0.0058616647127784,0.0116550116550116,0.1666666666666666,0.0060386473429951,0.9482421875,0.0018310546875,0.050537109375
capsule,squeeze,002.png,0,24,24,16336,0.0,0.0,0.0,0.0,0.9970703125,0.00146484375,0.00146484375
capsule,squeeze,003.png,0,0,59,16325,0.0,0.0,0.0,0.0,0.99639892578125,0.0,0.00360107421875
capsule,squeeze,004.png,0,19,96,16269,0.0,0.0,0.0,0.0,0.99298095703125,0.00115966796875,0.005859375
capsule,squeeze,005.png,0,0,88,16296,0.0,0.0,0.0,0.0,0.99462890625,0.0,0.00537109375
capsule,squeeze,006.png,0,0,1159,15225,0.0,0.0,0.0,0.0,0.92926025390625,0.0,0.07073974609375
capsule,squeeze,007.png,0,0,1093,15291,0.0,0.0,0.0,0.0,0.93328857421875,0.0,0.06671142578125
capsule,squeeze,008.png,0,0,511,15873,0.0,0.0,0.0,0.0,0.96881103515625,0.0,0.03118896484375
capsule,squeeze,009.png,0,0,799,15585,0.0,0.0,0.0,0.0,0.95123291015625,0.0,0.04876708984375
capsule,squeeze,010.png,0,0,191,16193,0.0,0.0,0.0,0.0,0.98834228515625,0.0,0.01165771484375
capsule,squeeze,011.png,0,0,1012,15372,0.0,0.0,0.0,0.0,0.938232421875,0.0,0.061767578125
capsule,squeeze,012.png,0,0,1044,15340,0.0,0.0,0.0,0.0,0.936279296875,0.0,0.063720703125
capsule,squeeze,013.png,0,0,365,16019,0.0,0.0,0.0,0.0,0.97772216796875,0.0,0.02227783203125
capsule,squeeze,014.png,0,0,1327,15057,0.0,0.0,0.0,0.0,0.91900634765625,0.0,0.08099365234375
capsule,squeeze,015.png,0,0,392,15992,0.0,0.0,0.0,0.0,0.97607421875,0.0,0.02392578125
capsule,squeeze,016.png,0,0,1313,15071,0.0,0.0,0.0,0.0,0.91986083984375,0.0,0.08013916015625
capsule,squeeze,017.png,0,0,91,16293,0.0,0.0,0.0,0.0,0.99444580078125,0.0,0.00555419921875
capsule,squeeze,018.png,0,0,197,16187,0.0,0.0,0.0,0.0,0.98797607421875,0.0,0.01202392578125
capsule,squeeze,019.png,0,0,156,16228,0.0,0.0,0.0,0.0,0.990478515625,0.0,0.009521484375
metal_nut,bent,000.png,0,0,771,15613,0.0,0.0,0.0,0.0,0.95294189453125,0.0,0.04705810546875
metal_nut,bent,001.png,0,0,280,16104,0.0,0.0,0.0,0.0,0.98291015625,0.0,0.01708984375
metal_nut,bent,002.png,0,0,150,16234,0.0,0.0,0.0,0.0,0.9908447265625,0.0,0.0091552734375
metal_nut,bent,003.png,0,0,300,16084,0.0,0.0,0.0,0.0,0.981689453125,0.0,0.018310546875
metal_nut,bent,004.png,0,0,258,16126,0.0,0.0,0.0,0.0,0.9842529296875,0.0,0.0157470703125
metal_nut,bent,005.png,0,0,362,16022,0.0,0.0,0.0,0.0,0.9779052734375,0.0,0.0220947265625
metal_nut,bent,006.png,0,0,229,16155,0.0,0.0,0.0,0.0,0.98602294921875,0.0,0.01397705078125
metal_nut,bent,007.png,0,0,116,16268,0.0,0.0,0.0,0.0,0.992919921875,0.0,0.007080078125
metal_nut,bent,008.png,0,0,327,16057,0.0,0.0,0.0,0.0,0.98004150390625,0.0,0.01995849609375
metal_nut,bent,009.png,0,0,279,16105,0.0,0.0,0.0,0.0,0.98297119140625,0.0,0.01702880859375
metal_nut,bent,010.png,0,0,481,15903,0.0,0.0,0.0,0.0,0.97064208984375,0.0,0.02935791015625
metal_nut,bent,011.png,0,0,237,16147,0.0,0.0,0.0,0.0,0.98553466796875,0.0,0.01446533203125
metal_nut,bent,012.png,0,0,395,15989,0.0,0.0,0.0,0.0,0.97589111328125,0.0,0.02410888671875
metal_nut,bent,013.png,0,0,406,15978,0.0,0.0,0.0,0.0,0.9752197265625,0.0,0.0247802734375
metal_nut,bent,014.png,0,0,168,16216,0.0,0.0,0.0,0.0,0.98974609375,0.0,0.01025390625
metal_nut,bent,015.png,0,0,590,15794,0.0,0.0,0.0,0.0,0.9639892578125,0.0,0.0360107421875
metal_nut,bent,016.png,0,0,276,16108,0.0,0.0,0.0,0.0,0.983154296875,0.0,0.016845703125
metal_nut,bent,017.png,0,0,302,16082,0.0,0.0,0.0,0.0,0.9815673828125,0.0,0.0184326171875
metal_nut,bent,018.png,0,0,398,15986,0.0,0.0,0.0,0.0,0.9757080078125,0.0,0.0242919921875
metal_nut,bent,019.png,0,0,471,15913,0.0,0.0,0.0,0.0,0.97125244140625,0.0,0.02874755859375
metal_nut,bent,020.png,0,0,325,16059,0.0,0.0,0.0,0.0,0.98016357421875,0.0,0.01983642578125
metal_nut,bent,021.png,0,0,328,16056,0.0,0.0,0.0,0.0,0.97998046875,0.0,0.02001953125
metal_nut,bent,022.png,0,0,227,16157,0.0,0.0,0.0,0.0,0.98614501953125,0.0,0.01385498046875
metal_nut,bent,023.png,0,0,352,16032,0.0,0.0,0.0,0.0,0.978515625,0.0,0.021484375
metal_nut,bent,024.png,0,0,307,16077,0.0,0.0,0.0,0.0,0.98126220703125,0.0,0.01873779296875
metal_nut,color,000.png,0,0,71,16313,0.0,0.0,0.0,0.0,0.99566650390625,0.0,0.00433349609375
metal_nut,color,001.png,0,0,91,16293,0.0,0.0,0.0,0.0,0.99444580078125,0.0,0.00555419921875
metal_nut,color,002.png,0,0,188,16196,0.0,0.0,0.0,0.0,0.988525390625,0.0,0.011474609375
metal_nut,color,003.png,0,0,80,16304,0.0,0.0,0.0,0.0,0.9951171875,0.0,0.0048828125
metal_nut,color,004.png,0,0,74,16310,0.0,0.0,0.0,0.0,0.9954833984375,0.0,0.0045166015625
metal_nut,color,005.png,0,0,189,16195,0.0,0.0,0.0,0.0,0.98846435546875,0.0,0.01153564453125
metal_nut,color,006.png,0,0,128,16256,0.0,0.0,0.0,0.0,0.9921875,0.0,0.0078125
metal_nut,color,007.png,0,0,231,16153,0.0,0.0,0.0,0.0,0.98590087890625,0.0,0.01409912109375
metal_nut,color,008.png,0,0,747,15637,0.0,0.0,0.0,0.0,0.95440673828125,0.0,0.04559326171875
metal_nut,color,009.png,0,34,289,16061,0.0,0.0,0.0,0.0,0.98028564453125,0.0020751953125,0.01763916015625
metal_nut,color,010.png,0,53,540,15791,0.0,0.0,0.0,0.0,0.96380615234375,0.00323486328125,0.032958984375
metal_nut,color,011.png,0,0,734,15650,0.0,0.0,0.0,0.0,0.9552001953125,0.0,0.0447998046875
metal_nut,color,012.png,0,0,1078,15306,0.0,0.0,0.0,0.0,0.9342041015625,0.0,0.0657958984375
metal_nut,color,013.png,0,0,374,16010,0.0,0.0,0.0,0.0,0.9771728515625,0.0,0.0228271484375
metal_nut,color,014.png,0,0,202,16182,0.0,0.0,0.0,0.0,0.9876708984375,0.0,0.0123291015625
metal_nut,color,015.png,0,0,781,15603,0.0,0.0,0.0,0.0,0.95233154296875,0.0,0.04766845703125
metal_nut,color,016.png,0,0,419,15965,0.0,0.0,0.0,0.0,0.97442626953125,0.0,0.02557373046875
metal_nut,color,017.png,0,0,547,15837,0.0,0.0,0.0,0.0,0.96661376953125,0.0,0.03338623046875
metal_nut,color,018.png,0,0,311,16073,0.0,0.0,0.0,0.0,0.98101806640625,0.0,0.01898193359375
metal_nut,color,019.png,0,0,377,16007,0.0,0.0,0.0,0.0,0.97698974609375,0.0,0.02301025390625
metal_nut,color,020.png,0,0,601,15783,0.0,0.0,0.0,0.0,0.96331787109375,0.0,0.03668212890625
metal_nut,color,021.png,0,0,455,15929,0.0,0.0,0.0,0.0,0.97222900390625,0.0,0.02777099609375
metal_nut,flip,000.png,18,0,7919,8447,0.0022678593927176,0.0045254556882463,1.0,0.0022678593927176,0.51666259765625,0.0010986328125,0.48443603515625
metal_nut,flip,001.png,0,0,7974,8410,0.0,0.0,0.0,0.0,0.5133056640625,0.0,0.4866943359375
metal_nut,flip,002.png,0,0,7900,8484,0.0,0.0,0.0,0.0,0.517822265625,0.0,0.482177734375
metal_nut,flip,003.png,15,0,7965,8404,0.0018796992481203,0.0037523452157598,1.0,0.0018796992481203,0.51385498046875,0.00091552734375,0.487060546875
metal_nut,flip,004.png,74,0,7766,8544,0.009438775510204,0.0187010361384887,1.0,0.009438775510204,0.5260009765625,0.0045166015625,0.478515625
metal_nut,flip,005.png,0,0,7862,8522,0.0,0.0,0.0,0.0,0.5201416015625,0.0,0.4798583984375
metal_nut,flip,006.png,0,0,7871,8513,0.0,0.0,0.0,0.0,0.51959228515625,0.0,0.48040771484375
metal_nut,flip,007.png,0,0,7962,8422,0.0,0.0,0.0,0.0,0.5140380859375,0.0,0.4859619140625
metal_nut,flip,008.png,33,0,7806,8545,0.004209720627631,0.0083841463414634,1.0,0.004209720627631,0.5235595703125,0.00201416015625,0.47845458984375
metal_nut,flip,009.png,0,0,7906,8478,0.0,0.0,0.0,0.0,0.5174560546875,0.0,0.4825439453125
metal_nut,flip,010.png,12,0,7890,8482,0.0015186028853454,0.00303260045489,1.0,0.0015186028853454,0.5184326171875,0.000732421875,0.4822998046875
metal_nut,flip,011.png,0,0,7858,8526,0.0,0.0,0.0,0.0,0.5203857421875,0.0,0.4796142578125
metal_nut,flip,012.png,22,0,7818,8544,0.0028061224489795,0.0055965403205291,1.0,0.0028061224489795,0.5228271484375,0.0013427734375,0.478515625
metal_nut,flip,013.png,0,0,7853,8531,0.0,0.0,0.0,0.0,0.52069091796875,0.0,0.47930908203125
metal_nut,flip,014.png,0,0,7839,8545,0.0,0.0,0.0,0.0,0.52154541015625,0.0,0.47845458984375
metal_nut,flip,015.png,0,0,7888,8496,0.0,0.0,0.0,0.0,0.5185546875,0.0,0.4814453125
metal_nut,flip,016.png,0,0,7967,8417,0.0,0.0,0.0,0.0,0.51373291015625,0.0,0.48626708984375
metal_nut,flip,017.png,0,0,7968,8416,0.0,0.0,0.0,0.0,0.513671875,0.0,0.486328125
metal_nut,flip,018.png,0,0,7864,8520,0.0,0.0,0.0,0.0,0.52001953125,0.0,0.47998046875
metal_nut,flip,019.png,0,0,7914,8470,0.0,0.0,0.0,0.0,0.5169677734375,0.0,0.4830322265625
metal_nut,flip,020.png,0,0,7892,8492,0.0,0.0,0.0,0.0,0.518310546875,0.0,0.481689453125
metal_nut,flip,021.png,0,0,7885,8499,0.0,0.0,0.0,0.0,0.51873779296875,0.0,0.48126220703125
metal_nut,flip,022.png,0,0,7894,8490,0.0,0.0,0.0,0.0,0.5181884765625,0.0,0.4818115234375
metal_nut,scratch,000.png,0,0,310,16074,0.0,0.0,0.0,0.0,0.9810791015625,0.0,0.0189208984375
metal_nut,scratch,001.png,0,0,1169,15215,0.0,0.0,0.0,0.0,0.92864990234375,0.0,0.07135009765625
metal_nut,scratch,002.png,0,0,1912,14472,0.0,0.0,0.0,0.0,0.88330078125,0.0,0.11669921875
metal_nut,scratch,003.png,0,0,718,15666,0.0,0.0,0.0,0.0,0.9561767578125,0.0,0.0438232421875
metal_nut,scratch,004.png,0,0,682,15702,0.0,0.0,0.0,0.0,0.9583740234375,0.0,0.0416259765625
metal_nut,scratch,005.png,0,12,482,15890,0.0,0.0,0.0,0.0,0.9698486328125,0.000732421875,0.0294189453125
metal_nut,scratch,006.png,0,0,487,15897,0.0,0.0,0.0,0.0,0.97027587890625,0.0,0.02972412109375
metal_nut,scratch,007.png,0,0,911,15473,0.0,0.0,0.0,0.0,0.94439697265625,0.0,0.05560302734375
metal_nut,scratch,008.png,0,0,1156,15228,0.0,0.0,0.0,0.0,0.929443359375,0.0,0.070556640625
metal_nut,scratch,009.png,0,0,1445,14939,0.0,0.0,0.0,0.0,0.91180419921875,0.0,0.08819580078125
metal_nut,scratch,010.png,0,0,1951,14433,0.0,0.0,0.0,0.0,0.88092041015625,0.0,0.11907958984375
metal_nut,scratch,011.png,0,0,976,15408,0.0,0.0,0.0,0.0,0.9404296875,0.0,0.0595703125
metal_nut,scratch,012.png,0,0,2002,14382,0.0,0.0,0.0,0.0,0.8778076171875,0.0,0.1221923828125
metal_nut,scratch,013.png,0,0,707,15677,0.0,0.0,0.0,0.0,0.95684814453125,0.0,0.04315185546875
metal_nut,scratch,014.png,0,0,610,15774,0.0,0.0,0.0,0.0,0.9627685546875,0.0,0.0372314453125
metal_nut,scratch,015.png,0,0,534,15850,0.0,0.0,0.0,0.0,0.9674072265625,0.0,0.0325927734375
metal_nut,scratch,016.png,0,0,901,15483,0.0,0.0,0.0,0.0,0.94500732421875,0.0,0.05499267578125
metal_nut,scratch,017.png,0,0,780,15604,0.0,0.0,0.0,0.0,0.952392578125,0.0,0.047607421875
metal_nut,scratch,018.png,0,0,651,15733,0.0,0.0,0.0,0.0,0.96026611328125,0.0,0.03973388671875
metal_nut,scratch,019.png,0,0,910,15474,0.0,0.0,0.0,0.0,0.9444580078125,0.0,0.0555419921875
metal_nut,scratch,020.png,0,0,558,15826,0.0,0.0,0.0,0.0,0.9659423828125,0.0,0.0340576171875
metal_nut,scratch,021.png,0,0,1135,15249,0.0,0.0,0.0,0.0,0.93072509765625,0.0,0.06927490234375
metal_nut,scratch,022.png,0,0,1209,15175,0.0,0.0,0.0,0.0,0.92620849609375,0.0,0.07379150390625
hazelnut,crack,000.png,92,75,949,15268,0.082437275985663,0.152317880794702,0.5508982035928144,0.0883765609990393,0.9375,0.01019287109375,0.06353759765625
hazelnut,crack,001.png,82,0,954,15348,0.0791505791505791,0.146690518783542,1.0,0.0791505791505791,0.9417724609375,0.0050048828125,0.063232421875
hazelnut,crack,002.png,0,0,218,16166,0.0,0.0,0.0,0.0,0.9866943359375,0.0,0.0133056640625
hazelnut,crack,003.png,0,0,361,16023,0.0,0.0,0.0,0.0,0.97796630859375,0.0,0.02203369140625
hazelnut,crack,004.png,37,0,411,15936,0.0825892857142857,0.1525773195876288,1.0,0.0825892857142857,0.97491455078125,0.00225830078125,0.02734375
hazelnut,crack,005.png,0,0,261,16123,0.0,0.0,0.0,0.0,0.98406982421875,0.0,0.01593017578125
hazelnut,crack,006.png,0,0,666,15718,0.0,0.0,0.0,0.0,0.9593505859375,0.0,0.0406494140625
hazelnut,crack,007.png,159,16,3514,12695,0.0431011114123068,0.0826403326403326,0.9085714285714286,0.0432888646882657,0.7845458984375,0.01068115234375,0.22418212890625
hazelnut,crack,008.png,468,0,1824,14092,0.2041884816753926,0.3391304347826087,1.0,0.2041884816753926,0.888671875,0.028564453125,0.139892578125
hazelnut,crack,009.png,489,0,3456,12439,0.1239543726235741,0.2205683355886332,1.0,0.1239543726235741,0.7890625,0.02984619140625,0.24078369140625
hazelnut,crack,010.png,555,0,3983,11846,0.1223005729396209,0.2179462006675829,1.0,0.1223005729396209,0.75689697265625,0.03387451171875,0.2769775390625
hazelnut,crack,011.png,82,49,1174,15079,0.0628352490421455,0.1182408074981975,0.6259541984732825,0.0652866242038216,0.92535400390625,0.00799560546875,0.07666015625
hazelnut,crack,012.png,0,0,263,16121,0.0,0.0,0.0,0.0,0.98394775390625,0.0,0.01605224609375
hazelnut,crack,013.png,0,0,268,16116,0.0,0.0,0.0,0.0,0.983642578125,0.0,0.016357421875
hazelnut,crack,014.png,0,0,361,16023,0.0,0.0,0.0,0.0,0.97796630859375,0.0,0.02203369140625
hazelnut,crack,015.png,40,0,838,15506,0.0455580865603644,0.0871459694989106,1.0,0.0455580865603644,0.9488525390625,0.00244140625,0.0535888671875
hazelnut,crack,016.png,32,0,445,15907,0.0670859538784067,0.1257367387033398,1.0,0.0670859538784067,0.97283935546875,0.001953125,0.02911376953125
hazelnut,crack,017.png,95,0,2780,13509,0.0330434782608695,0.0639730639730639,1.0,0.0330434782608695,0.830322265625,0.00579833984375,0.17547607421875
hazelnut,cut,000.png,0,85,68,16231,0.0,0.0,0.0,0.0,0.99066162109375,0.00518798828125,0.004150390625
hazelnut,cut,001.png,0,0,257,16127,0.0,0.0,0.0,0.0,0.98431396484375,0.0,0.01568603515625
hazelnut,cut,002.png,14,0,89,16281,0.1359223300970873,0.2393162393162393,1.0,0.1359223300970873,0.99456787109375,0.0008544921875,0.00628662109375
hazelnut,cut,003.png,0,0,92,16292,0.0,0.0,0.0,0.0,0.994384765625,0.0,0.005615234375
hazelnut,cut,004.png,0,0,175,16209,0.0,0.0,0.0,0.0,0.98931884765625,0.0,0.01068115234375
hazelnut,cut,005.png,17,0,87,16280,0.1634615384615384,0.2809917355371901,1.0,0.1634615384615384,0.99468994140625,0.00103759765625,0.00634765625
hazelnut,cut,006.png,0,0,172,16212,0.0,0.0,0.0,0.0,0.989501953125,0.0,0.010498046875
hazelnut,cut,007.png,0,0,118,16266,0.0,0.0,0.0,0.0,0.9927978515625,0.0,0.0072021484375
hazelnut,cut,008.png,0,0,329,16055,0.0,0.0,0.0,0.0,0.97991943359375,0.0,0.02008056640625
hazelnut,cut,009.png,12,0,161,16211,0.0693641618497109,0.1297297297297297,1.0,0.0693641618497109,0.99017333984375,0.000732421875,0.01055908203125
hazelnut,cut,010.png,0,0,95,16289,0.0,0.0,0.0,0.0,0.99420166015625,0.0,0.00579833984375
hazelnut,cut,011.png,0,0,103,16281,0.0,0.0,0.0,0.0,0.99371337890625,0.0,0.00628662109375
hazelnut,cut,012.png,46,12,91,16235,0.3087248322147651,0.4717948717948718,0.7931034482758621,0.3357664233576642,0.99371337890625,0.0035400390625,0.00836181640625
hazelnut,cut,013.png,25,0,153,16206,0.1404494382022472,0.2463054187192118,1.0,0.1404494382022472,0.99066162109375,0.00152587890625,0.0108642578125
hazelnut,cut,014.png,0,0,98,16286,0.0,0.0,0.0,0.0,0.9940185546875,0.0,0.0059814453125
hazelnut,cut,015.png,49,32,93,16210,0.2816091954022988,0.4394618834080717,0.6049382716049383,0.3450704225352112,0.99237060546875,0.00494384765625,0.0086669921875
hazelnut,cut,016.png,0,0,133,16251,0.0,0.0,0.0,0.0,0.99188232421875,0.0,0.00811767578125
hazelnut,hole,000.png,86,0,137,16161,0.3856502242152466,0.5566343042071198,1.0,0.3856502242152466,0.99163818359375,0.0052490234375,0.01361083984375
hazelnut,hole,001.png,0,20,67,16297,0.0,0.0,0.0,0.0,0.99468994140625,0.001220703125,0.00408935546875
hazelnut,hole,002.png,22,0,96,16266,0.1864406779661017,0.3142857142857143,1.0,0.1864406779661017,0.994140625,0.0013427734375,0.0072021484375
hazelnut,hole,003.png,0,0,142,16242,0.0,0.0,0.0,0.0,0.9913330078125,0.0,0.0086669921875
hazelnut,hole,004.png,0,0,190,16194,0.0,0.0,0.0,0.0,0.9884033203125,0.0,0.0115966796875
hazelnut,hole,005.png,0,0,195,16189,0.0,0.0,0.0,0.0,0.98809814453125,0.0,0.01190185546875
hazelnut,hole,006.png,26,12,187,16159,0.1155555555555555,0.2071713147410358,0.6842105263157895,0.1220657276995305,0.98785400390625,0.0023193359375,0.01300048828125
hazelnut,hole,007.png,0,0,39,16345,0.0,0.0,0.0,0.0,0.99761962890625,0.0,0.00238037109375
hazelnut,hole,008.png,0,0,89,16295,0.0,0.0,0.0,0.0,0.99456787109375,0.0,0.00543212890625
hazelnut,hole,009.png,0,0,144,16240,0.0,0.0,0.0,0.0,0.9912109375,0.0,0.0087890625
hazelnut,hole,010.png,52,0,185,16147,0.2194092827004219,0.3598615916955017,1.0,0.2194092827004219,0.98870849609375,0.003173828125,0.01446533203125
hazelnut,hole,011.png,15,12,197,16160,0.0669642857142857,0.1255230125523012,0.5555555555555556,0.070754716981132,0.98724365234375,0.00164794921875,0.012939453125
hazelnut,hole,012.png,0,0,264,16120,0.0,0.0,0.0,0.0,0.98388671875,0.0,0.01611328125
hazelnut,hole,013.png,21,0,361,16002,0.0549738219895288,0.1042183622828784,1.0,0.0549738219895288,0.97796630859375,0.00128173828125,0.0233154296875
hazelnut,hole,014.png,15,0,433,15936,0.0334821428571428,0.0647948164146868,1.0,0.0334821428571428,0.97357177734375,0.00091552734375,0.02734375
hazelnut,hole,015.png,0,0,106,16278,0.0,0.0,0.0,0.0,0.9935302734375,0.0,0.0064697265625
hazelnut,hole,016.png,0,0,481,15903,0.0,0.0,0.0,0.0,0.97064208984375,0.0,0.02935791015625
hazelnut,hole,017.png,19,0,404,15961,0.0449172576832151,0.085972850678733,1.0,0.0449172576832151,0.975341796875,0.00115966796875,0.02581787109375
hazelnut,print,000.png,243,4,385,15752,0.3844936708860759,0.5554285714285714,0.9838056680161944,0.3869426751592357,0.97625732421875,0.01507568359375,0.038330078125
hazelnut,print,001.png,175,4,249,15956,0.4088785046728972,0.5804311774461028,0.9776536312849162,0.4127358490566037,0.98455810546875,0.01092529296875,0.02587890625
hazelnut,print,002.png,219,16,91,16058,0.6717791411042945,0.8036697247706422,0.9319148936170212,0.7064516129032258,0.99346923828125,0.01434326171875,0.0189208984375
hazelnut,print,003.png,69,0,222,16093,0.2371134020618556,0.3833333333333333,1.0,0.2371134020618556,0.9864501953125,0.00421142578125,0.01776123046875
hazelnut,print,004.png,162,287,352,15583,0.2022471910112359,0.3364485981308411,0.3608017817371937,0.3151750972762646,0.96099853515625,0.02740478515625,0.0313720703125
hazelnut,print,005.png,53,0,215,16116,0.1977611940298507,0.3302180685358255,1.0,0.1977611940298507,0.98687744140625,0.00323486328125,0.016357421875
hazelnut,print,006.png,252,2,249,15881,0.5009940357852882,0.6675496688741722,0.9921259842519684,0.5029940119760479,0.98468017578125,0.0155029296875,0.03057861328125
hazelnut,print,007.png,87,0,259,16038,0.2514450867052023,0.4018475750577367,1.0,0.2514450867052023,0.98419189453125,0.00531005859375,0.0211181640625
hazelnut,print,008.png,362,37,96,15889,0.7313131313131314,0.8448074679113186,0.9072681704260652,0.7903930131004366,0.99188232421875,0.02435302734375,0.0279541015625
hazelnut,print,009.png,129,1,359,15895,0.263803680981595,0.4174757281553398,0.9923076923076924,0.2643442622950819,0.97802734375,0.0079345703125,0.02978515625
hazelnut,print,010.png,199,8,211,15966,0.4760765550239234,0.6450567260940032,0.961352657004831,0.4853658536585366,0.98663330078125,0.01263427734375,0.0250244140625
hazelnut,print,011.png,329,3,465,15587,0.4127979924717691,0.5843694493783304,0.9909638554216867,0.4143576826196473,0.971435546875,0.020263671875,0.0484619140625
hazelnut,print,012.png,122,2,206,16054,0.3696969696969697,0.5398230088495575,0.9838709677419356,0.3719512195121951,0.9873046875,0.007568359375,0.02001953125
hazelnut,print,013.png,50,0,269,16065,0.1567398119122257,0.2710027100271002,1.0,0.1567398119122257,0.98358154296875,0.0030517578125,0.01947021484375
hazelnut,print,014.png,53,1,301,16029,0.1492957746478873,0.2598039215686274,0.9814814814814816,0.1497175141242938,0.9815673828125,0.0032958984375,0.0216064453125
hazelnut,print,015.png,0,0,250,16134,0.0,0.0,0.0,0.0,0.9847412109375,0.0,0.0152587890625
hazelnut,print,016.png,197,1,545,15641,0.2651413189771198,0.4191489361702127,0.9949494949494948,0.2654986522911051,0.9666748046875,0.0120849609375,0.0452880859375
