Category,Defect Type,Images,Mean_IoU,Mean_Dice,Mean_Precision,Mean_Recall
bottle,broken_large,20,0.0,0.0,0.0,0.0
bottle,broken_small,22,0.0,0.0,0.0,0.0
bottle,contamination,21,0.0,0.0,0.0,0.0
capsule,crack,23,0.0,0.0,0.0,0.0
capsule,faulty_imprint,22,0.0,0.0,0.0,0.0
capsule,poke,21,0.0,0.0,0.0,0.0
capsule,scratch,23,0.0,0.0,0.0,0.0
capsule,squeeze,20,0.0002930832356389,0.0005827505827505,0.0083333333333333,0.0003019323671497
hazelnut,crack,18,0.052569135957956,0.0948315334732523,0.560301323924307,0.0530457144830122
hazelnut,cut,17,0.0646783233075087,0.1063294046179596,0.3175318658753412,0.0700020185002035
hazelnut,hole,18,0.0615218471489721,0.1010256648254428,0.4022092267706302,0.0620941028940177
hazelnut,print,17,0.3340927918400778,0.4729655685724538,0.8857938987200283,0.3475874669812828
metal_nut,bent,25,0.0,0.0,0.0,0.0
metal_nut,color,22,0.0,0.0,0.0,0.0
metal_nut,flip,23,0.0009617730483912,0.0019127010504077,0.2608695652173913,0.0009617730483912
metal_nut,scratch,23,0.0,0.0,0.0,0.0
screw,manipulated_front,24,0.0,0.0,0.0,0.0
screw,scratch_head,24,0.0,0.0,0.0,0.0
screw,scratch_neck,25,0.0,0.0,0.0,0.0
screw,thread_side,23,0.0,0.0,0.0,0.0
screw,thread_top,23,0.0,0.0,0.0,0.0
