Visualization,Title-Based Name,Supported Format
Defect Distribution Across Selected Categories.html,True,True
Defect Type Distribution in Test Data.html,True,True
Defective Test Image Share by Category.html,True,True
Defective Test Samples and Ground-Truth Masks.png,True,True
Final Dataset Image Counts by Category.html,True,True
Good vs Defective Test Images.html,True,True
Ground-Truth Mask Distribution.html,True,True
Image Aspect Ratio Distribution.html,True,True
Image Color Mode Distribution.html,True,True
Image File Format Distribution.html,True,True
Image Height Distribution.html,True,True
Image Width Distribution.html,True,True
MVTec AD Category Component Availability.html,True,True
Mean Pixel Intensity by Category.html,True,True
Minimum and Maximum Pixel Intensity.html,True,True
Normal and Anomalous Test Image Distribution.html,True,True
Normalized Mean Pixel Distribution.html,True,True
Normalized Pixel Intensity Distribution.html,True,True
Normalized RGB Channel Means by Category.html,True,True
Normalized Training Sample Gallery.png,True,True
Normalized Training Samples.png,True,True
Original Image Aspect Ratio Distribution.html,True,True
Pixel Intensity Variation by Category.html,True,True
Prepared Dataset Size by Category.html,True,True
Preprocessing Dataset Volume by Split.html,True,True
Raw vs Resized Training Samples.png,True,True
Representative Normal and Defective Test Samples.png,True,True
Representative Training Samples.png,True,True
Sample Image Distribution by Category.html,True,True
TensorFlow Augmented Training Batch.png,True,True
TensorFlow Preprocessed Training Batch.png,True,True
Test Normal vs Anomalous Samples.png,True,True
Train vs Test Composition.html,True,True
Training Data Augmentation Preview.png,True,True
Training and Validation Image Distribution.html,True,True
Validation Sample Gallery.png,True,True
VisionGuard_AI_Autoencoder_Parameter_Count_by_Category.html,True,True
VisionGuard_AI_Autoencoder_Parameter_Counts.html,True,True
VisionGuard_AI_Category-Specific_Pixel_Error_Thresholds.html,True,True
VisionGuard_AI_Category_Precision_Recall_Curves.html,True,True
VisionGuard_AI_Category_ROC_Curves.html,True,True
VisionGuard_AI_Defect_Level_Detection_Rate.html,True,True
VisionGuard_AI_Defect_Localization_Dice_Distribution.html,True,True
VisionGuard_AI_Defect_Localization_IoU_Distribution.html,True,True
VisionGuard_AI_Defective_Test_Images_by_Defect_Type_plotly.html,True,True
VisionGuard_AI_Detection_Rate_by_Defect_Type_plotly.html,True,True
VisionGuard_AI_Difficult_Test_Cases_by_Category.html,True,True
VisionGuard_AI_F1_Score_Sensitivity_to_Threshold_Rule.html,True,True
VisionGuard_AI_False_Positive_and_False_Negative_Counts.html,True,True
VisionGuard_AI_False_Positive_and_False_Negative_Counts_plotly.html,True,True
VisionGuard_AI_Final_Category_F1_Score.html,True,True
VisionGuard_AI_Final_Defect_Localization_Scorecard.html,True,True
VisionGuard_AI_Ground_Truth_Match_Rate_for_Defective_Images.html,True,True
VisionGuard_AI_Highest_IoU_Pixel_Localization_bottle_broken_large.png,True,True
VisionGuard_AI_Highest_IoU_Pixel_Localization_capsule_squeeze.png,True,True
VisionGuard_AI_Highest_IoU_Pixel_Localization_hazelnut_print.png,True,True
VisionGuard_AI_Highest_IoU_Pixel_Localization_metal_nut_flip.png,True,True
VisionGuard_AI_Highest_IoU_Pixel_Localization_screw_manipulated_front.png,True,True
VisionGuard_AI_Image_Level_Detection_Metrics.html,True,True
VisionGuard_AI_Image_Level_Detection_Metrics_by_Category_plotly.html,True,True
VisionGuard_AI_Image_Level_Metric_Heatmap_plotly.html,True,True
VisionGuard_AI_Image_and_Pixel_Evaluation_Summary.html,True,True
VisionGuard_AI_IoU_Percentile_Profile.html,True,True
VisionGuard_AI_Localization_IoU_Sensitivity_to_Pixel_Threshold.html,True,True
VisionGuard_AI_Lowest_IoU_Pixel_Localization_bottle_broken_large.png,True,True
VisionGuard_AI_Lowest_IoU_Pixel_Localization_capsule_crack.png,True,True
VisionGuard_AI_Lowest_IoU_Pixel_Localization_hazelnut_crack.png,True,True
VisionGuard_AI_Lowest_IoU_Pixel_Localization_metal_nut_bent.png,True,True
VisionGuard_AI_Lowest_IoU_Pixel_Localization_screw_manipulated_front.png,True,True
VisionGuard_AI_Mean_Defect_Localization_IoU_by_Defect_Type.html,True,True
VisionGuard_AI_Mean_IoU_and_Dice_by_Category.html,True,True
VisionGuard_AI_Mean_Localization_IoU_by_Defect_Type.html,True,True
VisionGuard_AI_Normal_Validation_Error_Percentiles.html,True,True
VisionGuard_AI_Normal_Validation_Flag_Rate_by_Threshold_Rule.html,True,True
VisionGuard_AI_Normal_Validation_Reconstruction_Error_Distribution.html,True,True
VisionGuard_AI_Normal_Versus_Defective_Test_Images.html,True,True
VisionGuard_AI_Normal_versus_Defective_Test_Balance.html,True,True
VisionGuard_AI_Normalized_Anomaly_Score_Bands.html,True,True
VisionGuard_AI_Normalized_Anomaly_Score_Distribution_plotly.html,True,True
VisionGuard_AI_Normalized_Anomaly_Score_by_True_Class.html,True,True
VisionGuard_AI_Normalized_Pooled_ROC_Curve.html,True,True
VisionGuard_AI_Pixel-Level_Localization_Outcomes.html,True,True
VisionGuard_AI_Pixel_IoU_Sensitivity_to_Threshold.html,True,True
VisionGuard_AI_Pixel_Level_Confusion_Counts.html,True,True
VisionGuard_AI_Pixel_Level_Evaluation_Metrics.html,True,True
VisionGuard_AI_Pixel_Localization_Precision_Recall_and_Accuracy.html,True,True
VisionGuard_AI_Pixel_ROC_AUC_by_Category.html,True,True
VisionGuard_AI_Pixel_Reconstruction_Threshold_by_Category.html,True,True
VisionGuard_AI_Precision_Recall_Curves_by_Category_matplotlib.png,True,True
VisionGuard_AI_Precision_Recall_Curves_by_Category_plotly.html,True,True
VisionGuard_AI_Predicted_Anomaly_Coverage_by_Category.html,True,True
VisionGuard_AI_Predicted_Defect_Component_Area_Distribution.html,True,True
VisionGuard_AI_Predicted_Versus_Ground_Truth_Defect_Coverage.html,True,True
VisionGuard_AI_Primary_Anomaly_Threshold_by_Category_matplotlib.png,True,True
VisionGuard_AI_Primary_Anomaly_Threshold_by_Category_plotly.html,True,True
VisionGuard_AI_ROC_Curves_by_Category_matplotlib.png,True,True
VisionGuard_AI_ROC_Curves_by_Category_plotly.html,True,True
VisionGuard_AI_Reconstruction_Error_Versus_Localization_IoU.html,True,True
VisionGuard_AI_Reconstruction_Error_by_Test_Class.html,True,True
VisionGuard_AI_Reconstruction_Error_by_True_Class_plotly.html,True,True
VisionGuard_AI_Reconstruction_MSE_versus_MAE.html,True,True
VisionGuard_AI_Sampled_Pixel_ROC_AUC_by_Category.html,True,True
VisionGuard_AI_Test_Images_by_Actual_Defect_Type.html,True,True
VisionGuard_AI_Test_Images_by_Defect_Type.html,True,True
VisionGuard_AI_Test_Reconstruction_Error_by_True_Class.html,True,True
VisionGuard_AI_Threshold_Margin_Distribution.html,True,True
VisionGuard_AI_Threshold_Margin_Distribution_plotly.html,True,True
VisionGuard_AI_Threshold_Sensitivity_Using_F1_Score_plotly.html,True,True
VisionGuard_AI_bottle_Anomaly_Detection_Sample_Predictions_matplotlib.png,True,True
VisionGuard_AI_bottle_Best_IoU_Example_Defect_Localization_Diagnostic.png,True,True
VisionGuard_AI_bottle_Classification_Errors.png,True,True
VisionGuard_AI_bottle_Confusion_Matrix.png,True,True
VisionGuard_AI_bottle_Confusion_Matrix_matplotlib.png,True,True
VisionGuard_AI_bottle_Confusion_Matrix_plotly.html,True,True
VisionGuard_AI_bottle_Ground_Truth_Alignment.png,True,True
VisionGuard_AI_bottle_Highest_Reconstruction_Error_Defect_Localization_Diagnostic.png,True,True
VisionGuard_AI_bottle_Normal_vs_Defective_Reconstruction_Errors_matplotlib.png,True,True
VisionGuard_AI_bottle_Normal_vs_Defective_Reconstruction_Errors_plotly.html,True,True
VisionGuard_AI_bottle_Original_Reconstruction_Error_Map.png,True,True
VisionGuard_AI_bottle_Original_Reconstruction_and_Error_Map_matplotlib.png,True,True
VisionGuard_AI_bottle_Predicted_Defect_Bounding_Regions.png,True,True
VisionGuard_AI_bottle_Reconstruction_Error_and_Threshold.png,True,True
VisionGuard_AI_bottle_Worst_IoU_Example_Defect_Localization_Diagnostic.png,True,True
VisionGuard_AI_capsule_Anomaly_Detection_Sample_Predictions_matplotlib.png,True,True
VisionGuard_AI_capsule_Best_IoU_Example_Defect_Localization_Diagnostic.png,True,True
VisionGuard_AI_capsule_Classification_Errors.png,True,True
VisionGuard_AI_capsule_Confusion_Matrix.png,True,True
VisionGuard_AI_capsule_Confusion_Matrix_matplotlib.png,True,True
VisionGuard_AI_capsule_Confusion_Matrix_plotly.html,True,True
VisionGuard_AI_capsule_Ground_Truth_Alignment.png,True,True
VisionGuard_AI_capsule_Highest_Reconstruction_Error_Defect_Localization_Diagnostic.png,True,True
VisionGuard_AI_capsule_Normal_vs_Defective_Reconstruction_Errors_matplotlib.png,True,True
VisionGuard_AI_capsule_Normal_vs_Defective_Reconstruction_Errors_plotly.html,True,True
VisionGuard_AI_capsule_Original_Reconstruction_Error_Map.png,True,True
VisionGuard_AI_capsule_Original_Reconstruction_and_Error_Map_matplotlib.png,True,True
VisionGuard_AI_capsule_Predicted_Defect_Bounding_Regions.png,True,True
VisionGuard_AI_capsule_Reconstruction_Error_and_Threshold.png,True,True
VisionGuard_AI_capsule_Worst_IoU_Example_Defect_Localization_Diagnostic.png,True,True
VisionGuard_AI_hazelnut_Anomaly_Detection_Sample_Predictions_matplotlib.png,True,True
VisionGuard_AI_hazelnut_Best_IoU_Example_Defect_Localization_Diagnostic.png,True,True
VisionGuard_AI_hazelnut_Classification_Errors.png,True,True
VisionGuard_AI_hazelnut_Confusion_Matrix.png,True,True
VisionGuard_AI_hazelnut_Confusion_Matrix_matplotlib.png,True,True
VisionGuard_AI_hazelnut_Confusion_Matrix_plotly.html,True,True
VisionGuard_AI_hazelnut_Ground_Truth_Alignment.png,True,True
VisionGuard_AI_hazelnut_Highest_Reconstruction_Error_Defect_Localization_Diagnostic.png,True,True
VisionGuard_AI_hazelnut_Normal_vs_Defective_Reconstruction_Errors_matplotlib.png,True,True
VisionGuard_AI_hazelnut_Normal_vs_Defective_Reconstruction_Errors_plotly.html,True,True
VisionGuard_AI_hazelnut_Original_Reconstruction_Error_Map.png,True,True
VisionGuard_AI_hazelnut_Original_Reconstruction_and_Error_Map_matplotlib.png,True,True
VisionGuard_AI_hazelnut_Predicted_Defect_Bounding_Regions.png,True,True
VisionGuard_AI_hazelnut_Reconstruction_Error_and_Threshold.png,True,True
VisionGuard_AI_hazelnut_Worst_IoU_Example_Defect_Localization_Diagnostic.png,True,True
VisionGuard_AI_metal_nut_Anomaly_Detection_Sample_Predictions_matplotlib.png,True,True
VisionGuard_AI_metal_nut_Best_IoU_Example_Defect_Localization_Diagnostic.png,True,True
VisionGuard_AI_metal_nut_Classification_Errors.png,True,True
VisionGuard_AI_metal_nut_Confusion_Matrix.png,True,True
VisionGuard_AI_metal_nut_Confusion_Matrix_matplotlib.png,True,True
VisionGuard_AI_metal_nut_Confusion_Matrix_plotly.html,True,True
VisionGuard_AI_metal_nut_Ground_Truth_Alignment.png,True,True
VisionGuard_AI_metal_nut_Highest_Reconstruction_Error_Defect_Localization_Diagnostic.png,True,True
VisionGuard_AI_metal_nut_Normal_vs_Defective_Reconstruction_Errors_matplotlib.png,True,True
VisionGuard_AI_metal_nut_Normal_vs_Defective_Reconstruction_Errors_plotly.html,True,True
VisionGuard_AI_metal_nut_Original_Reconstruction_Error_Map.png,True,True
VisionGuard_AI_metal_nut_Original_Reconstruction_and_Error_Map_matplotlib.png,True,True
VisionGuard_AI_metal_nut_Predicted_Defect_Bounding_Regions.png,True,True
VisionGuard_AI_metal_nut_Reconstruction_Error_and_Threshold.png,True,True
VisionGuard_AI_metal_nut_Worst_IoU_Example_Defect_Localization_Diagnostic.png,True,True
VisionGuard_AI_screw_Anomaly_Detection_Sample_Predictions_matplotlib.png,True,True
VisionGuard_AI_screw_Best_IoU_Example_Defect_Localization_Diagnostic.png,True,True
VisionGuard_AI_screw_Classification_Errors.png,True,True
VisionGuard_AI_screw_Confusion_Matrix.png,True,True
VisionGuard_AI_screw_Confusion_Matrix_matplotlib.png,True,True
VisionGuard_AI_screw_Confusion_Matrix_plotly.html,True,True
VisionGuard_AI_screw_Ground_Truth_Alignment.png,True,True
VisionGuard_AI_screw_Highest_Reconstruction_Error_Defect_Localization_Diagnostic.png,True,True
VisionGuard_AI_screw_Normal_vs_Defective_Reconstruction_Errors_matplotlib.png,True,True
VisionGuard_AI_screw_Normal_vs_Defective_Reconstruction_Errors_plotly.html,True,True
VisionGuard_AI_screw_Original_Reconstruction_Error_Map.png,True,True
VisionGuard_AI_screw_Original_Reconstruction_and_Error_Map_matplotlib.png,True,True
VisionGuard_AI_screw_Predicted_Defect_Bounding_Regions.png,True,True
VisionGuard_AI_screw_Reconstruction_Error_and_Threshold.png,True,True
VisionGuard_AI_screw_Worst_IoU_Example_Defect_Localization_Diagnostic.png,True,True
bottle_reconstruction_error.html,True,True
bottle_reconstruction_error.png,True,True
bottle_reconstruction_preview.png,True,True
bottle_training_loss.html,True,True
bottle_training_loss.png,True,True
bottle_training_mae.html,True,True
bottle_training_mae.png,True,True
capsule_reconstruction_error.html,True,True
capsule_reconstruction_error.png,True,True
capsule_reconstruction_preview.png,True,True
capsule_training_loss.html,True,True
capsule_training_loss.png,True,True
capsule_training_mae.html,True,True
capsule_training_mae.png,True,True
dataset_components_by_category.html,True,True
defect_distribution_across_selected_categories.html,True,True
defective_images_ground_truth_and_overlay.png,True,True
defective_test_image_share.html,True,True
defective_test_image_share_by_category.html,True,True
defective_test_samples_and_ground-truth_masks.png,True,True
final_dataset_image_counts_by_category.html,True,True
final_visionguard_ai_dataset_validation.html,True,True
good_vs_defective_test_images.html,True,True
ground-truth_mask_distribution.html,True,True
ground-truth_masks_by_category.html,True,True
hazelnut_reconstruction_error.html,True,True
hazelnut_reconstruction_error.png,True,True
hazelnut_reconstruction_preview.png,True,True
hazelnut_training_loss.html,True,True
hazelnut_training_loss.png,True,True
hazelnut_training_mae.html,True,True
hazelnut_training_mae.png,True,True
image_aspect_ratio_distribution.html,True,True
image_color_mode_distribution.html,True,True
image_dimensions_by_category.html,True,True
image_file_extension_distribution.html,True,True
image_file_format_distribution.html,True,True
image_height_distribution.html,True,True
image_width_distribution.html,True,True
mean_pixel_intensity.html,True,True
mean_pixel_intensity_by_category.html,True,True
metal_nut_reconstruction_error.html,True,True
metal_nut_reconstruction_error.png,True,True
metal_nut_reconstruction_preview.png,True,True
metal_nut_training_loss.html,True,True
metal_nut_training_loss.png,True,True
metal_nut_training_mae.html,True,True
metal_nut_training_mae.png,True,True
minimum_and_maximum_pixel_intensities.html,True,True
minimum_and_maximum_pixel_intensity.html,True,True
mvtec_ad_category_component_availability.html,True,True
normal_and_defective_test_samples.png,True,True
pixel_intensity_variation.html,True,True
pixel_intensity_variation_by_category.html,True,True
prepared_dataset_size_by_category.html,True,True
prepared_dataset_structure_validation.html,True,True
representative_normal_and_defective_test_samples.png,True,True
representative_training_samples.png,True,True
requested_mvtec_category_availability.html,True,True
sample_image_distribution_by_category.html,True,True
screw_reconstruction_error.html,True,True
screw_reconstruction_error.png,True,True
screw_reconstruction_preview.png,True,True
screw_training_loss.html,True,True
screw_training_loss.png,True,True
screw_training_mae.html,True,True
screw_training_mae.png,True,True
test_images_by_actual_mvtec_defect_directory.html,True,True
test_images_by_category.html,True,True
train_vs_test_composition.html,True,True
training_and_test_image_composition.html,True,True
training_images_by_category.html,True,True
training_samples.png,True,True
